tree
version=v4
num_class=1
num_tree_per_iteration=1
label_index=0
max_feature_idx=33
objective=binary sigmoid:1
feature_names=is_capitalized is_all_caps is_all_lower has_digits has_punctuation has_hyphen char_length vowel_ratio word_shape_Xxxxx word_shape_XXXXX word_shape_xxxxx word_shape_digits is_first_name is_last_name is_any_name is_city is_country is_stop_word is_company_suffix is_known_company is_title looks_like_email looks_like_phone looks_like_date looks_like_url looks_like_currency prev_is_title prev_is_capitalized next_is_capitalized has_person_context has_location_context has_org_context position_start position_end
feature_infos=[0:1] [0:1] [0:1] [0:1] [0:1] [0:1] [1:145] [0:1] [0:1] [0:1] [0:1] [0:1] [0:1] [0:1] [0:1] [0:1] [0:1] [0:1] [0:1] [0:1] [0:1] [0:1] [0:1] [0:1] [0:1] [0:1] [0:1] [0:1] [0:1] [0:1] [0:1] [0:1] [0:1] [0:1]
tree_sizes=3401 3383 3431 3419 3430 3398 3418 3434 3441 3458 3424 3452 3446 3456 3442 3458 3498 3438 3457 3452 3464 3469 3455 3471 3439 3476 3444 3453 3458 3441 3478 3477 3468 3499 3465 3472 3484 3469 3454 3466 3487 3476 3465 3474 3473 3477 3454 3464 3478 3480 3491 3502 3491 3500 3497 3528 3468 3490 3484 3492 3501 3489 3484 3484 3466 3520 3482 3499 3464 3500 3542 3467 3494 3485 3479 3511 3510 3492 3510 3500 3476 3482 3471 3482 3503 3505 3489 3502 3552 3537 3476 3508 3492 3470 3487 3531 3503 3497 3468 3501 3529 3478 3512 3522 3517 3510 3506 3499 3509 3478 3514 3514 3512 3480 3481 3512 3481 3483 3494 3498 3499 3493 3500 3497 3494 3491 3524 3529 3530 3484 3548 3519 3476 3474 3473 3516 3534 3510 3543 3532 3519 3542 3498 3490 3515 3559 3493 3507 3507 3520 3501 3485 3516 3502 3492 3500 3483 3524 3483 3519 3525 3514 3522 3529 3542 3491 3486 3521 3531 3546 3522 3529 3565 3530 3501 3511 3536 3492 3516 3539 3526 3539 3534 3532 3532 3489 3576 3514 3516 3508 3518 3514 3488 3506 3489 3480 3478 3479 3495 3493

Tree=0
num_leaves=31
num_cat=0
split_feature=0 14 7 8 28 1 7 33 29 33 30 9 29 1 7 8 7 1 28 26 28 10 7 7 7 7 7 30 29 30
split_gain=482577 29453.3 12686.5 7123.31 6043.68 2203.02 1850.8 1816.24 1570.36 1930.2 1457.43 1176.28 1189.73 953.239 913.796 904.974 818.974 732.496 610.745 485.925 416.172 395.13 341.545 800.704 323.516 503.039 353.029 303.196 254.897 284.897
threshold=1.0000000180025095e-35 1.0000000180025095e-35 0.44722222222222224 1.0000000180025095e-35 1.0000000180025095e-35 1.0000000180025095e-35 0.21525096525096529 1.0000000180025095e-35 1.0000000180025095e-35 1.0000000180025095e-35 1.0000000180025095e-35 1.0000000180025095e-35 1.0000000180025095e-35 1.0000000180025095e-35 0.11805555555555557 1.0000000180025095e-35 0.12916666666666668 1.0000000180025095e-35 1.0000000180025095e-35 1.0000000180025095e-35 1.0000000180025095e-35 1.0000000180025095e-35 0.2834821428571429 0.29705882352941182 0.31789473684210529 0.21525096525096529 0.35504201680672276 1.0000000180025095e-35 1.0000000180025095e-35 1.0000000180025095e-35
decision_type=2 2 2 2 2 2 2 2 2 2 2 2 2 2 2 2 2 2 2 2 2 2 2 2 2 2 2 2 2 2
left_child=21 2 3 4 5 28 14 11 9 19 -10 12 15 16 -5 17 -6 -4 -17 22 -12 -1 -8 -24 25 -18 -26 -16 29 -2
right_child=1 -3 7 6 13 -7 8 -9 10 -11 20 -13 -14 -15 27 18 24 -19 -20 -21 -22 -23 23 -25 26 -27 -28 -29 -30 -31
leaf_value=-2.8303390237295467 -2.0061841828104319 -1.9368851643911835 -2.1670377004950709 -2.5485367027847197 -2.8824441495684341 -2.8824418414850315 -2.5954481931419169 -2.0266552564383056 -1.9850307090648618 -1.9802308979586127 -2.7844660499494855 -2.8825709933594457 -2.2453153850431304 -2.8824852916408878 -2.0042393065101041 -2.8470171550321859 -2.0999142857798287 -2.8823787517594726 -2.5633281028895438 -1.9348039758493449 -2.2596103391772151 -2.8825928518577784 -2.2085291874710316 -2.4764104448002113 -2.1182060072312758 -2.574149000521829 -2.3649374723733061 -2.364680245045971 -1.9426868275303213 -2.3863540861131627
leaf_weight=418.97447380423546 228.65287685394287 2577.5986171215773 14.110974401235582 10.072525322437285 6.8953098207712165 6.7900379151105872 41.043793439865112 11.794992476701735 43.143790349364281 23.318410784006119 8.571265906095503 46.267002537846565 21.130614459514618 9.5271074622869474 62.301691338419914 47.355568736791611 7.5208163708448437 4.789871707558631 31.638746693730354 4.4320839643478385 6.7480658888816825 2651.062400251627 32.468672171235085 199.00021404027939 27.52928701043129 21.829401135444641 30.895718470215797 6.4932805299758902 270.54021289944649 5.080504208803176
leaf_count=7548 574 3112 78 128 131 129 558 34 91 47 147 879 148 181 154 868 32 91 411 5 49 50366 205 2260 127 288 286 60 356 49
internal_value=-2.40903 -2.03295 -2.23428 -2.16842 -2.05873 -1.98797 -2.32266 -2.62585 -2.3709 -2.4171 -2.13378 -2.66865 -2.5855 -2.40586 -2.10331 -2.65898 -2.35789 -2.34828 -2.73338 -2.45391 -2.55302 -2.87546 -2.46239 -2.43881 -2.31667 -2.45241 -2.24857 -2.03818 -1.97592 -2.01443
internal_weight=6877.58 3807.54 1229.94 1052.86 615.261 511.064 437.594 177.088 358.726 300.263 58.4631 165.293 119.026 104.198 78.8675 97.8952 94.6705 18.9008 78.9943 276.945 15.3193 3070.04 272.513 231.469 87.7752 29.3502 58.425 68.795 504.274 233.733
internal_count=69392 11478 8366 5857 2153 1108 3704 2509 3362 3075 287 2475 1596 1045 342 1448 864 169 1279 3028 196 57914 3023 2465 733 320 413 214 979 623
is_linear=0
shrinkage=1


Tree=1
num_leaves=31
num_cat=0
split_feature=2 17 7 1 0 0 6 14 7 7 14 32 6 6 7 7 1 6 6 7 32 30 6 32 6 6 6 6 6 30
split_gain=150512 11914.5 3185.58 1686.39 1472.82 689.854 875.013 663.971 540.492 536.235 290.299 714.226 364.493 318.782 233.633 225.955 225.504 189.034 183.039 181.679 168.823 154.14 184.071 148.689 119.747 106.005 99.505 96.4348 140.095 114.599
threshold=1.0000000180025095e-35 1.0000000180025095e-35 0.10263157894736843 1.0000000180025095e-35 1.0000000180025095e-35 1.0000000180025095e-35 9.5000000000000018 1.0000000180025095e-35 0.44722222222222224 0.24126984126984127 1.0000000180025095e-35 1.0000000180025095e-35 4.5000000000000009 7.5000000000000009 0.31789473684210529 0.39444444444444454 1.0000000180025095e-35 6.5000000000000009 6.5000000000000009 0.58571428571428574 1.0000000180025095e-35 1.0000000180025095e-35 6.5000000000000009 1.0000000180025095e-35 4.5000000000000009 5.5000000000000009 2.5000000000000004 11.500000000000002 16.500000000000004 1.0000000180025095e-35
decision_type=2 2 2 2 2 2 2 2 2 2 2 2 2 2 2 2 2 2 2 2 2 2 2 2 2 2 2 2 2 2
left_child=1 2 4 5 -1 9 10 8 20 -4 11 12 -7 25 -15 21 23 19 24 -17 27 22 -13 -6 -11 -14 -25 -8 29 -29
right_child=-2 -3 3 -5 16 6 7 -9 -10 18 -12 15 13 14 -16 17 -18 -19 -20 -21 -22 -23 -24 26 -26 -27 -28 28 -30 -31
leaf_value=-0.052932293339110703 -0.052816229891833835 -0.053777235892920827 -0.052574647364411989 -0.053051930118210668 0.37043836592160279 0.29034319078347531 0.29013526493196934 0.39680309541466441 -0.053954284131713021 -0.052105705836105964 0.39570756286469577 0.40822977473610167 0.3682701878246003 0.3868824707975585 0.30978333922121493 0.044070253809067157 -0.052541376485462143 0.34191186223031106 0.7273097617795341 0.69231054543079473 -0.053869165019315116 -0.053969976511253681 0.21921297942934742 0.39445872683099276 0.54133375058209487 0.40642754913834545 -0.052605077556902219 0.016021022750091058 0.38673305351490006 0.3099521170065615
leaf_weight=59.336569368839264 2854.2606338188052 159.90798689424992 2.7353737652301779 21.751645389944315 43.387380126863718 107.17492593079805 89.980157427489758 85.303558826446533 16.062089662998915 1.2098768576979662 5274.3284096345305 27.217847719788551 228.11213530227542 189.83255814388394 204.79567876458168 25.747472319751981 3.9670505262911311 8.4922782219946367 25.889916360378265 1.1185263395309437 4.2453358918428412 2.927677944302558 24.567969471216202 1.8544251918792714 2.8238020241260529 935.07537386566401 3.7339825294911861 11.773903474211698 5.6960157416760913 4.6091374419629565
leaf_count=1128 56552 2591 52 416 113 639 387 46 245 23 2958 75 577 301 782 332 79 55 112 1 61 41 187 1 22 1376 73 124 14 29
internal_value=0.256614 0.373228 0.382438 0.386502 0.118116 0.387816 0.386781 0.288009 0.217868 0.617188 0.389839 0.372201 0.379621 0.385761 0.346881 0.235002 0.309806 0.136406 0.678426 0.0713249 0.255413 0.298674 0.318627 0.339171 0.363523 0.398948 0.0960963 0.267139 0.173308 0.0988835
internal_weight=10427.9 7573.66 7413.75 7301.47 112.279 7279.72 7247.06 217.67 132.367 32.659 7029.39 1755.06 1664.99 1557.82 394.628 90.0718 52.9428 35.3583 29.9236 26.866 116.305 54.7135 51.7858 48.9758 4.03368 1163.19 5.58841 112.059 22.0791 16.383
internal_count=69392 12840 10249 8855 1394 8439 8230 906 860 209 7324 4366 3675 3036 1083 691 266 388 157 333 615 303 262 187 45 1953 74 554 167 153
is_linear=0
shrinkage=0.05


Tree=2
num_leaves=31
num_cat=0
split_feature=0 9 6 12 27 27 12 28 8 6 10 7 6 27 7 29 30 6 8 32 32 7 28 29 4 32 6 7 28 6
split_gain=87706 2310.81 1150.15 1064.69 1281.64 632.664 3542.17 1068.64 858.101 442.448 376.291 320.052 217.242 416.835 190.592 185.823 174.247 169.514 144.389 268.405 205.719 143.484 143.185 155.585 141.979 342.635 141.725 145.957 124.61 110.947
threshold=1.0000000180025095e-35 1.0000000180025095e-35 3.5000000000000004 1.0000000180025095e-35 1.0000000180025095e-35 1.0000000180025095e-35 1.0000000180025095e-35 1.0000000180025095e-35 1.0000000180025095e-35 7.5000000000000009 1.0000000180025095e-35 0.2834821428571429 6.5000000000000009 1.0000000180025095e-35 0.2834821428571429 1.0000000180025095e-35 1.0000000180025095e-35 5.5000000000000009 1.0000000180025095e-35 1.0000000180025095e-35 1.0000000180025095e-35 0.24126984126984127 1.0000000180025095e-35 1.0000000180025095e-35 1.0000000180025095e-35 1.0000000180025095e-35 2.5000000000000004 0.31789473684210529 1.0000000180025095e-35 5.5000000000000009
decision_type=2 2 2 2 2 2 2 2 2 2 2 2 2 2 2 2 2 2 2 2 2 2 2 2 2 2 2 2 2 2
left_child=10 2 3 4 22 6 7 8 11 15 12 -4 -1 -14 -15 16 17 21 19 -19 -20 -9 -2 -24 25 -11 -6 -28 -16 -13
right_child=1 -3 5 -5 26 -7 -8 9 -10 24 -12 29 13 14 28 -17 -18 18 20 -21 -22 -23 23 -25 -26 -27 27 -29 -30 -31
leaf_value=-0.043447797685800642 -0.054151771400578114 -0.05285848058917561 -0.016639859735361983 0.27622792070875007 0.096229347685227229 0.28515191815256236 0.28250460900020752 0.26482950050795223 -0.034669677695276339 0.081108543891102114 -0.052655023602265698 -0.058510658099043378 0.0051421389484699502 -0.052786102657511616 0.12766928881911496 0.300833988413999 -0.056845049157357344 0.28137606702237911 0.21161863513799084 -0.056044728653867538 0.40094266421134084 0.11619200825562921 -0.001746344388367552 0.27418347925447345 0.0059273004233394398 0.39077452862461021 -0.05430205952629788 0.26934488147836438 0.36449475720639096 0.21918479158814846
leaf_weight=179.1228426322341 74.980941411107779 54.833325907588005 19.963047835975885 179.97160655260086 16.49618411809206 6298.6291471533477 2497.5279685854912 23.30703542381525 118.63920687139034 42.738255072385073 2411.8975284695625 3.7624799683690062 216.2348299510777 5.6603967212140587 9.2335201539099216 72.513912491500378 6.1186693198978892 17.340287141501904 28.132720023393631 8.9178472310304659 29.409574121236801 53.66406325250864 15.745819617062809 7.5496649146080008 27.278310403227806 11.28839176520705 3.6272725425660601 84.600695632398129 14.019703958183527 78.571090910583735
leaf_count=3502 1147 1116 149 108 151 4236 1068 25 1346 330 50366 30 3777 110 106 76 59 33 111 98 30 431 205 8 272 27 50 185 53 187
internal_value=0.199778 0.2708 0.272626 0.187687 0.109177 0.276109 0.257366 0.141449 0.0568269 0.199741 -0.0450165 0.162939 -0.00159191 0.0289895 0.207254 0.233967 0.204894 0.214861 0.264086 0.166784 0.308443 0.161235 -0.0205081 0.0877356 0.0989377 0.14588 0.230873 0.256029 0.270572 0.206483
internal_weight=12611.8 9775.61 9720.77 382.972 203.001 9337.8 3039.17 541.645 220.936 320.709 2836.17 102.297 424.271 245.148 28.9136 239.404 166.89 160.772 83.8004 26.2581 57.5423 76.9711 98.2764 23.2955 81.305 54.0266 104.724 88.228 23.2532 82.3336
internal_count=69392 11478 10362 1854 1746 8508 4272 3204 1712 1492 57914 366 7548 4046 269 863 787 728 272 131 141 456 1360 213 629 357 386 235 159 217
is_linear=0
shrinkage=0.05


Tree=3
num_leaves=31
num_cat=0
split_feature=2 9 7 0 14 27 28 8 7 0 29 32 4 0 7 7 4 30 7 27 12 30 7 29 8 7 7 7 7 7
split_gain=61377.3 1514.72 911.884 718.186 520.02 3051.08 946.584 1344.76 338.724 248.326 303.134 198.777 419.824 185.866 169.467 178.884 147.219 99.8993 87.0889 86.7886 172.998 85.2097 72.6882 88.0701 51.8353 89.3887 81.1297 50.9049 50.7696 50.699
threshold=1.0000000180025095e-35 1.0000000180025095e-35 0.10263157894736843 1.0000000180025095e-35 1.0000000180025095e-35 1.0000000180025095e-35 1.0000000180025095e-35 1.0000000180025095e-35 0.2834821428571429 1.0000000180025095e-35 1.0000000180025095e-35 1.0000000180025095e-35 1.0000000180025095e-35 1.0000000180025095e-35 0.39444444444444454 0.42481203007518803 1.0000000180025095e-35 1.0000000180025095e-35 0.46862745098039221 1.0000000180025095e-35 1.0000000180025095e-35 1.0000000180025095e-35 0.44722222222222224 1.0000000180025095e-35 1.0000000180025095e-35 0.21525096525096529 0.2834821428571429 0.46862745098039221 0.36939571150097467 0.31789473684210529
decision_type=2 2 2 2 2 2 2 2 2 2 2 2 2 2 2 2 2 2 2 2 2 2 2 2 2 2 2 2 2 2
left_child=1 2 3 -1 5 6 7 8 -4 -8 11 21 14 16 28 -16 17 -10 -17 20 -5 24 -7 27 26 -26 -11 -24 -13 -27
right_child=-2 -3 4 19 -6 22 9 -9 13 10 -12 12 -14 -15 15 18 -18 -19 -20 -21 -22 -23 23 -25 25 29 -28 -29 -30 -31
leaf_value=-0.052660188224704529 -0.052549463949891385 -0.052711320011656917 -0.021013681704947842 -0.053488620072375682 0.22492334447603224 0.22902199337005974 0.36877748745844235 -0.054743993923092385 -0.054925235723933985 -0.056256367386150245 0.22469228400024652 0.24142254653505721 -0.055491333365221218 0.16126332808799382 -0.054897449155051438 0.32131853473403726 0.4127880045763293 0.40084059864490806 0.12992581262288794 0.21496329603588077 0.23034501828029269 -0.056048406311155013 -0.054851328594359032 0.26581262985406973 0.20784118379900385 -0.057503616336749219 0.15785537414198084 0.17523340535887122 0.36557063245787935 0.062863740789809094
leaf_weight=54.446796286851168 2608.0054094977677 52.301041461527348 22.831457186490297 10.098139628767967 8396.1985567063093 2287.6642327830195 13.867429099977015 166.31319890543818 3.4471050538122663 4.9842215143144122 102.88019897788763 50.130898326635361 17.557713583111763 98.302329313009977 9.9815381765365583 8.8501363098621386 14.360252033919096 1.833467476069927 18.189154036343098 57.893001519143581 11.43920636177063 10.796773325651882 2.4530573412775984 30.976075164973736 9.3342667743563634 10.617960721254347 38.830582186579704 104.20029186457396 9.9314906597137433 49.399858601391315
leaf_count=1128 56552 1116 207 175 3090 2192 38 2332 44 55 135 84 206 257 121 6 25 4 160 132 4 113 30 32 11 102 168 470 5 398
internal_value=0.166742 0.215748 0.216957 0.0872034 0.21847 0.20092 0.105815 0.0415158 0.155238 0.161376 0.152942 0.121994 0.169454 0.18936 0.210143 0.125921 0.329804 0.103685 0.192684 0.183076 0.0972787 0.07809 0.226896 0.191533 0.0908958 0.0639696 0.13348 0.169932 0.262017 0.0415548
internal_weight=14278.1 11670.1 11617.8 133.877 11483.9 3087.73 662.44 307.088 140.775 355.352 341.485 238.605 114.641 117.943 97.0832 37.0208 19.6408 5.28057 27.0393 79.4303 21.5373 123.964 2425.29 137.629 113.167 69.3521 43.8148 106.653 60.0624 60.0178
internal_count=69392 12840 11724 1439 10285 7195 4471 2869 537 1602 1564 1429 582 330 376 287 73 48 166 311 179 847 2724 532 734 511 223 500 89 500
is_linear=0
shrinkage=0.05


Tree=4
num_leaves=31
num_cat=0
split_feature=0 17 10 6 6 27 27 12 27 12 28 8 6 13 4 6 3 8 6 7 7 6 7 29 6 13 7 7 4 8
split_gain=44820.7 3433.53 362.807 237.231 182.684 256.025 150.855 234.116 147.883 1114.53 506.898 364.959 272.501 228.967 152.951 124.599 122.895 99.0022 97.9737 89.9835 73.9132 69.7657 63.8178 56.5523 74.641 90.249 157.123 50.3679 44.9825 90.9427
threshold=1.0000000180025095e-35 1.0000000180025095e-35 1.0000000180025095e-35 9.5000000000000018 6.5000000000000009 1.0000000180025095e-35 1.0000000180025095e-35 1.0000000180025095e-35 1.0000000180025095e-35 1.0000000180025095e-35 1.0000000180025095e-35 1.0000000180025095e-35 5.5000000000000009 1.0000000180025095e-35 1.0000000180025095e-35 7.5000000000000009 1.0000000180025095e-35 1.0000000180025095e-35 11.500000000000002 0.31789473684210529 0.2834821428571429 23.500000000000004 0.2834821428571429 1.0000000180025095e-35 5.5000000000000009 1.0000000180025095e-35 0.31789473684210529 0.58571428571428574 1.0000000180025095e-35 1.0000000180025095e-35
decision_type=2 2 2 2 2 2 2 2 2 2 2 2 2 2 2 2 2 2 2 2 2 2 2 2 2 2 2 2 2 2
left_child=2 3 4 8 -1 16 7 17 9 10 11 12 -2 -13 23 19 21 -5 20 -16 -7 -6 -14 24 25 26 -12 -28 29 -8
right_child=1 -3 -4 6 5 18 28 -9 -10 -11 14 13 22 -15 15 -17 -18 -19 -20 -21 -22 -23 -24 -25 -26 -27 27 -29 -30 -31
leaf_value=-0.042531733099004099 -0.057867154381885513 -0.053943462546315823 -0.052389807896186968 0.078356534622576468 -0.0053438594686834283 -0.052389294572245476 -0.059190635909455926 0.19036408040442176 0.19040950995720674 0.18981307810249706 0.16729871551531297 -0.055688782584900842 0.027793284898907724 0.20559725170772705 0.0055005150833192171 -0.056472439281757686 0.23023065674230017 -0.054679370983194579 -0.054111813123470222 0.1564196413946948 0.20414468619737069 0.24839461274249636 0.16382174232051305 0.18992397605013317 0.1711709219224313 0.18469140268626261 -0.0057104960212963421 0.20015702027022497 0.19099309781974697 0.15560184347321984
leaf_weight=166.00691249966621 19.535255707800388 151.45306303724647 2193.0795967653394 42.799842394888401 209.28310136124492 3.1039553657174137 5.0938841402530661 39.129338264465332 8477.7265452109277 3383.2284867316484 29.177551940083504 77.10145366564393 9.716297045350073 9.3970871865749341 13.821858633309601 13.871324423700569 5.841119308024644 20.75620174407959 5.2333860248327246 34.661531109362841 28.777132622897625 2.7344955615699282 77.531265310943127 112.19804462790489 130.33537742495537 30.26370695233345 33.942532412707806 3.2457268238067618 105.55082725733519 144.30135948210955
leaf_count=3502 207 2591 50366 255 3739 66 59 12 4167 1089 76 896 64 10 178 143 29 288 88 91 115 9 124 100 373 25 366 13 120 231
internal_value=0.144643 0.182724 -0.0442286 0.185522 -0.00171197 0.0248635 0.145354 0.0941588 0.186675 0.178716 0.115591 0.0490558 0.11089 -0.0272767 0.147616 0.0756113 0.00417863 0.0348999 0.146234 0.113415 0.179144 -0.00205735 0.148684 0.16085 0.146467 0.113128 0.0804632 0.0122928 0.165967 0.148271
internal_weight=15578.9 12964.8 2614.06 12813.4 420.98 254.973 357.631 102.685 12455.8 3978.03 594.799 193.281 106.783 86.4985 401.518 62.3547 217.859 63.556 37.1145 48.4834 31.8811 212.018 87.2476 339.163 226.965 96.6295 66.3658 37.1883 254.946 149.395
internal_count=69392 11478 57914 8887 7548 4046 965 555 7922 3755 2666 1301 395 906 1365 412 3777 543 269 269 181 3748 188 953 853 480 455 379 410 290
is_linear=0
shrinkage=0.05


Tree=5
num_leaves=31
num_cat=0
split_feature=2 17 1 6 25 6 27 12 28 8 6 7 7 7 6 7 0 5 33 0 27 12 7 7 0 8 7 6 6 28
split_gain=36567 2654.5 444.43 443.79 305.705 113.713 80.3375 623.473 387.5 405.924 156.626 88.8228 78.753 67.937 71.11 97.3302 67.9943 80.7613 59.0253 57.9707 56.2378 98.7222 93.0001 54.068 52.6897 50.6578 49.1907 45.916 42.1847 89.6827
threshold=1.0000000180025095e-35 1.0000000180025095e-35 1.0000000180025095e-35 1.5000000000000002 1.0000000180025095e-35 9.5000000000000018 1.0000000180025095e-35 1.0000000180025095e-35 1.0000000180025095e-35 1.0000000180025095e-35 4.5000000000000009 0.12916666666666668 0.2834821428571429 0.44722222222222224 10.500000000000002 0.58571428571428574 1.0000000180025095e-35 1.0000000180025095e-35 1.0000000180025095e-35 1.0000000180025095e-35 1.0000000180025095e-35 1.0000000180025095e-35 0.41421568627450983 0.30217391304347835 1.0000000180025095e-35 1.0000000180025095e-35 0.42481203007518803 8.5000000000000018 2.5000000000000004 1.0000000180025095e-35
decision_type=2 2 2 2 2 2 2 2 2 2 2 2 2 2 2 2 2 2 2 2 2 2 2 2 2 2 2 2 2 2
left_child=1 2 3 -1 5 6 7 8 9 10 -5 -10 -12 16 -15 -16 -7 20 -11 -14 21 22 23 -18 -13 26 -26 -27 29 -4
right_child=-2 -3 28 4 -6 13 -8 -9 11 18 12 24 19 14 15 -17 17 -19 -20 -21 -22 -23 -24 -25 25 27 -28 -29 -30 -31
leaf_value=-0.052650268524646805 -0.052310214999357507 -0.053749054432036661 -0.053944954873614337 -0.056549695356097919 -0.052374514578105408 0.21485191993765151 0.16587056008648049 0.16570750246334323 -0.052796729838866657 -0.035813698794990544 0.036656561850606291 0.25004500960207982 0.2625407636919001 0.13849960519070167 -0.055223966307349048 0.16955856667238717 0.068465428326679983 -0.05928127791214434 0.17227666963358684 0.13763568840988114 0.15243906198056548 0.16602292561471535 0.18679243502681925 -0.05857161225791227 0.070256229846800994 0.1488130589544791 0.17762805675252422 0.05643248560377561 -0.053709433132754364 0.36505811544601757
leaf_weight=24.056270115077496 2381.046956513077 144.72482734173536 3.4961148649454143 12.028036516159771 16.563677985221148 30.623765539377928 9381.1219832003117 3663.4103076457977 5.9574605636298648 81.894726701080799 17.713819243013859 10.906970925629137 10.487339496612547 24.36048237234354 15.393123384565117 6.9956655502319327 19.778501197695732 5.1587755233049384 3.5452452152967444 82.606301173567772 232.86959782987833 35.435817241668701 10.174091525375841 14.510095134377478 45.243219621479511 365.74833986908197 13.974673122167586 13.999245375394819 25.75425548106432 1.9987117275595663
leaf_count=527 56546 2601 58 151 374 78 4035 1076 121 909 131 27 25 52 202 2 138 40 5 135 261 10 27 132 286 821 23 63 438 13
internal_value=0.129129 0.159296 0.161472 0.161888 0.162253 0.162505 0.163268 0.157626 0.113046 0.0565356 0.114749 0.138864 0.133351 0.136047 0.0793971 0.0150343 0.143641 0.136774 -0.0271542 0.151739 0.140011 0.103769 0.0541158 0.0146905 0.141404 0.138698 0.0956288 0.14541 -0.0268602 0.0987605
internal_weight=16701.6 14320.5 14175.8 14144.6 14120.5 14103.9 13708.6 4327.52 664.105 208.275 122.835 455.83 110.807 395.3 46.7493 22.3888 348.551 317.927 85.44 93.0936 312.768 79.8985 44.4627 34.2886 449.872 438.965 59.2179 379.748 31.2491 5.49483
internal_count=69307 12761 10160 9651 9124 8750 7808 3773 2697 1356 442 1341 291 942 256 204 686 608 914 160 568 307 297 270 1220 1193 309 884 509 71
is_linear=0
shrinkage=0.05


Tree=6
num_leaves=31
num_cat=0
split_feature=2 17 3 1 6 6 6 30 13 6 12 8 13 29 33 28 6 33 7 6 28 12 32 8 28 6 7 7 6 13
split_gain=29846 2136.31 356.203 334.759 286.51 129.172 105.391 63.3681 63.4359 62.5968 56.9672 160.143 497.941 90.5179 84.8958 57.2461 55.2803 66.4442 42.808 35.1067 28.2798 22.2862 58.2047 234.787 182.837 60.1592 43.6619 104.824 29.1133 126.696
threshold=1.0000000180025095e-35 1.0000000180025095e-35 1.0000000180025095e-35 1.0000000180025095e-35 1.5000000000000002 12.500000000000002 11.500000000000002 1.0000000180025095e-35 1.0000000180025095e-35 8.5000000000000018 1.0000000180025095e-35 1.0000000180025095e-35 1.0000000180025095e-35 1.0000000180025095e-35 1.0000000180025095e-35 1.0000000180025095e-35 16.500000000000004 1.0000000180025095e-35 0.12916666666666668 2.5000000000000004 1.0000000180025095e-35 1.0000000180025095e-35 1.0000000180025095e-35 1.0000000180025095e-35 1.0000000180025095e-35 5.5000000000000009 0.39444444444444454 0.46862745098039221 4.5000000000000009 1.0000000180025095e-35
decision_type=2 2 2 2 2 2 2 2 2 2 2 2 2 2 2 2 2 2 2 2 2 2 2 2 2 2 2 2 2 2
left_child=1 2 3 4 -1 -4 9 8 16 21 11 15 13 14 20 -11 17 -8 19 -5 -13 22 28 -24 -25 26 -26 -28 29 -6
right_child=-2 -3 5 18 6 -7 7 -9 -10 10 -12 12 -14 -15 -16 -17 -18 -19 -20 -21 -22 -23 23 24 25 -27 27 -29 -30 -31
leaf_value=-0.052562597626568133 -0.05219246914219379 -0.053558602567562813 -0.053398207146936043 0.20777102646101664 0.10308523287256779 0.18937746335792946 -0.057833003597874501 0.15738283517718013 0.15157625388158538 0.15129536888870163 0.14868990954269753 6.9645366271247518e-05 0.14966356151778298 0.10755114030744495 0.14520960863638288 0.099294558872282668 0.1196105469326687 0.17911084700718524 -0.053717752724735716 -0.052467937859899387 -0.060363839861163275 0.14799759678336386 -0.024426731311933854 -0.055208573597735192 0.17093919518567163 0.19029886380915159 -0.055964075087519743 0.13464378596020377 0.14599704243439107 0.14831620541031795
leaf_weight=18.382028102874756 2269.9025358781219 138.14371567964554 30.744978986680508 3.1927869394421604 215.76369667053223 6.6563664376735678 21.20105750113726 18.957000330090523 11.161195755004881 369.81873838230968 402.33076582849026 41.338267490267754 161.08456230163574 19.239346630871296 7.7512909173965445 61.931358426809311 9.0582728534936887 3.4279028773307791 23.783150263130665 2.1668008640408516 36.369219347834587 7323.2928713411093 25.615986600518227 11.083177164196966 27.872585698962212 65.410535335540771 9.4609505310654622 30.240926139056683 5571.3347424268723 550.02363622188568
leaf_count=419 56546 2601 668 27 752 10 220 47 3 231 110 285 43 58 5 218 20 3 409 44 292 2002 275 147 15 34 105 154 3405 159
internal_value=0.116936 0.142165 0.143958 0.144341 0.14467 -0.0101387 0.144912 0.08075 0.048319 0.145186 0.133692 0.125039 0.0944916 0.00959518 -0.0124618 0.14384 0.0140584 -0.0247751 -0.0249335 0.102565 -0.0282126 0.1461 0.143963 0.11503 0.139829 0.15609 0.122947 0.0892067 0.144738 0.135574
internal_weight=17486.7 15216.8 15078.7 15041.3 15012.2 37.4013 14993.8 63.8054 44.8484 14930 1099.86 697.533 265.783 104.698 85.4588 431.75 33.6872 24.629 29.1427 5.35959 77.7075 13830.1 6506.81 169.684 144.068 132.985 67.5745 39.7019 6337.12 765.787
internal_count=69307 12761 10160 9482 9002 678 8583 293 246 8290 1242 1132 683 640 582 449 243 223 480 71 577 7048 5046 730 455 308 274 259 4316 911
is_linear=0
shrinkage=0.05


Tree=7
num_leaves=31
num_cat=0
split_feature=2 17 1 3 14 27 28 7 5 29 30 28 7 7 30 7 7 7 29 7 7 7 7 30 7 7 29 28 30 29
split_gain=24983.1 1768.93 293.193 273.61 193.332 697.046 181.366 116.158 99.699 98.0344 98.8571 73.7754 148.3 68.9856 64.9844 63.5579 42.9685 40.5121 37.3597 34.3957 33.4488 32.6029 31.9935 31.5537 54.1983 35.5736 32.7765 28.1262 25.5965 23.0887
threshold=1.0000000180025095e-35 1.0000000180025095e-35 1.0000000180025095e-35 1.0000000180025095e-35 1.0000000180025095e-35 1.0000000180025095e-35 1.0000000180025095e-35 0.2834821428571429 1.0000000180025095e-35 1.0000000180025095e-35 1.0000000180025095e-35 1.0000000180025095e-35 0.12916666666666668 0.12916666666666668 1.0000000180025095e-35 0.26969696969696971 0.58571428571428574 0.21525096525096529 1.0000000180025095e-35 0.30217391304347835 0.12916666666666668 0.46862745098039221 0.44722222222222224 1.0000000180025095e-35 0.42481203007518803 0.37797619047619052 1.0000000180025095e-35 1.0000000180025095e-35 1.0000000180025095e-35 1.0000000180025095e-35
decision_type=2 2 2 2 2 2 2 2 2 2 2 2 2 2 2 2 2 2 2 2 2 2 2 2 2 2 2 2 2 2
left_child=1 2 3 4 5 6 7 -1 -5 10 13 22 -13 -8 18 -15 -17 -16 21 -9 27 -14 -7 -21 25 26 -25 -4 29 -24
right_child=-2 -3 20 8 -6 11 9 19 -10 -11 -12 12 14 15 17 16 -18 -19 -20 23 -22 -23 28 24 -26 -27 -28 -29 -30 -31
leaf_value=-0.023389224718586302 -0.052080964493193493 -0.053378146641780026 -0.052331824265934836 -0.053419703372165665 0.1345491685347395 0.13564078306081501 -0.052544596920657986 0.097449249751740463 0.14793937383056951 0.12963634818580752 -0.058162422839777329 -0.054635056124919215 0.10998680172820499 0.13261880600085921 0.12754944886960093 0.07504989939873033 0.20876806451871324 -0.066464161497150273 0.14861583529490263 0.037463529998209739 -0.053528588246226833 0.15286260230568366 0.088668066298983231 -0.060657265111446583 -0.0006516963376097017 0.17876634506574701 0.10319995331423618 0.15949712707568864 0.16448289476036071 0.14989881155180731
leaf_weight=49.027161382138729 2163.7043045796454 131.8394233956933 2.6063971258699921 27.379289209842682 11400.901795953512 2863.3968293368816 8.607602618634699 51.398577556014061 7.9160695075988761 157.10857470333576 12.170908346772192 12.610361456871031 388.03904360532761 70.433733560144901 4.1585147529840452 231.89244237542152 6.165752947330474 7.5789964571595192 101.49950806796551 125.34835910797119 23.461770705878735 50.218300826847553 84.843360282480717 3.6106475964188602 13.702592965215443 13.944572933018206 19.392391823232174 3.894543994218111 18.025248020887375 18.877791702747345
leaf_count=496 56546 2601 56 619 3009 1402 193 153 30 138 106 222 652 137 3 1073 5 42 34 791 422 91 207 28 112 30 52 31 17 9
internal_value=0.107325 0.129004 0.130528 0.130825 0.131137 0.122116 0.0787496 0.0464035 -0.00821547 0.0971305 0.0816157 0.131436 0.114839 0.0869839 0.118716 0.0908802 0.0785239 0.00228095 0.121247 0.0614535 -0.025709 0.114904 0.134572 0.0509336 0.0842452 0.115736 0.0774434 0.0745426 0.10942 0.0998306
internal_weight=18073.8 15910.1 15778.2 15748.2 15713 4312.05 762.803 276.424 35.2954 486.379 329.27 3549.25 564.105 317.1 551.494 308.492 238.058 11.7375 539.757 227.397 29.9627 438.257 2985.14 175.999 50.6502 36.9476 23.003 6.50094 121.746 103.721
internal_count=69307 12761 10160 9651 9002 5993 3314 1662 649 1652 1514 2679 1044 1408 822 1215 1078 45 777 1166 509 743 1635 1013 222 110 80 87 233 216
is_linear=0
shrinkage=0.05


Tree=8
num_leaves=31
num_cat=0
split_feature=10 17 14 27 28 8 8 7 3 1 6 33 6 7 6 8 6 32 29 7 6 7 3 6 5 7 7 28 7 7
split_gain=18387.7 1451.34 703.484 1928.06 316.808 436.1 192.952 189.602 145.648 126.518 120.383 108.894 85.0426 122.292 73.8538 333.63 68.9584 59.9972 179.444 59.8093 54.5493 52.878 55.8561 64.5094 49.3673 47.95 62.4244 47.1359 45.6845 42.406
threshold=1.0000000180025095e-35 1.0000000180025095e-35 1.0000000180025095e-35 1.0000000180025095e-35 1.0000000180025095e-35 1.0000000180025095e-35 1.0000000180025095e-35 0.2834821428571429 1.0000000180025095e-35 1.0000000180025095e-35 8.5000000000000018 1.0000000180025095e-35 3.5000000000000004 0.31789473684210529 8.5000000000000018 1.0000000180025095e-35 4.5000000000000009 1.0000000180025095e-35 1.0000000180025095e-35 0.30217391304347835 5.5000000000000009 0.21525096525096529 1.0000000180025095e-35 8.5000000000000018 1.0000000180025095e-35 0.39444444444444454 0.46862745098039221 1.0000000180025095e-35 0.162280701754386 0.42481203007518803
decision_type=2 2 2 2 2 2 2 2 2 2 2 2 2 2 2 2 2 2 2 2 2 2 2 2 2 2 2 2 2 2
left_child=1 2 3 4 6 21 7 -1 9 12 17 16 13 -5 -14 -16 -9 18 -7 27 25 -6 23 29 -18 -19 -27 -17 -11 -23
right_child=-2 -3 -4 8 5 10 -8 11 -10 28 -12 -13 14 -15 15 19 24 20 -20 -21 -22 22 -24 -25 -26 26 -28 -29 -30 -31
leaf_value=-0.035827064918440156 -0.051938943441615905 -0.053207113817071883 0.12384455651813231 -0.055775367030495938 -0.053100658792441281 0.03080908510427979 -0.05588645685747811 -0.055125424694346753 -0.053966919578306377 0.12802388211747975 -0.019516289393886766 -0.056477213836580914 0.12314529429336173 0.10243386124519155 0.12063068240049624 0.12032199100636352 0.069242242116866901 0.14222043683326666 0.12093561733267094 -0.012606906607660014 0.15860109892290594 0.018558256559279087 0.1507925017089527 -0.028008083839139133 -0.056039358413865481 -0.055376565497679643 0.095231459890787518 -0.063171050247632504 -0.053528272850673721 0.088823765859944795
leaf_weight=91.333585660904646 1807.0361593849957 125.80251215770841 11756.520699754357 16.353131975978613 29.587125036865473 88.128118917346001 90.476344674825668 12.696472574025391 12.258990149945019 4.5452888868749151 21.278883956372738 22.71451798081398 3129.0591417625546 48.152287982404232 427.23169402033091 17.411331459879879 213.72751215100288 30.61487090587616 148.04655700922012 63.047826573252678 72.91644823551178 98.424382273107767 7.6675392240285865 63.188639920204878 8.152072034776209 9.1840205416083318 27.310878768563271 4.3691106438636771 14.462594717741013 27.468434657901525
leaf_count=1812 50269 2601 3020 282 690 389 1054 234 268 37 190 441 1921 87 353 21 1835 13 96 311 31 1328 9 1118 152 103 152 27 253 210
internal_value=0.0995622 0.115973 0.117259 0.101127 0.0417071 0.0646089 0.00916937 0.0260555 0.118028 0.118595 0.0961551 0.0480252 0.119255 0.0623152 0.120263 0.102647 0.0581485 0.102699 0.0873099 0.012065 0.128644 0.00920504 0.0185793 0.0132076 0.0646347 0.0960694 0.0573121 0.0834786 -0.0100436 0.0338992
internal_weight=18489.2 16682.1 16556.3 4799.81 1062.92 623.816 439.101 348.624 3736.89 3724.63 397.48 257.291 3705.62 64.5054 3641.12 512.06 234.576 376.201 236.175 84.8283 140.026 226.336 196.749 189.081 221.88 67.1098 36.4949 21.7804 19.0079 125.893
internal_count=69307 19038 16437 13417 9857 4329 5528 4474 3560 3292 974 2662 3002 369 2633 712 2221 784 485 359 299 3355 2665 2656 1987 268 255 48 290 1538
is_linear=0
shrinkage=0.05


Tree=9
num_leaves=31
num_cat=0
split_feature=2 17 14 27 7 28 8 1 28 7 7 33 29 30 30 7 7 29 29 7 7 8 33 30 29 7 26 3 28 31
split_gain=18624.5 1289.46 244.236 535.664 180.359 122.84 487.065 113.01 86.1136 154.526 78.7562 67.6851 61.8169 83.9556 49.8661 42.7851 38.6537 37.1464 35.9887 34.0967 32.6891 32.6638 38.9371 43.4762 77.642 26.3149 24.7183 20.4335 19.0686 18.6296
threshold=1.0000000180025095e-35 1.0000000180025095e-35 1.0000000180025095e-35 1.0000000180025095e-35 0.12916666666666668 1.0000000180025095e-35 1.0000000180025095e-35 1.0000000180025095e-35 1.0000000180025095e-35 0.12916666666666668 0.2834821428571429 1.0000000180025095e-35 1.0000000180025095e-35 1.0000000180025095e-35 1.0000000180025095e-35 0.26969696969696971 0.12916666666666668 1.0000000180025095e-35 1.0000000180025095e-35 0.21525096525096529 0.44722222222222224 1.0000000180025095e-35 1.0000000180025095e-35 1.0000000180025095e-35 1.0000000180025095e-35 0.58571428571428574 1.0000000180025095e-35 1.0000000180025095e-35 1.0000000180025095e-35 1.0000000180025095e-35
decision_type=2 2 2 2 2 2 2 2 2 2 2 2 2 2 2 2 2 2 2 2 2 2 2 2 2 2 2 2 2 2
left_child=1 2 3 4 -1 6 10 8 20 -10 17 -12 13 15 18 -7 28 -6 26 -16 -5 -22 23 24 -23 27 -11 29 -9 -17
right_child=-2 -3 -4 7 5 12 -8 16 9 14 11 -13 -14 -15 19 25 -18 -19 -20 -21 21 22 -24 -25 -26 -27 -28 -29 -30 -31
leaf_value=-0.052516062051161508 -0.051897029724901116 -0.053044969940839383 0.11519692029644764 0.11461098598062046 -0.019891867470928946 0.10976857952534901 -0.055568161725779164 -0.052717915743984836 -0.053743243971739796 0.090402458786868534 0.10581617308297882 -0.067292212869279444 0.10924076900402069 -0.057858022981541371 0.10666392749313572 0.063797507757063068 -0.053361929540452581 0.14340451000865359 0.12543135665600008 -0.067004183053885807 0.12093291548917469 -0.030179816299383946 0.10946898683149475 0.14715909562568119 0.12028854522109247 0.16070653226334114 0.13409450774774498 0.14476854114821128 0.16501564124645907 -0.064007258339309994
leaf_weight=31.193462252616882 1979.9563537724316 120.02363039925694 12000.186763904989 3055.3652757368982 21.808620009571317 77.215884100645781 86.252929478883743 1.3633837178349502 17.38579535484314 445.89780850708485 162.00510425493121 5.8406322747468939 168.54098195582628 11.933495625853537 4.4669210314750654 248.1143365688622 14.216630984097719 4.1337450295686713 109.07674045860767 7.6547145321965218 50.475873082876205 26.529000371694565 35.34388579428196 7.8701756596565238 12.65299244225025 7.3599348068237296 35.00510311126709 7.7553953528404227 3.7466843575239182 2.8730162084102622
leaf_count=771 56546 2601 3020 1502 187 154 1051 23 365 739 335 32 134 108 3 1091 259 18 34 42 29 162 23 12 7 10 9 5 16 19
internal_value=0.093136 0.110247 0.111423 0.101709 0.0654228 0.0700008 0.0432631 0.109626 0.110238 0.0931706 0.0872549 0.0997858 0.0842938 0.0724541 0.0974145 0.0769867 -0.0109455 0.0061543 0.099477 -0.00292969 0.113554 0.0892406 0.0698075 0.0399878 0.0184163 0.0674686 0.0935866 0.0648085 0.106836 0.0623301
internal_weight=18762.2 16782.3 16662.3 4662.08 835.028 803.834 280.041 3827.05 3807.72 619.487 193.788 167.846 523.793 355.252 602.101 343.319 19.3267 25.9424 589.98 12.1216 3188.24 132.872 82.3961 47.0522 39.182 266.103 480.903 258.743 5.11007 250.987
internal_count=69307 12761 10160 7140 3915 3144 1623 3225 2927 1192 572 367 1521 1387 827 1279 298 205 782 45 1735 233 204 181 169 1125 748 1115 39 1110
is_linear=0
shrinkage=0.05


Tree=10
num_leaves=31
num_cat=0
split_feature=2 17 14 27 6 3 0 28 8 7 6 1 6 6 8 28 33 7 29 6 6 29 7 28 7 30 6 7 28 7
split_gain=16356.6 1126.27 238.896 486.852 165.676 117.022 102.243 133.149 338.56 103.337 96.0763 90.4737 99.4053 68.1947 264.928 64.0186 53.0137 51.7272 45.4868 41.0577 40.3296 49.5806 40.2223 39.2061 97.7348 36.7412 34.4603 30.1381 28.7408 23.6017
threshold=1.0000000180025095e-35 1.0000000180025095e-35 1.0000000180025095e-35 1.0000000180025095e-35 3.5000000000000004 1.0000000180025095e-35 1.0000000180025095e-35 1.0000000180025095e-35 1.0000000180025095e-35 0.24126984126984127 7.5000000000000009 1.0000000180025095e-35 2.5000000000000004 8.5000000000000018 1.0000000180025095e-35 1.0000000180025095e-35 1.0000000180025095e-35 0.22649572649572652 1.0000000180025095e-35 2.5000000000000004 5.5000000000000009 1.0000000180025095e-35 0.3585714285714286 1.0000000180025095e-35 0.31789473684210529 1.0000000180025095e-35 4.5000000000000009 0.36939571150097467 1.0000000180025095e-35 0.24126984126984127
decision_type=2 2 2 2 2 2 2 2 2 2 2 2 2 2 2 2 2 2 2 2 2 2 2 2 2 2 2 2 2 2
left_child=1 2 3 4 -1 11 9 8 16 -6 20 12 -5 -14 23 22 26 -12 -17 28 21 29 -16 -15 -25 27 -8 -19 -13 -9
right_child=-2 -3 -4 5 6 -7 7 10 -10 -11 17 19 13 14 15 18 -18 25 -20 -21 -22 -23 -24 24 -26 -27 -28 -29 -30 -31
leaf_value=-0.036815007332433834 -0.051800566056774022 -0.052914674958021927 0.10807916744467405 -0.054686596815844306 -0.05271505660672491 -0.053654570268706292 -0.057258563007722842 0.085043313673863627 -0.055310234230052373 0.14263690370238086 0.24704428401114886 -0.053111358782649255 0.10645952438718231 0.1098314029361748 0.067079798114210928 -0.063735484013506372 -0.06552826977113195 -0.017185079066742177 0.10759737311606893 -0.053197648211718865 0.098284866461971612 0.10768331423846407 -0.019739771650744295 -0.068298235359849288 0.096580711676871725 -0.061980535427990549 0.084270141819667618 0.051226589375023161 0.20568802942088105 0.027674364829633532
leaf_weight=41.930021084845066 1889.6995722576976 114.57053030282259 12118.52677642554 9.9206158928573114 7.5577915385365477 11.98434444144368 4.433240368962287 24.548524707555771 79.559845134615898 64.235749162733555 2.7571653351187697 1.6181393079459692 3244.587822265923 382.35405384004116 47.501497209072113 29.835801064968109 6.5710672214627257 20.162968184798956 4.4405742883682242 13.429298337548969 243.1284778341651 44.185863502323627 18.532372646033764 11.000873371958731 48.886372223496437 10.24569547921419 133.56668818369508 79.58106517419219 3.1377439647912979 66.649528250098228
leaf_count=828 56645 2592 3008 218 173 275 46 30 1006 110 10 27 1799 137 99 185 40 158 3 256 360 30 100 57 64 78 281 375 5 411
internal_value=0.0877041 0.103313 0.10438 0.0947521 0.0600133 0.102277 0.065172 0.0594606 0.0275199 0.122061 0.0740312 0.102768 0.1033 0.103715 0.0872964 0.0139271 0.0731069 0.0335054 -0.0414995 -0.0084615 0.0861 0.0642086 0.0427071 0.103936 0.0662789 0.028126 0.0797161 0.037392 0.117603 0.0431299
internal_weight=18779.1 16889.4 16774.9 4656.34 829.114 3827.23 787.184 715.39 224.131 71.7935 491.259 3815.25 3797.06 3787.14 542.552 100.31 144.571 112.747 34.2764 18.1852 378.512 135.384 66.0339 442.241 59.8872 109.99 138 99.744 4.75588 91.1981
internal_count=69406 12761 10169 7161 3936 3225 3108 2825 1373 283 1452 2950 2662 2444 645 387 367 621 188 288 831 471 199 258 121 611 327 533 32 441
is_linear=0
shrinkage=0.05


Tree=11
num_leaves=31
num_cat=0
split_feature=2 17 14 27 7 28 6 6 7 4 7 7 28 4 1 33 7 7 4 1 6 7 7 7 7 30 4 6 6 6
split_gain=14477.4 991.884 243.674 440.522 146.334 86.7087 143.544 116.985 103.777 82.6242 90.5867 80.5792 78.1874 284.673 77.8818 64.0353 59.0729 55.8244 51.9752 49.4036 40.1835 40.7392 39.1115 36.9168 59.3219 35.1824 29.8123 40.6679 39.3514 26.5746
threshold=1.0000000180025095e-35 1.0000000180025095e-35 1.0000000180025095e-35 1.0000000180025095e-35 0.12916666666666668 1.0000000180025095e-35 8.5000000000000018 4.5000000000000009 0.46862745098039221 1.0000000180025095e-35 0.31789473684210529 0.12916666666666668 1.0000000180025095e-35 1.0000000180025095e-35 1.0000000180025095e-35 1.0000000180025095e-35 0.37797619047619052 0.2834821428571429 1.0000000180025095e-35 1.0000000180025095e-35 8.5000000000000018 0.31789473684210529 0.24126984126984127 0.37797619047619052 0.3585714285714286 1.0000000180025095e-35 1.0000000180025095e-35 6.5000000000000009 5.5000000000000009 4.5000000000000009
decision_type=2 2 2 2 2 2 2 2 2 2 2 2 2 2 2 2 2 2 2 2 2 2 2 2 2 2 2 2 2 2
left_child=1 2 3 4 -1 7 11 8 22 -8 -11 19 13 16 29 23 17 -6 -10 -7 26 -22 -5 24 -15 -19 28 -28 -14 -13
right_child=-2 -3 -4 5 12 6 9 -9 18 10 -12 14 20 15 -16 -17 -18 25 -20 -21 21 -23 -24 -25 -26 -27 27 -29 -30 -31
leaf_value=-0.052340549424630456 -0.051709668950414782 -0.052767713335996405 0.10208570157181247 -0.0030266601239569862 -0.056432249677110503 -0.053688548315971418 -0.028076412953616986 0.10125598988256311 -0.066099722524803103 -0.066958029703041974 0.096638761950286256 0.12195456375538308 0.059463466362555832 0.087928824080521273 -0.053203359908014593 -0.064633015920408973 -0.055819441573958899 0.0065582309807692713 0.1286273729475565 0.14191767474343975 0.088122761354129289 0.0032983147798733557 0.086812580491565317 0.12757187682552923 -0.076104397683144101 0.078147405715673482 0.078242602239785353 -0.00074085255209503707 0.092343551831087584 0.090364413111566372
leaf_weight=30.06755018606782 1800.6178499124944 109.27874683775008 12186.400463446975 13.904844239354132 22.631604824215174 15.068473983556034 43.336543239653111 3069.4243285432458 22.086994204670194 10.505287747830151 43.29401583969593 77.720884151756763 137.94097691401839 63.355149310082197 9.020847409963606 6.3093521520495406 47.862294729799032 45.825123466551304 4.0448622070252886 4.0968398787081233 21.878978684544563 40.101453248411417 93.496572755277157 58.785481072962284 6.0260261893272391 27.446573201566935 38.867221441119909 28.038679663091898 268.52979943156242 472.93840645998716
leaf_count=807 56645 2592 3008 154 271 341 274 1386 139 59 48 84 470 158 165 39 655 303 3 13 101 290 102 59 27 101 86 198 371 457
internal_value=0.0831133 0.0973782 0.0983487 0.0887051 0.0559584 0.0958272 0.0795475 0.0992626 0.0534351 0.0232923 0.0646777 0.0889862 0.0599619 0.0384555 0.0924384 0.0907452 -0.0104549 0.0121833 -0.0359018 -0.0117968 0.0711376 0.0332586 0.0751776 0.0984025 0.0736658 0.0333884 0.0760954 0.0451399 0.0811882 0.0948261
internal_weight=18818.9 17018.3 16909 4722.61 843.666 3878.94 675.981 3202.96 133.533 97.1358 53.7993 578.845 813.599 278.242 559.68 134.476 143.766 95.9033 26.1319 19.1653 535.357 61.9804 107.401 128.167 69.3812 73.2717 473.377 66.9059 406.471 550.659
internal_count=69406 12761 10169 7161 3936 3225 1441 1784 398 381 107 1060 3129 1613 706 283 1330 675 142 354 1516 391 256 244 185 404 1125 284 841 541
is_linear=0
shrinkage=0.05


Tree=12
num_leaves=31
num_cat=0
split_feature=2 14 27 6 6 18 1 0 28 8 6 28 6 6 8 8 6 33 1 30 6 30 6 6 28 6 30 6 6 8
split_gain=12914.7 358.716 622.763 359.963 158.63 141.672 107.491 81.3384 122.144 306.534 78.6482 59.6218 132.412 88.4092 79.7015 49.4393 47.6513 41.1395 36.7616 35.545 32.3711 30.4124 27.593 25.5378 18.1952 14.4193 37.4841 28.4798 18.1299 13.8165
threshold=1.0000000180025095e-35 1.0000000180025095e-35 1.0000000180025095e-35 3.5000000000000004 2.5000000000000004 1.0000000180025095e-35 1.0000000180025095e-35 1.0000000180025095e-35 1.0000000180025095e-35 1.0000000180025095e-35 7.5000000000000009 1.0000000180025095e-35 8.5000000000000018 4.5000000000000009 1.0000000180025095e-35 1.0000000180025095e-35 6.5000000000000009 1.0000000180025095e-35 1.0000000180025095e-35 1.0000000180025095e-35 5.5000000000000009 1.0000000180025095e-35 4.5000000000000009 11.500000000000002 1.0000000180025095e-35 7.5000000000000009 1.0000000180025095e-35 10.500000000000002 8.5000000000000018 1.0000000180025095e-35
decision_type=2 2 2 2 2 2 2 2 2 2 2 2 2 2 2 2 2 2 2 2 2 2 2 2 2 2 2 2 2 2
left_child=1 2 3 -1 18 6 11 16 9 17 20 13 21 15 -14 -6 -5 22 -4 23 -10 -13 -9 -12 -20 -24 27 28 -27 -22
right_child=-2 -3 4 7 5 -7 -8 8 10 -11 19 12 14 -15 -16 -17 -18 -19 24 -21 29 -23 25 -25 -26 26 -28 -29 -30 -31
leaf_value=-0.045642588802318342 -0.05162349954441231 0.096873810243589681 -0.053140324154894114 0.011824657434401017 0.08640835301595215 -0.076716190393153277 -0.052974536102009084 -0.056743890325262447 0.054985320740685698 -0.054490211632103741 0.042401746933336454 0.088496030663094347 0.056282723885821298 0.09593861082693228 -0.039860911026667521 0.024846402859625891 0.12021129262102954 -0.063675032868292097 -0.052724317800489556 -0.06196242153601117 0.059480164658708638 0.001549762338329449 0.088447584265526166 -0.056989188295854892 0.14756174604586952 -0.0018889394023452394 0.11038148712466488 -0.063127126785760143 0.069366189128749686 0.090188838018407991
leaf_weight=99.89719663746655 1715.587437896058 12194.443713419139 23.855169832706455 12.003678590059279 61.906407356262207 12.632500521838663 12.923096038401125 4.2501547168940297 141.79160000383854 87.157153766602278 100.98966974765062 557.1954127214849 62.866268806159496 3082.1203189194202 32.786575391888618 68.996141538023949 65.774470128118992 6.1146146766841403 1.5817357953637827 10.106917191296814 44.596264816820621 10.254641391336916 70.249378141015768 6.8921201750636092 3.9301348980516195 12.931181211024521 22.077461484819651 6.7873446159064761 28.717947974801064 210.08698500692844
leaf_count=2521 56645 3100 611 182 93 66 266 47 486 1341 474 614 152 1333 188 284 101 40 29 78 147 35 102 69 10 62 18 45 54 213
internal_value=0.0791418 0.0922951 0.0808095 0.0440236 0.089516 0.0903874 0.0909305 0.0548098 0.0497776 0.0201789 0.0634852 0.0914106 0.0777521 0.094229 0.023322 0.0539685 0.103494 0.0632455 -0.0262352 0.0276388 0.0741506 0.0869257 0.0686047 0.0360427 0.0900039 0.0723967 0.0563887 0.0317506 0.0472358 0.0848161
internal_weight=18771.5 17055.9 4861.47 930.424 3931.05 3901.68 3889.05 830.527 752.749 238.285 514.464 3876.13 663.103 3213.02 95.6528 130.903 77.7781 151.128 29.367 117.989 396.475 567.45 145.013 107.882 5.51187 140.763 70.5139 48.4365 41.6491 254.683
internal_count=69406 12761 9661 5980 3681 3031 2965 3459 3176 1709 1467 2699 989 1710 340 377 283 368 650 621 846 649 328 543 39 281 179 161 116 360
is_linear=0
shrinkage=0.05


Tree=13
num_leaves=31
num_cat=0
split_feature=2 17 14 27 6 3 28 6 6 0 28 6 29 6 6 30 29 30 0 6 1 6 6 6 33 29 30 6 6 29
split_gain=11596.2 807.616 256.801 375.345 114.197 91.9783 74.3753 106.995 82.5656 61.1895 82.2374 69.8863 40.0982 40.032 39.3779 32.1812 27.3398 27.0919 25.7424 29.6347 25.4297 39.7829 23.7837 22.8881 20.7429 19.4882 20.0861 16.4489 16.4424 27.4877
threshold=1.0000000180025095e-35 1.0000000180025095e-35 1.0000000180025095e-35 1.0000000180025095e-35 3.5000000000000004 1.0000000180025095e-35 1.0000000180025095e-35 8.5000000000000018 4.5000000000000009 1.0000000180025095e-35 1.0000000180025095e-35 7.5000000000000009 1.0000000180025095e-35 5.5000000000000009 6.5000000000000009 1.0000000180025095e-35 1.0000000180025095e-35 1.0000000180025095e-35 1.0000000180025095e-35 16.500000000000004 1.0000000180025095e-35 2.5000000000000004 4.5000000000000009 11.500000000000002 1.0000000180025095e-35 1.0000000180025095e-35 1.0000000180025095e-35 3.5000000000000004 7.5000000000000009 1.0000000180025095e-35
decision_type=2 2 2 2 2 2 2 2 2 2 2 2 2 2 2 2 2 2 2 2 2 2 2 2 2 2 2 2 2 2
left_child=1 2 3 4 25 6 8 17 16 14 22 12 13 -12 -6 23 27 20 -9 -20 -8 -22 -11 -13 -24 -1 -27 -5 -10 -30
right_child=-2 -3 -4 5 9 -7 7 18 28 10 11 15 -14 -15 -16 -17 -18 -19 19 -21 21 -23 24 -25 -26 26 -28 -29 29 -31
leaf_value=-0.05355945282731335 -0.051541803800260348 -0.052676648948180298 0.092604695531640149 -0.0011115895047026688 0.011133947954989258 -0.053939438017617573 0.081925098469202193 0.1013651329069457 0.093135400861267037 -0.054625323156375985 0.032437815013930227 0.039353487164396024 0.090496794898819524 0.073005330053994066 0.10896412714492981 -0.061293624136013407 0.086934174426892413 -0.0002052173095876709 0.0035244992370385394 0.098577850284601268 0.13770278286739851 -0.053019118161204908 0.029331381392098579 -0.056595340007547318 -0.062736121428657449 0.10224700848283766 -0.055448707934263514 0.047758372652296259 0.076936157971359748 0.094313877893403633
leaf_weight=30.29025312513113 1634.4386824499816 101.56478175707161 12126.042485833168 22.562988769263029 12.108758375048636 11.779389090836046 568.96429934725165 9.2326611503958684 2175.4893597699702 9.3875110968947393 98.176550891250372 103.30983291938901 144.54137196391821 160.13125991076231 68.850509691983461 9.7163407765328866 36.792262949049473 10.606988213956354 77.633048253133893 9.160227105021475 4.0569951981306067 8.3314324580132944 208.36505334451795 6.6005227491259566 6.2904216051101676 4.6099341753870231 3.5743201468139887 72.404868964105844 483.74961602315307 431.5306058563292
leaf_count=742 56645 2592 3008 126 182 275 721 9 779 143 441 474 79 311 101 78 23 44 332 7 5 162 1188 69 42 13 73 170 452 120
internal_value=0.0756695 0.0878887 0.0887329 0.0789273 0.0491316 0.0855052 0.0859255 0.0709952 0.0891127 0.0530471 0.0485669 0.0594347 0.0694003 0.0575904 0.0943414 0.0258676 0.0503354 0.0789371 0.0220284 0.0135725 0.0803819 0.00945936 0.0232192 0.0335822 0.0266282 -0.0350592 0.0333317 0.0361434 0.0907654 0.0851308
internal_weight=18650.3 17015.9 16914.3 4788.25 865.953 3922.29 3910.52 687.986 3222.53 827.478 746.519 522.476 402.849 258.308 80.9593 119.627 131.76 591.96 96.0259 86.7933 581.353 12.3884 224.043 109.91 214.655 38.4745 8.18425 94.9679 3090.77 915.28
internal_count=69406 12761 10169 7161 3936 3225 2950 1280 1670 3108 2825 1452 831 752 283 621 319 932 348 339 888 167 1373 543 1230 828 86 296 1351 572
is_linear=0
shrinkage=0.05


Tree=14
num_leaves=31
num_cat=0
split_feature=2 17 14 6 0 28 6 8 8 6 6 7 29 30 7 0 7 1 7 28 7 8 29 6 6 33 6 7 6 6
split_gain=10469.8 726.828 266.304 180.727 131.24 128.864 124.573 143.329 79.9265 128.865 42.2107 47.8001 41.2059 72.7169 37.9037 33.709 32.2627 27.5022 32.8056 31.3701 103.695 31.2562 26.7307 26.1903 24.7658 22.5248 21.1501 50.2255 32.8945 19.7858
threshold=1.0000000180025095e-35 1.0000000180025095e-35 1.0000000180025095e-35 4.5000000000000009 1.0000000180025095e-35 1.0000000180025095e-35 8.5000000000000018 1.0000000180025095e-35 1.0000000180025095e-35 8.5000000000000018 6.5000000000000009 0.42481203007518803 1.0000000180025095e-35 1.0000000180025095e-35 0.3585714285714286 1.0000000180025095e-35 0.30217391304347835 1.0000000180025095e-35 0.24126984126984127 1.0000000180025095e-35 0.46862745098039221 1.0000000180025095e-35 1.0000000180025095e-35 3.5000000000000004 9.5000000000000018 1.0000000180025095e-35 5.5000000000000009 0.39444444444444454 6.5000000000000009 2.5000000000000004
decision_type=2 2 2 2 2 2 2 2 2 2 2 2 2 2 2 2 2 2 2 2 2 2 2 2 2 2 2 2 2 2
left_child=1 2 3 4 -1 8 12 16 -5 10 -10 -12 13 15 25 -7 24 18 23 20 -20 -22 -9 -6 -8 -11 27 -17 -28 -19
right_child=-2 -3 -4 5 17 6 7 22 9 14 11 -13 -14 -15 -16 26 -18 29 19 -21 21 -23 -24 -25 -26 -27 28 -29 -30 -31
leaf_value=-0.051865324408102098 -0.05146432689096208 -0.052542976018569824 0.088791776405348105 0.087176488012745079 -0.058531586198227563 0.11334203466653343 0.10386277486566833 -0.060260313579567841 0.084096724091874908 0.017858525291476631 0.068385841592014857 0.0083484367135556979 0.087570513905385255 -0.063031733998957271 -0.035454110839747879 0.078142339038390227 0.069011243444869946 0.055227011299099252 0.064280330631249868 0.073559281176022284 0.065484656857745877 -0.064157757762820677 0.044873265290989256 0.073266948382354077 -0.020011992460469835 0.091889793515823673 0.080290769032707834 0.01621212039898209 0.054761799446196836 -0.052802689309036303
leaf_weight=34.622203167527914 1557.0076747033745 96.851015603169799 12017.047948122025 2441.0177259892225 11.103040665388109 35.061270486563444 5.0303103215992477 45.027117423713207 541.13738833367825 44.55014306306839 245.37122253328562 38.357982695102692 240.35950351879001 11.159962464123963 28.512300409376621 61.344555735588074 85.910742159932852 7.0054408479481962 104.22894914448261 152.86159708350897 5.6941487863659885 25.087859001010656 6.9704970344901076 5.6923455148935309 20.209086591377854 13.358425274491308 254.33828734979033 70.261757433414459 251.08573206886649 10.692589435726402
leaf_count=1057 56645 2592 3008 1155 142 51 20 358 630 184 332 196 123 82 243 44 218 61 198 355 13 207 20 12 158 6 278 244 546 228
internal_value=0.0726053 0.0840292 0.084816 0.074854 0.0406231 0.0776067 0.0626411 0.0223566 0.0824579 0.0698171 0.075903 0.0602716 0.0697561 0.0634873 0.01172 0.0655897 0.0544114 0.0505593 0.0540793 0.0580426 0.0404665 -0.0401464 -0.0461512 -0.0138152 0.00468829 0.0349577 0.062959 0.0450867 0.0676108 -0.0100058
internal_weight=18467 16910 16813.1 4796.05 356.988 4439.06 1086.76 163.148 3352.31 911.287 824.867 283.729 923.611 683.252 86.4209 672.092 111.15 322.366 304.668 287.873 135.011 30.782 51.9976 16.7954 25.2394 57.9086 637.03 131.606 505.424 17.698
internal_count=69406 12761 10169 7161 2273 4888 2142 774 2746 1591 1158 528 1368 1245 433 1163 396 1216 927 773 418 220 378 154 178 190 1112 288 824 289
is_linear=0
shrinkage=0.05


Tree=15
num_leaves=31
num_cat=0
split_feature=2 17 14 27 4 6 28 4 8 29 30 6 6 7 28 6 6 33 33 29 8 6 30 7 7 7 32 4 6 6
split_gain=9460.64 656.6 296.796 354.472 113.337 221.832 107.581 125.439 88.3773 63.1167 59.9436 51.0884 49.816 49.5171 48.65 50.0869 46.6752 43.6746 43.5614 43.3508 39.7034 42.3655 32.5484 31.7182 52.9233 63.7516 63.98 72.5453 29.5546 26.7259
threshold=1.0000000180025095e-35 1.0000000180025095e-35 1.0000000180025095e-35 1.0000000180025095e-35 1.0000000180025095e-35 8.5000000000000018 1.0000000180025095e-35 1.0000000180025095e-35 1.0000000180025095e-35 1.0000000180025095e-35 1.0000000180025095e-35 5.5000000000000009 5.5000000000000009 0.37797619047619052 1.0000000180025095e-35 4.5000000000000009 3.5000000000000004 1.0000000180025095e-35 1.0000000180025095e-35 1.0000000180025095e-35 1.0000000180025095e-35 9.5000000000000018 1.0000000180025095e-35 0.35504201680672276 0.42481203007518803 0.37797619047619052 1.0000000180025095e-35 1.0000000180025095e-35 2.5000000000000004 4.5000000000000009
decision_type=2 2 2 2 2 2 2 2 2 2 2 2 2 2 2 2 2 2 2 2 2 2 2 2 2 2 2 2 2 2
left_child=1 2 3 6 5 8 7 12 11 10 16 -5 -1 -14 -6 28 -8 29 19 20 21 -7 -22 -18 25 26 -25 -28 -16 -9
right_child=-2 -3 -4 4 14 18 9 17 -10 -11 -12 -13 13 -15 15 -17 23 -19 -20 -21 22 -23 -24 24 -26 -27 27 -29 -30 -31
leaf_value=-0.05506632246222827 -0.051390852745595933 -0.052404195320645712 0.08542313566676013 -0.061787176440320668 0.085764489280280298 0.084059746076678848 -0.05341210379956806 -0.055840137508928092 0.074247952540901427 0.080336247542689171 -0.057498185376234218 0.049778549848713799 0.024010676535766686 -0.05603558401359561 0.076267487955834767 0.069289512440445497 0.062840811301751121 -0.062322023525224771 0.082876596676522446 0.063969330236890262 -0.054176736244682694 -0.06842430768093255 0.067173966438982699 -0.028929483605374645 0.059306432863482798 -0.059632660106442692 0.12173904801784555 -0.057580204400293412 -0.060077134801183041 0.064570056432316753
leaf_weight=48.430991543456912 1483.5723194349557 92.548315273597836 11720.312480986118 18.513882836326957 2270.5387767739594 14.276869695633652 11.118748329579828 4.7784706335514775 1176.5944766104221 167.76919287443161 14.01403810828924 22.994561221450567 84.893812730908394 25.000403646379709 5.8378328941762474 265.0507539100945 225.68513518385589 7.7334128785878411 14.038195528089998 16.322848247364163 61.612993262708187 6.675184315070509 6.0579562410712233 22.65453776717186 98.145345665514469 26.090404015034437 24.714917063713074 7.2962882891297332 12.390254801139234 121.35112474486232
leaf_count=835 56657 2594 2978 391 725 20 312 87 1035 155 168 74 435 371 61 308 548 55 12 24 339 80 17 110 358 213 10 63 154 232
internal_value=0.0695795 0.0803952 0.0811401 0.0706394 0.07715 0.0653533 0.0421646 0.0172981 0.0717184 0.0543236 0.0441651 2.29489e-06 -0.0128231 0.00579255 0.0833259 0.0637757 0.0475948 0.0529257 0.000186275 -0.010877 -0.0246737 0.035446 -0.0432976 0.0503731 0.0346396 0.00465146 0.0353469 0.0808461 -0.0163653 0.0600002
internal_weight=18077 16593.4 16500.9 4780.58 3890.9 1337.09 889.677 292.188 1218.1 597.489 429.719 41.5084 158.325 109.894 2553.82 283.279 415.705 133.863 118.984 104.946 88.623 20.9521 67.6709 404.587 178.901 80.7561 54.6657 32.0112 18.2281 126.13
internal_count=69421 12764 10170 7192 3240 1992 3952 2015 1500 1937 1782 465 1641 806 1248 523 1614 374 492 480 456 100 356 1302 754 396 183 73 215 319
is_linear=0
shrinkage=0.05


Tree=16
num_leaves=31
num_cat=0
split_feature=2 14 27 28 8 4 8 29 9 30 28 32 8 8 33 3 33 29 30 26 32 9 30 3 25 4 30 28 29 8
split_gain=8621.02 387.774 470.989 180.18 246.47 134.864 85.2707 60.6561 56.6906 53.0045 49.9837 33.8542 185.4 80.6492 33.6991 30.6705 27.6116 29.7222 39.8427 23.4854 22.54 17.9685 14.6461 14.1343 12.8642 11.257 12.2179 8.98496 6.26197 3.23
threshold=1.0000000180025095e-35 1.0000000180025095e-35 1.0000000180025095e-35 1.0000000180025095e-35 1.0000000180025095e-35 1.0000000180025095e-35 1.0000000180025095e-35 1.0000000180025095e-35 1.0000000180025095e-35 1.0000000180025095e-35 1.0000000180025095e-35 1.0000000180025095e-35 1.0000000180025095e-35 1.0000000180025095e-35 1.0000000180025095e-35 1.0000000180025095e-35 1.0000000180025095e-35 1.0000000180025095e-35 1.0000000180025095e-35 1.0000000180025095e-35 1.0000000180025095e-35 1.0000000180025095e-35 1.0000000180025095e-35 1.0000000180025095e-35 1.0000000180025095e-35 1.0000000180025095e-35 1.0000000180025095e-35 1.0000000180025095e-35 1.0000000180025095e-35 1.0000000180025095e-35
decision_type=2 2 2 2 2 2 2 2 2 2 2 2 2 2 2 2 2 2 2 2 2 2 2 2 2 2 2 2 2 2
left_child=1 2 3 4 8 6 21 9 14 11 -7 13 -13 24 15 20 17 18 19 27 25 23 -9 -4 -5 26 -1 -8 -12 -24
right_child=-2 -3 5 7 -6 10 16 22 -10 -11 28 12 -14 -15 -16 -17 -18 -19 -20 -21 -22 -23 29 -25 -26 -27 -28 -29 -30 -31
leaf_value=0.023177191394890911 -0.051321149469860564 0.082373198422648827 0.025961113277719924 0.063354843919999765 -0.053792796820675608 0.08257901922836916 0.054479555728401019 0.085878735323479241 -0.051395769832313268 -0.05709307891542386 0.058136019698003874 -0.058201354490265492 0.078957169869487864 0.0011569343002095986 -0.061483511563676034 -0.053289868940721054 0.079494758243530084 0.077044062705919375 0.089584829359630011 0.0969966280819895 -0.063322162415256844 -0.051979680261691287 0.090218535872198066 -0.05490065621889148 -0.051096811668973147 0.061663138857974253 0.068038481465193326 0.042641034369735376 0.085738441233406612 0.049523258201154108
leaf_weight=50.389463761821389 1413.0860407613218 11545.454492941499 50.202328136190772 109.46861491166055 116.94398024305701 2240.9537551030517 517.71496888995171 116.34472097456455 17.424510605633259 13.422826211899517 262.0441052634269 28.841666532680392 168.62404656410217 114.87722832337022 7.524082299321889 7.4588774126023045 220.74139803647995 207.56386151909828 79.909163516014814 28.592785358428955 4.2884950116276732 11.232568236067889 5.5017728116363278 6.043191445991396 2.4995708093047133 122.16834945417941 21.758151955902576 233.27497115731239 22.435072312131524 46.334902226924896
leaf_count=279 56657 3069 270 438 2369 725 886 54 682 168 507 322 344 514 58 234 98 117 70 7 28 364 38 147 90 248 54 500 16 68
internal_value=0.0671723 0.0773947 0.0655052 0.0340258 0.00534771 0.0732426 0.0605161 0.0504934 0.0352893 0.0406834 0.0800718 0.043779 0.0589195 0.0305952 0.0423655 0.0461626 0.063387 0.0600536 0.0559491 0.0524996 0.0499027 0.00571743 0.0760194 0.017256 0.060791 0.0524073 0.0367209 0.0508035 0.0603175 0.0538687
internal_weight=17793.1 16380 4834.58 953.871 347.956 3880.71 1355.28 605.915 231.012 437.734 2525.43 424.311 197.466 226.845 213.587 206.063 1287.8 1067.06 859.492 779.583 198.604 67.4781 168.181 56.2455 111.968 194.316 72.1476 750.99 284.479 51.8367
internal_count=69421 12764 9695 5988 3952 3707 2459 2036 1583 1876 1248 1708 666 1042 901 843 1678 1580 1463 1393 609 781 160 417 528 581 333 1386 523 106
is_linear=0
shrinkage=0.05


Tree=17
num_leaves=31
num_cat=0
split_feature=2 14 6 4 6 31 6 8 29 8 29 30 7 7 6 7 26 6 6 1 29 29 6 4 7 6 7 30 30 7
split_gain=7880.52 391.597 477.682 203.465 227.144 72.0952 55.6821 54.1315 48.4877 39.1205 35.3631 31.9365 29.6909 39.4914 40.6957 25.2529 23.0858 22.8361 22.1151 23.7162 21.534 21.5 19.4649 19.2709 18.3354 16.7872 14.9629 17.7034 14.7013 14.6409
threshold=1.0000000180025095e-35 1.0000000180025095e-35 3.5000000000000004 1.0000000180025095e-35 8.5000000000000018 1.0000000180025095e-35 4.5000000000000009 1.0000000180025095e-35 1.0000000180025095e-35 1.0000000180025095e-35 1.0000000180025095e-35 1.0000000180025095e-35 0.29705882352941182 0.35147058823529415 9.5000000000000018 0.36939571150097467 1.0000000180025095e-35 4.5000000000000009 2.5000000000000004 1.0000000180025095e-35 1.0000000180025095e-35 1.0000000180025095e-35 7.5000000000000009 1.0000000180025095e-35 0.24126984126984127 5.5000000000000009 0.30217391304347835 1.0000000180025095e-35 1.0000000180025095e-35 0.46862745098039221
decision_type=2 2 2 2 2 2 2 2 2 2 2 2 2 2 2 2 2 2 2 2 2 2 2 2 2 2 2 2 2 2
left_child=1 2 18 4 5 6 9 12 26 -4 17 -10 -6 -14 -15 -8 24 -5 19 -1 29 -20 25 -21 -11 -19 27 -9 -22 -17
right_child=-2 -3 3 10 7 -7 15 8 11 16 -12 -13 13 14 -16 20 -18 22 21 23 28 -23 -24 -25 -26 -27 -28 -29 -30 -31
leaf_value=-0.052078070758050911 -0.051255011822827205 0.079748291620651834 -0.059883762119939524 0.029168376981052985 -0.061241580750587811 -0.084264224185009506 0.067545885408012138 -0.019982628900693682 0.075085384909902075 0.10588646962329376 0.080582294027718326 -0.061046687611685857 0.07991806912084172 0.10805049520272048 -0.068202758391584462 0.041825401255887677 0.1067541495248145 0.058690400745990516 -0.015900036152291134 -0.055110847019152545 0.081358608652738265 0.044092054970636792 0.061907893025728994 0.1054255473200339 0.032582731286518181 0.077286127754680342 -0.039656515164260546 0.088335913076994288 0.03886366945729839 0.065010989683527948
leaf_weight=61.415559016168118 1345.8597012609243 11334.504659488797 10.19531352445483 34.932039670646191 6.3478022143244734 8.7251494582742435 1023.6432117670774 14.043732080608608 20.022308010607961 8.9594299942255002 1278.7729735989124 5.4765843600034705 38.723501576110721 4.695434756577014 10.759030455723403 273.18069405294955 12.325034141540526 144.32597792521119 81.124498540535569 3.1204076819121829 93.497700467705727 18.291713524609804 475.68859653919935 4.6247574202716351 178.2377535328269 777.6049824655056 87.66918527148664 5.1448038928210726 26.117451066151261 90.913475476205349
leaf_count=2149 56657 3069 193 176 80 47 1105 77 27 6 388 58 48 12 83 796 3 170 1174 73 45 83 679 8 859 451 624 17 73 191
internal_value=0.0649826 0.0746795 0.0627063 0.0657165 0.0532551 0.0590064 0.0597352 0.0017925 -0.0161168 0.0355877 0.0745345 0.0458152 0.0409608 0.0529537 -0.0145852 0.0630943 0.0404714 0.069135 -0.0199654 -0.0416769 0.0536714 -0.00485366 0.0701334 0.0406958 0.0360993 0.0743762 -0.0309029 0.00906443 0.0720882 0.0476178
internal_weight=17478.9 16133.1 4798.58 4630 1918.68 1725.8 1717.07 192.882 132.357 209.718 2711.32 25.4989 60.5258 54.178 15.4545 1507.35 199.522 1432.55 168.577 69.1607 483.709 99.4162 1397.62 7.74517 187.197 921.931 106.858 19.1885 119.615 364.094
internal_count=69421 12764 9695 6208 4344 3318 3271 1026 803 1061 1864 85 223 143 95 2210 868 1476 3487 2230 1105 1257 1300 81 865 621 718 94 118 987
is_linear=0
shrinkage=0.05


Tree=18
num_leaves=31
num_cat=0
split_feature=2 17 1 3 7 13 29 7 8 28 27 7 8 30 4 0 33 30 0 30 27 7 7 7 7 31 7 7 7 7
split_gain=7222.36 534.377 127.482 80.8014 55.2506 52.7985 53.5852 29.122 69.1143 22.0177 83.8135 89.6895 83.3514 43.3111 34.5861 25.8128 20.2433 24.8267 19.1254 22.1727 18.9127 42.3618 31.6792 19.6642 18.4974 17.2405 17.1798 16.5329 16.5155 22.712
threshold=1.0000000180025095e-35 1.0000000180025095e-35 1.0000000180025095e-35 1.0000000180025095e-35 0.30217391304347835 1.0000000180025095e-35 1.0000000180025095e-35 0.11805555555555557 1.0000000180025095e-35 1.0000000180025095e-35 1.0000000180025095e-35 0.2834821428571429 1.0000000180025095e-35 1.0000000180025095e-35 1.0000000180025095e-35 1.0000000180025095e-35 1.0000000180025095e-35 1.0000000180025095e-35 1.0000000180025095e-35 1.0000000180025095e-35 1.0000000180025095e-35 0.44097222222222227 0.35504201680672276 0.42481203007518803 0.46862745098039221 1.0000000180025095e-35 0.12916666666666668 0.35147058823529415 0.31789473684210529 0.29705882352941182
decision_type=2 2 2 2 2 2 2 2 2 2 2 2 2 2 2 2 2 2 2 2 2 2 2 2 2 2 2 2 2 2
left_child=1 2 3 5 -5 6 7 8 -1 10 11 -9 15 25 16 -11 17 27 -13 24 21 22 -17 -24 -20 -14 -4 -12 29 -22
right_child=-2 -3 26 4 -6 -7 -8 9 -10 12 14 18 13 -15 -16 20 -18 -19 19 -21 28 -23 23 -25 -26 -27 -28 -29 -30 -31
leaf_value=-0.019852818581479456 -0.051192261785960237 -0.052441922370576724 0.029136076121731965 -0.052903162140213712 0.073483516068377899 0.077498950028123514 0.076469103414774309 -0.025771945236546353 0.0803437656012983 0.084956577653727161 0.062325208758099986 0.08849820043489659 0.073799511839788182 0.016272646079029687 0.076664991445171457 0.032513040505023343 0.07549871551955406 0.08444658262878546 0.044117717116326192 -0.010654897570627533 0.038956600484302932 0.10855521960560124 -0.060158510886243868 0.038469352621120778 0.067809311860765928 0.038788445965997356 -0.05447836849088436 0.04648490131397854 0.059726751151274182 -0.068868242385461936
leaf_weight=30.454740377143025 1281.7510361336172 85.519698679447174 8.6254533696919697 21.40092409029603 14.495166361331938 4977.9923135787249 3388.3793033864349 39.680938921868801 39.53774892911315 43.72807814925909 437.50335078686476 34.581182636320591 4354.2892172709107 33.323292680084705 950.42772620916367 64.398471519351006 264.30954864621162 88.672920189797878 246.95005856640637 14.644098864868281 55.678701981902122 13.583225354552267 18.561792597174648 6.9288782179355612 123.94019472412765 35.544448539614677 21.239500915631652 265.09205006808043 175.43579557538033 5.3411088585853568
leaf_count=571 56657 2594 92 666 12 1342 1291 303 30 47 391 45 2186 113 330 264 103 47 654 120 88 23 143 15 242 46 416 387 176 27
internal_value=0.062972 0.0721982 0.072874 0.0730698 -0.0018469 0.073241 0.0712657 0.0688643 0.036743 0.0691733 0.0653279 0.0460683 0.0711457 0.0730851 0.0697419 0.0487833 0.0635074 0.0595003 0.0528554 0.0496549 0.0441261 0.0262838 0.0138355 -0.0333253 0.0520377 0.0735162 -0.0303108 0.0563501 0.0519303 0.0295007
internal_weight=17142 15860.3 15774.7 15744.9 35.8961 15709 10731 7342.61 69.9925 7272.62 2465.8 459.796 4806.81 4423.16 2006.01 383.656 1055.58 791.268 420.116 385.534 339.928 103.472 89.8891 25.4907 370.89 4389.83 29.865 702.595 236.456 61.0198
internal_count=69421 12764 10170 9662 678 8984 7642 6351 601 5750 2622 1364 3128 2345 1258 783 928 825 1061 1016 736 445 422 158 896 2232 508 778 291 115
is_linear=0
shrinkage=0.05


Tree=19
num_leaves=31
num_cat=0
split_feature=2 17 14 27 4 6 28 8 6 8 28 29 30 6 6 6 32 7 7 7 6 0 30 7 6 6 7 7 29 0
split_gain=6633.06 489.851 352.032 336.506 119.3 183.171 77.3709 178.356 71.5059 64.2813 57.5974 55.2216 44.4337 41.5958 39.2782 38.2901 107.45 36.4442 37.8494 36.0577 25.7364 29.8432 34.7053 34.2247 24.6468 24.2345 36.9726 23.3082 23.1538 19.9223
threshold=1.0000000180025095e-35 1.0000000180025095e-35 1.0000000180025095e-35 1.0000000180025095e-35 1.0000000180025095e-35 8.5000000000000018 1.0000000180025095e-35 1.0000000180025095e-35 4.5000000000000009 1.0000000180025095e-35 1.0000000180025095e-35 1.0000000180025095e-35 1.0000000180025095e-35 5.5000000000000009 4.5000000000000009 5.5000000000000009 1.0000000180025095e-35 0.31789473684210529 0.46862745098039221 0.2834821428571429 7.5000000000000009 1.0000000180025095e-35 1.0000000180025095e-35 0.35504201680672276 2.5000000000000004 6.5000000000000009 0.26969696969696971 0.24126984126984127 1.0000000180025095e-35 1.0000000180025095e-35
decision_type=2 2 2 2 2 2 2 2 2 2 2 2 2 2 2 2 2 2 2 2 2 2 2 2 2 2 2 2 2 2
left_child=1 2 3 6 5 9 7 8 -1 13 -6 12 15 -5 24 16 -8 -18 -19 -10 -21 -22 23 -23 -12 -17 -27 -11 -7 -28
right_child=-2 -3 -4 4 10 28 11 -9 19 27 14 -13 -14 -15 -16 25 17 18 -20 20 21 22 -24 -25 -26 26 29 -29 -30 -31
leaf_value=-0.054631887431196458 -0.051132708840276202 -0.052321527518631117 0.075481483503672314 -0.062575327770998543 0.075138747858813706 -0.014112009233786554 -0.064899461405953984 -0.055097087275222861 -0.00778150580464916 0.075428329221334064 0.061467722750053105 0.066607766814771471 -0.057345285224535331 0.040907043733553888 0.056082242302256904 0.064070565273550956 0.079140293738847858 -0.057627436174887442 0.038763308734009572 0.069742225387950149 0.074178780837030639 0.026003452900499924 0.055555414244081981 -0.081987154608200802 -0.06057373092211063 0.081780247414369012 0.07258202317648671 0.057985251916341601 0.04969810333319935 0.018969490694676187
leaf_weight=20.769318222999573 1220.6234992109239 81.531342089176178 10845.40844425559 16.876804957166314 2122.7404614761472 103.36563755385578 33.229261791333556 76.286779537796974 29.886722382158041 242.237144947052 6.2383145913481739 165.18084177002311 13.257338292896746 22.840382758527994 266.88969624042511 107.46895988285542 36.134885815903544 13.665532991290091 39.861819207668304 91.540544524788857 26.085068747401237 14.882620118558409 22.306042678654194 14.444378010928629 12.22402787581086 34.699089635163546 19.584077656269073 921.99300242960453 16.471260566264391 150.64030941948295
leaf_count=512 56657 2594 2978 391 725 468 397 1046 193 98 61 155 168 74 308 136 112 119 146 98 31 33 34 68 154 73 17 937 24 614
internal_value=0.0611062 0.069906 0.0705495 0.059026 0.0656737 0.0536138 0.0317607 0.0107711 0.033624 0.0594817 0.0723028 0.0418899 0.0327848 -0.00305725 0.0512028 0.0355323 0.0118817 0.0403469 0.0141392 0.0428332 0.0517733 0.0305959 0.00855804 -0.0271778 -0.0192986 0.0448338 0.0347403 0.0616156 -0.00533389 0.0251444
internal_weight=16789.4 15568.7 15487.2 4641.8 3731.88 1323.78 909.924 296.201 219.915 1203.95 2408.09 613.722 448.541 39.7172 285.352 435.284 122.891 89.6622 53.5274 199.145 169.259 77.7181 51.633 29.327 18.4623 312.392 204.923 1164.23 119.837 170.224
internal_count=69421 12764 10170 7192 3240 1992 3952 2015 969 1500 1248 1937 1782 465 523 1614 774 377 265 457 264 166 135 101 215 840 704 1035 492 631
is_linear=0
shrinkage=0.05


Tree=20
num_leaves=31
num_cat=0
split_feature=2 12 27 28 4 13 4 28 31 7 7 13 7 7 7 7 31 33 7 0 7 33 7 13 7 0 7 7 7 4
split_gain=6091.44 189.173 643.729 91.6064 128.398 73.3564 129.829 56.7467 46.8986 43.2611 40.7871 40.3873 36.8118 35.9619 45.2374 35.7017 33.5368 31.0874 29.3094 28.3493 29.6882 26.1401 22.5969 22.466 16.7961 19.2263 23.8423 16.7858 39.8517 31.1439
threshold=1.0000000180025095e-35 1.0000000180025095e-35 1.0000000180025095e-35 1.0000000180025095e-35 1.0000000180025095e-35 1.0000000180025095e-35 1.0000000180025095e-35 1.0000000180025095e-35 1.0000000180025095e-35 0.11805555555555557 0.12916666666666668 1.0000000180025095e-35 0.24126984126984127 0.3585714285714286 0.2834821428571429 0.21525096525096529 1.0000000180025095e-35 1.0000000180025095e-35 0.22649572649572652 1.0000000180025095e-35 0.29705882352941182 1.0000000180025095e-35 0.30217391304347835 1.0000000180025095e-35 0.2834821428571429 1.0000000180025095e-35 0.39444444444444454 0.35504201680672276 0.42481203007518803 1.0000000180025095e-35
decision_type=2 2 2 2 2 2 2 2 2 2 2 2 2 2 2 2 2 2 2 2 2 2 2 2 2 2 2 2 2 2
left_child=1 2 3 4 11 6 8 -8 9 -4 -5 13 -6 14 -1 -11 18 -14 -12 -20 -21 -17 -16 27 -9 -26 -27 -22 29 -29
right_child=-2 -3 5 10 12 -7 7 24 -10 15 16 -13 17 -15 22 21 -18 -19 19 20 23 -23 -24 -25 25 26 -28 28 -30 -31
leaf_value=-0.054574559796646771 -0.051076088332336102 0.073580421911883728 -0.022077637640985474 -0.052062133373116097 -0.061175130726904559 0.073620354992811374 0.0730125416445674 0.023707518330092405 -0.084714941219230136 0.071493833303364493 0.068163620730057842 0.044447917856930017 0.052634020322873565 -0.054470789982600291 0.037399310156956383 0.045798555164961341 -0.08649920333328448 -0.063204025107267872 0.079768712318526752 0.002874977329964756 0.046418994405214783 0.068299555304860413 -0.013666383825427085 0.06906156341661833 0.095270190550740971 0.061360105754198861 0.02204902513956071 0.013617088874963865 0.041385442257032952 -0.059825017810725939
leaf_weight=39.29861237667501 1156.6028135437518 7518.149434812367 19.736065935343504 12.698658386245368 8.2296401690691692 3134.399031534791 2090.2833284921944 55.107872344553471 6.3504327256232491 207.69608745910227 77.914728656411171 22.609626457095146 132.8226064350456 71.290169563144445 40.431205317378044 945.68072881735861 5.3177825435996047 6.0439444482326499 33.761868797242641 72.818005302920938 150.71067065373063 149.6599195972085 46.630423806607723 49.579669624567032 25.724200792610645 122.88242555037141 56.304481603205204 76.203087702393532 147.10121716745198 17.798059549182653
leaf_count=898 56384 2130 393 428 113 888 738 193 37 84 62 58 213 1802 123 1841 35 41 32 287 322 79 757 24 11 116 169 286 457 142
internal_value=0.0595746 0.0679157 0.0624731 0.0252464 0.005321 0.0679979 0.0632079 0.0702717 0.0507162 0.0513674 0.0366131 -0.018834 0.0414926 -0.0260773 -0.0100513 0.0524804 0.0383987 0.0475846 0.039462 0.035379 0.032462 0.048874 0.0100442 0.0373417 0.0482342 0.0548263 0.0490124 0.033325 0.0251364 -0.000287914
internal_weight=16499.8 15343.2 7825.08 1011.26 367.356 6813.82 3679.43 2350.3 1329.12 1322.77 643.904 220.26 147.096 197.65 126.36 1303.04 631.205 138.867 625.887 547.973 514.211 1095.34 87.0616 441.393 260.019 204.911 179.187 391.813 241.102 94.0011
internal_count=69143 12759 10629 6080 4005 4549 3661 1227 2434 2397 2075 3638 367 3580 1778 2004 1647 254 1612 1550 1518 1920 880 1231 489 296 285 1207 885 428
is_linear=0
shrinkage=0.05


Tree=21
num_leaves=31
num_cat=0
split_feature=0 14 4 10 32 6 6 28 6 28 6 6 7 31 6 32 28 7 8 28 33 6 33 7 6 29 30 6 3 6
split_gain=5239.26 411.172 276.738 195.753 191.969 155.66 159.791 84.7881 83.8163 64.2815 62.8111 56.688 52.9292 51.0861 37.2379 37.591 36.1333 40.2602 35.3843 48.4502 31.3282 25.7269 23.6191 21.7281 21.6931 21.1595 25.6536 19.9273 19.522 27.0899
threshold=1.0000000180025095e-35 1.0000000180025095e-35 1.0000000180025095e-35 1.0000000180025095e-35 1.0000000180025095e-35 3.5000000000000004 8.5000000000000018 1.0000000180025095e-35 6.5000000000000009 1.0000000180025095e-35 5.5000000000000009 4.5000000000000009 0.35147058823529415 1.0000000180025095e-35 7.5000000000000009 1.0000000180025095e-35 1.0000000180025095e-35 0.46862745098039221 1.0000000180025095e-35 1.0000000180025095e-35 1.0000000180025095e-35 8.5000000000000018 1.0000000180025095e-35 0.24126984126984127 2.5000000000000004 1.0000000180025095e-35 1.0000000180025095e-35 2.5000000000000004 1.0000000180025095e-35 10.500000000000002
decision_type=2 2 2 2 2 2 2 2 2 2 2 2 2 2 2 2 2 2 2 2 2 2 2 2 2 2 2 2 2 2
left_child=3 2 5 8 7 9 11 -4 -1 -2 24 16 18 14 25 20 17 -7 -8 -20 -16 -12 -19 -10 -9 -13 -27 -11 29 -25
right_child=1 -3 4 -5 -6 6 12 10 23 27 21 13 -14 -15 15 -17 -18 22 19 -21 -22 -23 -24 28 -26 26 -28 -29 -30 -31
leaf_value=-0.044314540947451887 -0.041742241054283161 0.071729354843566337 0.069630783577518993 -0.050992066063566002 -0.059709429189334896 0.026595017839365249 0.062611347045317525 0.092057501818373397 -0.05243040926429865 -0.05609243147186474 0.061963153943010191 0.051349077660986966 -0.039402258008199034 -0.083714859964628172 0.014060509636606228 0.1017882606380445 0.039710795820876388 -0.065953360297380123 0.024119096531064598 -0.062827589157965796 0.072586807377016158 0.027310061545852738 0.044073462712238581 0.023203509432815992 -0.019595330788140432 0.073437069150857195 0.03527980595063808 0.054313574669063669 0.075855374511054799 -0.023343929521288803
leaf_weight=91.792288560420275 80.315267184749246 10454.948499731719 2135.7820666320622 958.76260388083756 30.69179243594408 46.447389548644423 31.798102961853147 4.7908328622579566 11.89479656331241 4.7113790065050116 179.67519565671682 925.66301722824574 62.61799419298768 6.9617586750537148 139.04491858184338 16.978954184800386 127.51837045326829 26.683907803148031 58.558178130537271 22.046335190534592 27.366987720131874 76.427664794027805 5.9550573676824561 140.71158248372376 46.275577019900084 247.06055480241776 53.708706796169281 30.298994220793247 13.193077247589825 40.164634395390749
leaf_count=3488 2186 3114 890 50207 298 382 66 5 424 97 179 1480 536 35 388 7 345 218 194 144 10 221 8 2563 240 92 138 140 11 1037
internal_value=0.0580388 0.0663381 0.0534907 -0.0399941 0.0645363 0.0392129 0.0428241 0.0660977 -0.00457884 -0.0170945 0.041529 0.0477177 -0.00256396 0.051286 0.0519536 0.0309304 0.0232444 -0.00330125 0.0179554 0.000327052 0.0236921 0.0516252 -0.045856 0.0131291 -0.00909478 0.0550966 0.0666263 0.0394301 0.0171524 0.0128639
internal_weight=16098.8 14842.3 4387.38 1256.52 2473.64 1913.74 1798.41 2442.95 297.756 115.326 307.169 1623.39 175.021 1416.78 1409.82 183.391 206.605 79.0864 112.403 80.6045 166.412 256.103 32.639 205.964 51.0664 1226.43 300.769 35.0104 194.069 180.876
internal_count=69143 11413 8299 57730 1833 6466 4043 1535 7523 2423 645 3103 940 2150 2115 405 953 608 404 338 398 400 226 4035 245 1710 230 237 3611 3600
is_linear=0
shrinkage=0.05


Tree=22
num_leaves=31
num_cat=0
split_feature=2 14 27 6 4 6 6 18 29 0 6 6 32 4 4 6 6 6 33 29 6 6 33 29 6 6 0 26 6 33
split_gain=5229.56 448.22 463.212 127.085 126.642 95.9465 85.6759 69.3069 48.2785 55.5425 45.5283 33.0951 32.4646 112.997 104.509 42.2814 32.0939 30.3082 24.2077 26.8746 23.1186 21.6858 18.5929 18.4444 29.1574 25.1251 19.4499 15.176 15.081 14.7171
threshold=1.0000000180025095e-35 1.0000000180025095e-35 1.0000000180025095e-35 3.5000000000000004 1.0000000180025095e-35 8.5000000000000018 2.5000000000000004 1.0000000180025095e-35 1.0000000180025095e-35 1.0000000180025095e-35 6.5000000000000009 4.5000000000000009 1.0000000180025095e-35 1.0000000180025095e-35 1.0000000180025095e-35 5.5000000000000009 7.5000000000000009 5.5000000000000009 1.0000000180025095e-35 1.0000000180025095e-35 7.5000000000000009 7.5000000000000009 1.0000000180025095e-35 1.0000000180025095e-35 5.5000000000000009 10.500000000000002 1.0000000180025095e-35 1.0000000180025095e-35 10.500000000000002 1.0000000180025095e-35
decision_type=2 2 2 2 2 2 2 2 2 2 2 2 2 2 2 2 2 2 2 2 2 2 2 2 2 2 2 2 2 2
left_child=1 2 3 -1 5 6 -4 11 9 10 -5 27 13 15 17 -11 -10 -14 19 28 -17 -13 -15 24 26 -26 -6 -8 -7 -23
right_child=-2 -3 4 8 23 18 7 -9 16 12 -12 21 14 22 -16 20 -18 -19 -20 -21 -22 29 -24 -25 25 -27 -28 -29 -30 -31
leaf_value=-0.044427294004038949 -0.050979347562960575 0.07015068473349996 -0.054233573410687713 -0.05677158158028487 -0.053338905660160009 -0.0050416728435527143 0.02968791570446068 -0.091359120929307314 0.056008103499850095 -0.059742924991406279 0.070226272666658304 0.060303740035614464 0.02431100939997359 0.039431139950931837 -0.05963204648945284 0.0080892398027372341 0.0033562097657142478 0.067537214155942618 0.067417140518516425 0.059160456457049884 -0.029271590516518887 0.02940288904819538 -0.060189497135042208 0.071130703998852116 0.066828055384198559 0.018032065372009264 0.046067356209376922 0.098610652206482241 -0.06304945364881008 0.071239314005898502
leaf_weight=71.622180400416255 1053.7830091882497 10163.115426704288 18.909123443067074 7.8216044958680859 5.0564099475741378 80.355741266161203 155.68236054107547 8.2420657724142057 161.96597439050674 48.881185963749886 71.199239164590836 868.2783927153796 84.325835969299078 155.55392800830305 27.88437494635582 102.22845881059766 35.265528116375208 78.228613026440144 13.663818493485449 14.893894180655478 69.567197918891907 100.48615546897054 4.816612619906663 1109.6818855851889 937.35793856903911 27.182332128286362 168.18417605757713 8.4189910888671857 13.015875540673731 26.619096532464027
leaf_count=2511 56384 3114 589 171 119 319 502 39 235 696 93 653 341 362 235 414 136 166 10 18 586 168 38 336 454 53 265 2 125 9
internal_value=0.0566002 0.0643446 0.0511594 0.0195221 0.0593385 0.0469705 0.0513105 0.0530204 0.024926 0.018354 0.0576439 0.0540479 0.0129195 0.00449288 0.0297765 -0.0187166 0.046597 0.0451194 0.00472874 -0.00318383 -0.00703763 0.0574787 0.0364324 0.0665392 0.06206 0.0654536 0.0431602 0.0332327 -0.0131391 0.0381734
internal_weight=15692.3 14638.5 4475.39 919.361 3556.03 1308.57 1186.64 1167.73 847.739 650.507 79.0208 1159.48 571.486 381.047 190.439 220.677 197.232 162.554 121.929 108.266 171.796 995.384 160.371 2247.46 1137.78 964.54 173.241 164.101 93.3716 127.105
internal_count=69143 12759 9645 5984 3661 2434 1962 1373 3473 3102 264 1334 2838 2096 742 1696 371 507 472 462 1000 830 400 1227 891 507 384 504 444 177
is_linear=0
shrinkage=0.05


Tree=23
num_leaves=31
num_cat=0
split_feature=0 14 27 10 4 17 6 6 17 6 6 7 6 8 6 33 8 7 6 7 27 7 6 30 8 3 7 6 6 7
split_gain=4481.24 420.346 457.593 186.464 120.108 91.2997 85.7472 74.1624 73.6471 43.7868 34.2197 30.383 29.4306 29.7632 24.7463 22.0871 20.9406 22.0311 20.8087 19.5804 19.0915 32.3374 20.6613 18.8644 18.7685 17.8115 23.0516 16.6074 16.1763 15.2371
threshold=1.0000000180025095e-35 1.0000000180025095e-35 1.0000000180025095e-35 1.0000000180025095e-35 1.0000000180025095e-35 1.0000000180025095e-35 8.5000000000000018 6.5000000000000009 1.0000000180025095e-35 7.5000000000000009 5.5000000000000009 0.31789473684210529 4.5000000000000009 1.0000000180025095e-35 6.5000000000000009 1.0000000180025095e-35 1.0000000180025095e-35 0.39444444444444454 10.500000000000002 0.24126984126984127 1.0000000180025095e-35 0.40270270270270275 10.500000000000002 1.0000000180025095e-35 1.0000000180025095e-35 1.0000000180025095e-35 0.37797619047619052 12.500000000000002 8.5000000000000018 0.31789473684210529
decision_type=2 2 2 2 2 2 2 2 2 2 2 2 2 2 2 2 2 2 2 2 2 2 2 2 2 2 2 2 2 2
left_child=3 2 5 7 6 9 8 -1 12 10 16 -12 13 -4 -14 18 17 -2 24 -9 21 25 -22 -13 -8 26 28 -11 -21 -26
right_child=1 -3 4 -5 -6 -7 15 19 -10 27 11 23 14 -15 -16 -17 -18 -19 -20 20 22 -23 -24 -25 29 -27 -28 -29 -30 -31
leaf_value=-0.043603742813912966 -0.059348328399949017 0.068707927300288116 -0.071540252389147338 -0.050895678705856123 0.065092480871374953 -0.05132213308644025 0.055800244423657046 -0.05246520267354874 -0.052641130982719324 0.0040033280324354159 0.014058389447278843 0.051868873541601981 0.060711591862427763 0.036174859465156514 0.044185485634672408 0.065884269432247039 0.019148098862545454 0.019022618050929186 -0.063321499470160289 0.017557305911606112 0.058944006751530914 -0.053037020351573039 -0.066654832613655832 0.0046710701113507917 0.035555127637793914 0.073076502375696517 0.053972071809319899 -0.061142897917053421 -0.02388994640460677 -0.016483182412306223
leaf_weight=84.862666999921203 19.073276970535517 9865.2541429027915 6.6757246963679782 869.09444013983011 2154.3443748354912 47.169146632775664 15.622168349102138 11.082819502800701 17.237035606056452 198.22953527793288 96.932111240923405 216.14083170890808 625.20854430645704 156.13442006707191 355.97288487479091 13.391214355826376 185.63317995145917 16.896531956270337 12.313479855656622 54.363272877410054 35.072515884414315 19.044007457792759 3.5994945373386136 23.498078711330891 18.390677884221077 12.630308862775562 24.473387107253075 10.280426602810619 41.504657067358494 59.68822968006134
leaf_count=3488 263 3114 94 50207 1060 2032 44 424 467 1032 289 410 436 290 378 8 803 81 111 1136 121 773 63 100 36 8 296 126 1214 239
internal_value=0.055294 0.063045 0.0498961 -0.039362 0.0578831 0.0161846 0.0457544 -0.00438878 0.0499033 0.0203391 0.0276422 0.0376883 0.0514492 0.031751 0.0547169 0.00540204 0.0123809 -0.0225252 -0.00223855 0.0121035 0.0158614 0.00787648 0.0472264 0.0472433 0.00578908 0.0166075 0.0106711 0.000786166 -0.000382098 -0.00421671
internal_weight=15269.8 14114.1 4248.83 1155.73 3434.98 813.853 1280.63 286.633 1161.23 766.684 558.174 336.571 1143.99 162.81 981.181 119.406 221.603 35.9698 106.015 201.77 190.688 152.016 38.672 239.639 93.7011 132.972 120.341 208.51 95.8679 78.0789
internal_count=69143 11413 8299 57730 3163 5136 2103 7523 1665 3104 1946 799 1198 384 814 438 1147 344 430 4035 3611 3427 184 510 319 2654 2646 1158 2350 275
is_linear=0
shrinkage=0.05


Tree=24
num_leaves=31
num_cat=0
split_feature=2 14 6 28 17 8 6 6 0 7 0 6 7 7 6 0 7 30 7 28 8 7 6 8 6 6 7 32 30 7
split_gain=4514.76 456.454 269.885 139.657 105.131 88.3833 67.3642 61.2317 55.5459 54.451 38.1284 34.1762 29.7693 22.4325 44.899 28.8178 31.6988 20.1558 18.1807 43.7653 21.8032 18.3416 17.5335 17.1563 15.3859 21.2666 14.5465 13.6635 12.0324 33.2857
threshold=1.0000000180025095e-35 1.0000000180025095e-35 4.5000000000000009 1.0000000180025095e-35 1.0000000180025095e-35 1.0000000180025095e-35 8.5000000000000018 6.5000000000000009 1.0000000180025095e-35 0.30217391304347835 1.0000000180025095e-35 10.500000000000002 0.44097222222222227 0.24126984126984127 5.5000000000000009 1.0000000180025095e-35 0.31789473684210529 1.0000000180025095e-35 0.46862745098039221 1.0000000180025095e-35 1.0000000180025095e-35 0.24126984126984127 14.500000000000002 1.0000000180025095e-35 27.500000000000004 11.500000000000002 0.58571428571428574 1.0000000180025095e-35 1.0000000180025095e-35 0.3585714285714286
decision_type=2 2 2 2 2 2 2 2 2 2 2 2 2 2 2 2 2 2 2 2 2 2 2 2 2 2 2 2 2 2
left_child=1 2 4 5 8 11 13 -7 -1 -9 -8 -4 -11 -5 26 -16 -17 -18 21 20 -20 -10 28 -21 25 -12 -15 -25 29 -13
right_child=-2 -3 3 6 -6 7 10 9 18 12 24 22 -14 14 15 16 17 -19 19 23 -22 -23 -24 27 -26 -27 -28 -29 -30 -31
leaf_value=-0.051485604027664056 -0.05089051646394948 0.067384881991332843 0.064303712927942888 0.060186543117634578 -0.051592390388260814 0.055613248066347709 0.059706559179118025 0.044223729648371436 -0.0055801709389871725 0.011515982604095809 0.001051485593483732 0.038689463895661483 -0.067229663976851137 -0.0033287443517772473 0.087349841031198375 0.017818251034776592 0.048741603443960918 0.0010039744233411349 0.030126093718937014 -0.053174279379282013 -0.048727258909170901 0.040533220276260939 -0.07482522851337417 0.053821569024380067 0.091644359052837576 -0.062583373772927275 0.050884276829579328 0.014845807303665335 0.06537679455104306 -0.090938410946461823
leaf_weight=25.234676267951727 958.83189816959202 9563.6534606218338 1984.9711161684245 141.02726432494819 59.302383370697498 472.95068731158972 29.373865250498056 210.82398211956024 24.506638234481215 129.11796402931213 125.3561928216368 25.775689553469423 13.221117444336413 76.012775667011738 34.792319789528847 122.26159770414233 449.27406408637762 23.278987787663937 11.77374294772744 5.7123133204877368 34.175426252186298 178.28348588757217 4.1440815553069106 49.39551880210638 4.1781511306762686 14.653725525364278 14.766403567045925 41.367941826581955 17.530027635395527 6.1183252446353427
leaf_count=1056 56384 3114 1041 113 2434 682 56 308 225 490 564 48 180 255 18 298 566 66 61 108 226 397 24 72 1 130 17 158 18 33
internal_value=0.0540447 0.0612869 0.0478163 0.0519605 0.0102092 0.0576484 0.0362165 0.0438491 0.020105 0.0280921 0.00779415 0.06324 0.004194 0.0419425 0.0383694 0.0431093 0.0405193 0.0463911 0.0253409 0.0116427 -0.0285093 0.0349581 0.0238104 0.0307723 -0.00278134 -0.00560909 0.00548883 0.0360664 0.0321043 0.0137862
internal_weight=14851.9 13893 4329.38 3899.63 429.752 2864.65 1034.98 826.114 370.45 353.163 173.562 2038.54 142.339 861.413 720.386 629.607 594.815 472.553 345.215 142.425 45.9492 202.79 53.5681 96.4758 144.188 140.01 90.7792 90.7635 49.424 31.894
internal_count=69143 12759 9645 4908 4737 2824 2084 1660 2303 978 751 1164 670 1333 1220 948 930 632 1247 625 287 622 123 338 695 694 272 230 99 81
is_linear=0
shrinkage=0.05


Tree=25
num_leaves=31
num_cat=0
split_feature=2 14 27 4 17 17 18 29 32 4 4 7 7 7 30 0 29 0 7 7 7 7 7 7 7 30 33 29 30 30
split_gain=4237.47 429.153 365.673 98.8657 90.08 57.0166 53.467 51.2387 49.5012 119.897 100.869 52.551 46.1236 41.9332 33.181 32.5341 25.0064 23.4481 28.921 22.8578 52.9741 19.8306 57.9757 19.9859 19.3287 15.1786 15.084 18.1648 57.5348 28.962
threshold=1.0000000180025095e-35 1.0000000180025095e-35 1.0000000180025095e-35 1.0000000180025095e-35 1.0000000180025095e-35 1.0000000180025095e-35 1.0000000180025095e-35 1.0000000180025095e-35 1.0000000180025095e-35 1.0000000180025095e-35 1.0000000180025095e-35 0.37797619047619052 0.21525096525096529 0.42481203007518803 1.0000000180025095e-35 1.0000000180025095e-35 1.0000000180025095e-35 1.0000000180025095e-35 0.21525096525096529 0.41421568627450983 0.35504201680672276 0.29705882352941182 0.35504201680672276 0.64583333333333337 0.10263157894736843 1.0000000180025095e-35 1.0000000180025095e-35 1.0000000180025095e-35 1.0000000180025095e-35 1.0000000180025095e-35
decision_type=2 2 2 2 2 2 2 2 2 2 2 2 2 2 2 2 2 2 2 2 2 2 2 2 2 2 2 2 2 2
left_child=1 2 4 5 7 6 17 8 10 11 21 -10 -12 -13 -9 -14 24 -4 -19 20 -17 -1 25 -24 -5 -23 27 29 -29 -20
right_child=-2 -3 3 16 -6 -7 -8 14 9 -11 12 13 15 -15 -16 19 -18 18 26 -21 -22 22 23 -25 -26 -27 -28 28 -30 -31
leaf_value=-0.033960617973961084 -0.050846522927993965 0.066183464134767139 -0.017046296404446742 0.010723592415616892 -0.051169205679874069 -0.052393533416357163 -0.083533192853855992 0.064501382087024203 0.071908606545380935 -0.059655203339909618 -0.06176102482790348 -0.057573709490072879 0.081104079566827247 0.035698674772249285 0.022797667240892119 0.03632884915631554 0.067230080926373392 0.063523038239185689 0.034571414701817883 0.058623965237985937 -0.047674607073772517 0.034060557647085314 -0.032677176804516615 0.063089670602261005 0.057216765223783599 -0.059196977461933621 0.058959043406487201 0.067013674914153595 -0.037363685745993906 0.065761859276505505
leaf_weight=79.039805620908737 917.78616049699485 9317.0836602896452 14.595200560986994 22.877040715888143 43.16427952889353 15.149357527494429 8.0128146111965162 105.32506302185357 112.59465643763542 28.837383922189474 11.825736572965978 14.476067408919333 38.330198388546705 71.585175432264805 87.281229602172971 79.202695857733488 1002.6321197152138 211.9964811578393 692.75019809789956 46.486385982483625 24.581471979618073 74.198896009474993 103.79328603856266 5.7372874952852717 1041.8818553760648 4.6231161318719378 134.27957867085934 136.22077859938145 14.606597304344175 83.442042887210846
leaf_count=847 56682 3134 334 183 2067 450 46 94 124 300 239 134 34 251 341 214 330 126 1220 70 104 241 870 36 719 45 80 60 45 72
internal_value=0.0531444 0.0601486 0.047101 0.0547471 0.0193561 0.0440043 0.0451319 0.0227856 0.0164625 0.0355937 0.00715758 0.0494251 0.0339742 0.019999 0.0456077 0.0399827 0.0615593 0.0459335 0.0466559 0.0294857 0.016425 -0.0129417 -0.00411745 -0.027651 0.0562184 0.0285776 0.0432856 0.0410142 0.0569003 0.0379259
internal_weight=14544.4 13626.6 4309.53 3378.44 931.083 1311.05 1295.9 887.918 695.312 227.493 467.819 198.656 200.426 86.0612 192.606 188.601 2067.39 1287.89 1273.3 150.271 103.784 267.392 188.353 109.531 1064.76 78.822 1061.3 927.02 150.827 776.192
internal_count=69492 12810 9676 3665 6011 2433 1983 3944 3509 809 2700 509 661 385 435 422 1232 1937 1603 388 318 2039 1192 906 902 286 1477 1397 105 1292
is_linear=0
shrinkage=0.05


Tree=26
num_leaves=31
num_cat=0
split_feature=2 14 27 6 4 6 28 6 28 4 7 29 32 4 6 7 7 6 6 0 7 7 6 33 6 7 7 29 7 7
split_gain=3941.47 436.704 344.972 102.073 100.268 106.922 76.1799 66.5563 61.5216 102.335 38.3968 29.4698 32.5459 99.8687 77.7313 45.4315 41.7235 32.7884 29.5378 41.3965 38.2686 29.4632 28.0858 24.094 22.2876 21.0315 31.2991 19.6073 19.0803 18.8766
threshold=1.0000000180025095e-35 1.0000000180025095e-35 1.0000000180025095e-35 3.5000000000000004 1.0000000180025095e-35 8.5000000000000018 1.0000000180025095e-35 2.5000000000000004 1.0000000180025095e-35 1.0000000180025095e-35 0.37797619047619052 1.0000000180025095e-35 1.0000000180025095e-35 1.0000000180025095e-35 5.5000000000000009 0.39444444444444454 0.42481203007518803 4.5000000000000009 6.5000000000000009 1.0000000180025095e-35 0.26969696969696971 0.3585714285714286 4.5000000000000009 1.0000000180025095e-35 2.5000000000000004 0.37797619047619052 0.2834821428571429 1.0000000180025095e-35 0.24126984126984127 0.29705882352941182
decision_type=2 2 2 2 2 2 2 2 2 2 2 2 2 2 2 2 2 2 2 2 2 2 2 2 2 2 2 2 2 2
left_child=1 2 3 -1 5 7 -6 -4 9 25 21 12 14 15 -10 -14 -17 -18 -16 -20 -21 -11 24 27 -8 26 -5 -7 -9 -22
right_child=-2 -3 4 8 6 23 22 28 11 10 -12 -13 13 -15 18 16 17 -19 19 20 29 -23 -24 -25 -26 -27 -28 -29 -30 -31
leaf_value=-0.043420290830580667 -0.050804471572348187 0.065060657633369753 -0.054335881673131539 -0.055928624596363996 0.063831419836400768 -0.019315964082269002 0.053784386710904589 0.062057428700109565 -0.065994311748423226 0.018606862186852591 0.059742505456224698 0.053001039862974178 0.073641839563426029 -0.058849724042140089 0.048781260060813555 -0.057372734551410023 0.012708697213129873 0.084578756323365922 0.062433989561783476 0.060923297083847243 -0.082407164453012674 -0.08710902959371912 0.039339765506458645 0.060182550660998591 -0.061520528337711849 -0.056205081895715915 0.0055439143339273793 0.04105208722596309 0.045291772704360259 -0.010590175464452414
leaf_weight=61.969435541890562 873.72956404276192 9011.7285003662109 16.006564802490175 30.265799188986421 1756.099972654134 91.537909233942628 6.2162900902330902 206.83455145545304 27.265560399740934 66.92705612629652 70.414388164877892 133.1810076572001 107.50992866978049 22.601901885122061 75.270474132150412 13.170459017157553 42.0284264087677 25.511094707995653 28.809389665722847 17.93460476770997 10.433647230267523 7.2998096048831931 237.6139622181654 13.59624322876334 12.797282192856072 42.377686086110771 65.471902556717396 15.753724521026014 952.97148874402046 74.136743387207389
leaf_count=2523 56682 3134 578 574 729 461 55 170 231 209 69 133 79 208 112 118 156 12 32 53 50 32 292 12 156 685 329 24 1188 406
internal_value=0.0520526 0.0588385 0.0455887 0.0185503 0.0531261 0.0422811 0.0601124 0.0468848 0.0230136 0.00390041 0.0332943 0.032365 0.0261823 0.0404297 0.0133346 0.0523565 0.0239915 0.0398714 0.0238098 0.00948945 -0.00539057 0.00819321 0.0346599 -0.00249255 -0.023788 -0.0268789 -0.0138881 -0.0104444 0.0482826 -0.019465
internal_weight=14117.5 13243.7 4232.01 922.579 3309.43 1296.7 2012.73 1175.81 860.61 282.757 144.641 577.853 444.672 210.822 233.85 188.22 80.71 67.5395 206.585 131.314 102.505 74.2269 256.628 120.888 19.0136 138.115 95.7377 107.292 1159.81 84.5704
internal_count=69492 12810 9676 6011 3665 2433 1232 1936 3488 1898 310 1590 1457 573 884 365 286 168 653 541 509 241 503 497 211 1588 903 485 1358 456
is_linear=0
shrinkage=0.05


Tree=27
num_leaves=31
num_cat=0
split_feature=2 17 12 27 28 8 1 6 6 31 0 7 7 7 30 7 7 7 6 7 6 32 8 8 0 7 32 4 7 8
split_gain=3671.28 332.161 175.599 387 64.5733 106.19 60.7308 45.5273 36.4938 35.6952 29.015 35.854 26.0432 23.709 22.7032 18.2458 17.7055 17.5703 19.6795 23.6734 20.9104 17.6361 45.3826 22.5849 16.8479 15.3396 14.1066 43.813 17.179 27.9184
threshold=1.0000000180025095e-35 1.0000000180025095e-35 1.0000000180025095e-35 1.0000000180025095e-35 1.0000000180025095e-35 1.0000000180025095e-35 1.0000000180025095e-35 4.5000000000000009 9.5000000000000018 1.0000000180025095e-35 1.0000000180025095e-35 0.2834821428571429 0.12916666666666668 0.2834821428571429 1.0000000180025095e-35 0.12916666666666668 0.22649572649572652 0.29705882352941182 5.5000000000000009 0.58571428571428574 7.5000000000000009 1.0000000180025095e-35 1.0000000180025095e-35 1.0000000180025095e-35 1.0000000180025095e-35 0.64583333333333337 1.0000000180025095e-35 1.0000000180025095e-35 0.44097222222222227 1.0000000180025095e-35
decision_type=2 2 2 2 2 2 2 2 2 2 2 2 2 2 2 2 2 2 2 2 2 2 2 2 2 2 2 2 2 2
left_child=1 2 3 4 5 7 8 -1 10 12 11 -5 -6 -9 16 -8 -14 21 19 -19 -20 23 -23 -18 -22 -7 28 -28 -26 -30
right_child=-2 -3 -4 6 9 25 15 13 -10 -11 -12 -13 14 -15 -16 -17 17 18 20 -21 24 22 -24 -25 26 -27 27 -29 29 -31
leaf_value=-0.055091950417065653 -0.050764531652450623 -0.053156122317405345 0.064315218289039564 -0.053672721528491611 -0.051538890833277243 -0.05039191517154739 0.042280346710668083 -0.011432147757978123 0.038150706658849953 -0.088303042046572813 0.058878179055546202 0.054007208208116081 0.061143542355541564 0.036396935212038871 0.0032377687002977649 -0.056437438025630719 0.039100577429785274 0.011243482885976408 0.055711398164482645 0.071971842014256077 0.069718585541656664 -0.056281562960488286 0.077938757964811173 -0.039375500682344182 -0.0070881143319376843 0.045405353931913361 0.078723352222910811 -0.055301747889217573 0.11242743903316682 0.0074348921882379784
leaf_weight=17.579680694267154 831.75472058542073 67.296720886602998 6130.6255111992359 12.794972784817217 9.0018955841660482 76.942789351567626 6.7776676639914522 30.718542499467731 227.51242299750447 6.1278686523437491 5440.5241731330752 19.491739809513092 67.054745860397816 164.85964130237699 54.601616967469454 15.048890471458435 14.26353933662176 104.16738558188081 174.5338974148035 18.969513565301895 21.976719126105309 8.845356836915018 21.780598655343056 25.609862811863422 51.081947766244411 4.4056847542524329 27.006420373916626 7.8629436045885077 9.3030979819595832 19.818839982151985
leaf_count=509 56682 2616 2125 421 400 1029 38 195 381 41 2941 20 49 268 195 278 50 384 167 11 15 89 12 93 211 24 25 89 19 115
internal_value=0.0510395 0.0576258 0.0582088 0.0525864 0.0227894 0.00340254 0.057463 0.0219517 0.0577818 0.0316818 0.0585977 0.0113156 0.0328402 0.0288819 0.0340535 -0.025755 0.0369927 0.0337852 0.0375406 0.020608 0.0442298 0.0106191 0.0391513 -0.0112877 0.0296012 -0.0451926 0.0219299 0.0484795 0.0103764 0.0410193
internal_weight=13688.3 12856.6 12789.3 6658.66 936.513 294.506 5722.15 213.158 5700.32 642.006 5472.81 32.2867 635.878 195.578 626.876 21.8266 572.275 505.22 434.721 123.137 311.584 70.4994 30.626 39.8734 137.05 81.3485 115.073 34.8694 80.2039 29.1219
internal_count=69492 12810 10194 8069 3990 2025 4079 972 3763 1965 3382 441 1924 463 1524 316 1329 1280 1036 395 641 244 101 143 474 1053 459 114 345 134
is_linear=0
shrinkage=0.05


Tree=28
num_leaves=31
num_cat=0
split_feature=2 17 1 13 6 3 29 28 4 6 27 32 7 30 6 30 31 32 29 6 30 6 6 7 6 4 7 7 0 5
split_gain=3420.03 309.184 102.32 79.3626 71.0937 80.7346 52.0078 24.2844 112.58 63.9756 67.0677 57.152 50.8274 43.7188 38.1884 26.0366 22.97 27.2474 19.4596 18.7944 18.2654 17.1755 15.3271 15.0326 14.6944 24.6322 14.0966 13.7671 13.5791 17.9318
threshold=1.0000000180025095e-35 1.0000000180025095e-35 1.0000000180025095e-35 1.0000000180025095e-35 9.5000000000000018 1.0000000180025095e-35 1.0000000180025095e-35 1.0000000180025095e-35 1.0000000180025095e-35 4.5000000000000009 1.0000000180025095e-35 1.0000000180025095e-35 0.24126984126984127 1.0000000180025095e-35 5.5000000000000009 1.0000000180025095e-35 1.0000000180025095e-35 1.0000000180025095e-35 1.0000000180025095e-35 6.5000000000000009 1.0000000180025095e-35 6.5000000000000009 4.5000000000000009 0.12916666666666668 7.5000000000000009 1.0000000180025095e-35 0.44097222222222227 0.39444444444444454 1.0000000180025095e-35 1.0000000180025095e-35
decision_type=2 2 2 2 2 2 2 2 2 2 2 2 2 2 2 2 2 2 2 2 2 2 2 2 2 2 2 2 2 2
left_child=1 2 3 4 5 6 7 9 13 -1 12 14 -11 16 22 19 -9 -18 28 -14 -8 -16 -10 -4 -12 -26 -15 -24 -6 -30
right_child=-2 -3 23 -5 18 -7 20 8 11 10 24 -13 15 26 21 -17 17 -19 -20 -21 -22 -23 27 -25 25 -27 -28 -29 29 -31
leaf_value=0.020205816415382119 -0.050726589646203739 -0.053012198022840296 0.022377581576841547 0.063250951490937068 0.049336447971523333 -0.056905816092344311 0.064152205216299343 0.058614557338086987 -0.065044597072567475 -0.060507802675823265 0.058737064783147525 -0.058480988145068781 0.048013636085338644 -0.040912950230827298 0.056781862654731965 -0.062866265794741652 -0.0536171387650905 0.051698029695239935 0.054998982491084619 0.02157858931444449 0.053735170448851989 0.025546656109653683 0.045994961896305482 -0.055899931689430415 0.032427013762904598 0.058348250247643542 0.029080165261942948 -0.016258540364576194 0.024069010197794935 -0.067665134149271416
leaf_weight=179.81897473987192 791.76639044284821 64.184062086977065 8.461352592334153 3793.8985442370176 56.056970475241542 15.921485307626424 1910.4665249139071 3488.6519460100681 9.762021220289169 14.780476529151199 1110.631649941206 19.88600866496563 160.39462676644325 13.444035752676429 86.041915535926819 6.6824960280209771 9.9354197736829537 16.041643150150776 80.360791187733412 115.96556235849857 541.18147606216371 90.321032769978046 13.435653373599051 22.165406120941043 160.19279697537422 214.73486636579037 15.446034550666807 26.138469710946083 230.81570088118315 5.4409689977765074
leaf_count=601 56682 2616 98 1374 101 612 715 2319 106 137 576 243 309 80 60 70 37 13 92 412 455 161 13 434 209 102 31 62 736 36
internal_value=0.0500425 0.056435 0.0570008 0.0572265 0.0545664 0.055535 0.0557533 0.0531533 0.0554932 0.0486368 0.0515031 0.0227508 0.0298423 0.0577622 0.0299125 0.0345641 0.0582657 0.0113939 0.033202 0.036924 0.0618532 0.0407905 -0.00896363 -0.0342574 0.0558451 0.0472756 -0.00347682 0.00487055 0.0272063 0.0219515
internal_weight=13273 12481.3 12417.1 12386.4 8592.55 8219.88 8203.95 5752.31 3789.1 1963.2 1783.38 245.585 297.823 3543.52 225.699 283.043 3514.63 25.9771 372.674 276.36 2451.65 176.363 49.3361 30.6268 1485.56 374.928 28.8901 39.5741 292.314 236.257
internal_count=69492 12810 10194 9662 8288 7323 6711 5541 3125 2416 1815 645 928 2480 402 791 2369 50 965 721 1170 221 181 532 887 311 111 75 873 772
is_linear=0
shrinkage=0.05


Tree=29
num_leaves=31
num_cat=0
split_feature=2 14 27 4 6 28 6 6 28 8 29 32 4 6 7 7 8 6 6 7 6 7 6 7 7 7 30 29 6 28
split_gain=3185.97 485.229 307.045 119.484 99.5216 81.1343 79.2919 54.7815 46.5052 135.66 28.833 30.2751 78.7578 67.4098 43.3482 36.5479 31.6463 54.122 29.963 27.1598 22.4254 25.4705 54.8145 22.3138 18.7049 17.6791 16.9281 14.5005 14.1921 89.2179
threshold=1.0000000180025095e-35 1.0000000180025095e-35 1.0000000180025095e-35 1.0000000180025095e-35 8.5000000000000018 1.0000000180025095e-35 3.5000000000000004 2.5000000000000004 1.0000000180025095e-35 1.0000000180025095e-35 1.0000000180025095e-35 1.0000000180025095e-35 1.0000000180025095e-35 5.5000000000000009 0.39444444444444454 0.42481203007518803 1.0000000180025095e-35 6.5000000000000009 4.5000000000000009 0.2834821428571429 5.5000000000000009 0.31789473684210529 8.5000000000000018 0.24126984126984127 0.24126984126984127 0.24126984126984127 1.0000000180025095e-35 1.0000000180025095e-35 4.5000000000000009 1.0000000180025095e-35
decision_type=2 2 2 2 2 2 2 2 2 2 2 2 2 2 2 2 2 2 2 2 2 2 2 2 2 2 2 2 2 2
left_child=1 2 6 4 7 -5 -1 -4 9 19 11 13 14 -10 -13 -16 -15 -18 -17 27 24 22 -22 -9 -7 -19 -12 -8 29 -25
right_child=-2 -3 3 5 -6 20 8 23 10 -11 26 12 -14 16 15 18 17 25 -20 -21 21 -23 -24 28 -26 -27 -28 -29 -30 -31
leaf_value=-0.042492748566444784 -0.050690544231973805 0.062268751150426883 -0.0546657003082648 0.060651515173327675 -0.0064120484194981793 0.032863527981983325 -0.032488667197498926 0.057943415078830288 -0.066158841838917723 -0.054701790474286555 0.060941525036087123 0.06717970511973223 -0.058074853903111415 0.03916097383929134 -0.057472625155818052 0.0081781044375238126 0.038109591319231473 0.06719914920726576 0.077047004878938785 0.032248629656296837 0.037053649870318749 0.050289475031102641 -0.080109146440974097 -0.014028942558810143 -0.023462391821732872 -0.039780496869895134 0.022145258750608104 0.048738139823911897 0.042051161251046791 0.060320128736877546
leaf_weight=55.75941321067512 753.67356905061752 8128.4095671027899 14.71306123677641 1599.240607175976 121.96998573467135 27.837451212108135 27.7943364251405 191.45893679559231 26.512178818695247 75.851707964204252 85.627524815499783 102.59604419767857 20.353964887559414 97.877920547500253 13.29066203907132 43.681783556938171 50.503082558512688 4.1400019675493231 24.747160382568836 165.4443170055747 43.536217752844095 132.80424964427948 12.941008418798445 75.424798609688878 31.298643335700035 55.220000982284546 41.956325467675924 6.834386942908167 754.74139872938395 86.728302847594023
leaf_count=2523 56682 3134 578 729 497 125 251 170 231 1336 47 79 208 246 118 156 84 3 12 285 57 109 59 316 153 320 86 26 750 122
internal_value=0.0490552 0.0552583 0.0409795 0.0484536 0.0364796 0.0565217 0.0152437 0.0411383 0.0190663 0.00223118 0.0272649 0.0211805 0.0352295 0.00890256 0.0455384 0.0183576 0.0184871 6.21868e-05 0.0330993 0.0238198 0.0299315 0.0383282 0.0101891 0.042411 0.00304483 -0.0323008 0.0481899 -0.0164337 0.0391665 0.0257352
internal_weight=12873 12119.3 3990.89 3092.69 1245.04 1847.66 898.191 1123.07 842.431 275.925 566.507 438.923 204.67 234.253 184.316 81.7196 207.741 109.863 68.4289 200.073 248.418 189.281 56.4772 1108.35 59.1361 59.36 127.584 34.6287 916.895 162.153
internal_count=69492 12810 9676 3665 2433 1232 6011 1936 3488 1898 1590 1457 573 884 365 286 653 407 168 562 503 225 116 1358 278 323 133 277 1188 438
is_linear=0
shrinkage=0.05


Tree=30
num_leaves=31
num_cat=0
split_feature=0 14 27 4 10 6 33 29 6 6 32 7 7 6 30 29 30 8 6 6 7 32 4 8 32 30 6 6 6 8
split_gain=2728.35 505.856 287.14 149.877 127.096 75.7914 71.0129 66.1312 64.8981 44.3183 44.0748 43.4214 40.3156 38.9268 31.1228 30.755 26.214 24.2759 22.4385 22.5247 18.7811 25.4877 22.2975 21.3313 22.0309 19.8859 23.9421 18.0627 18.5806 21.8446
threshold=1.0000000180025095e-35 1.0000000180025095e-35 1.0000000180025095e-35 1.0000000180025095e-35 1.0000000180025095e-35 7.5000000000000009 1.0000000180025095e-35 1.0000000180025095e-35 5.5000000000000009 4.5000000000000009 1.0000000180025095e-35 0.24126984126984127 0.31789473684210529 7.5000000000000009 1.0000000180025095e-35 1.0000000180025095e-35 1.0000000180025095e-35 1.0000000180025095e-35 5.5000000000000009 9.5000000000000018 0.30217391304347835 1.0000000180025095e-35 1.0000000180025095e-35 1.0000000180025095e-35 1.0000000180025095e-35 1.0000000180025095e-35 11.500000000000002 9.5000000000000018 8.5000000000000018 1.0000000180025095e-35
decision_type=2 2 2 2 2 2 2 2 2 2 2 2 2 2 2 2 2 2 2 2 2 2 2 2 2 2 2 2 2 2
left_child=4 2 7 5 11 9 -7 8 10 17 -2 -1 -12 14 -10 18 -9 -4 -5 -20 23 25 -23 24 -15 27 -27 28 -22 -30
right_child=1 -3 3 15 -6 6 -8 16 13 -11 12 -13 -14 20 -16 -17 -18 -19 19 -21 21 22 -24 -25 -26 26 -28 -29 29 -31
leaf_value=-0.052001607687493692 -0.0445222394444591 0.061420799716927571 -0.066224364180150624 0.031725475616477393 -0.050626813393994531 -0.0050404572396034976 0.066752216192493663 0.055877368696512109 0.030968433809324576 0.044431158343896014 0.051792605519514104 0.0032106235146230075 -0.01986821402126529 0.048118353734395963 -0.061930595510475521 0.062425557129922288 0.019357305743334916 0.020723398536182151 0.055506382327854376 0.024738586434135783 -0.044376667559708177 0.057494089672757945 -0.055184432189634459 -0.058732866382082798 -0.057790380313281181 -0.060160910834278547 0.081275935928935478 -0.065382857181095932 0.031765780706259718 -0.058167139156318937
leaf_weight=43.894274238497019 92.242234323173761 7812.0656333565712 8.4151102164760214 153.28973572701216 615.56874850206077 198.40509637445211 41.667810767889023 101.63648210652173 251.38357072323561 733.46616232022643 30.16977996379137 188.42752359528095 56.111464271321893 40.402896972373128 9.3384867683052999 856.37438816577196 95.256993355229497 169.42180117592216 669.33656850457191 65.379383899271488 32.363085810095072 19.892977591603998 5.6203082129359236 6.9369064457714549 5.5768045373260966 4.4822338856756661 8.9399818051606417 27.209906464442611 25.768975675106049 9.1367519199848157
leaf_count=2292 2320 3122 294 272 50214 628 16 113 629 636 141 5273 475 123 82 325 456 536 363 95 178 48 70 85 53 53 14 280 50 95
internal_value=0.0478298 0.0541955 0.0390147 0.0464198 -0.0387344 0.032417 0.00742028 0.0129419 0.00498668 0.0390014 -0.020496 -0.00722067 0.00518658 0.0151641 0.0276368 0.0556618 0.0382134 0.0166028 0.0491378 0.0527695 -0.00228608 -0.0122857 0.0326407 0.0229134 0.0352522 -0.0229153 0.0339975 -0.0310087 -0.0170895 0.00820114
internal_weight=12378.2 11530.3 3718.23 2895.76 847.891 1151.38 240.073 822.47 625.576 911.303 178.523 232.322 86.2812 447.053 260.722 1744.38 196.893 177.837 888.006 734.716 186.331 133.414 25.5133 52.9166 45.9797 107.901 13.4222 94.4787 67.2688 34.9057
internal_count=69331 11552 8430 3165 57779 2110 644 5265 4696 1466 2936 7565 616 1760 711 1055 569 830 730 458 1049 788 118 261 176 670 67 603 323 145
is_linear=0
shrinkage=0.05


Tree=31
num_leaves=31
num_cat=0
split_feature=0 14 27 4 10 28 6 33 29 6 6 28 32 6 30 6 29 30 6 6 6 31 28 4 6 27 4 6 6 8
split_gain=2546.28 509.488 271.2 148.514 126.163 105.724 70.2456 66.0714 60.4292 59.3372 42.1386 45.6963 41.3256 35.1262 28.5774 26.4108 25.4532 24.9832 20.4001 34.0844 24.8422 22.26 17.9717 23.5752 17.5216 16.9723 23.0972 16.7949 16.2212 15.8359
threshold=1.0000000180025095e-35 1.0000000180025095e-35 1.0000000180025095e-35 1.0000000180025095e-35 1.0000000180025095e-35 1.0000000180025095e-35 7.5000000000000009 1.0000000180025095e-35 1.0000000180025095e-35 5.5000000000000009 4.5000000000000009 1.0000000180025095e-35 1.0000000180025095e-35 7.5000000000000009 1.0000000180025095e-35 4.5000000000000009 1.0000000180025095e-35 1.0000000180025095e-35 8.5000000000000018 16.500000000000004 5.5000000000000009 1.0000000180025095e-35 1.0000000180025095e-35 1.0000000180025095e-35 7.5000000000000009 1.0000000180025095e-35 1.0000000180025095e-35 10.500000000000002 2.5000000000000004 1.0000000180025095e-35
decision_type=2 2 2 2 2 2 2 2 2 2 2 2 2 2 2 2 2 2 2 2 2 2 2 2 2 2 2 2 2 2
left_child=4 2 8 6 15 -5 10 27 9 12 11 -4 -2 14 -11 -1 18 24 20 21 28 -20 23 -17 -10 26 -24 -8 -7 -15
right_child=1 -3 3 5 -6 16 7 -9 17 13 -12 -13 -14 29 -16 22 -18 -19 19 -21 -22 -23 25 -25 -26 -27 -28 -29 -30 -31
leaf_value=-0.05107713032101413 -0.043639879959071974 0.060636345647432345 -0.0065896393275285282 0.0593410541448419 -0.050595711685555204 0.087217690283686075 -0.0011623224946443935 0.065274237984707176 0.06079825569256081 0.029449954915911764 0.042982685360831233 0.044521764610241231 0.0049772482700319969 0.008486797262450536 -0.061310496324154688 -0.059170997815839892 0.065584176319571502 0.018388681866105004 -0.063366433424088292 0.071457082161374488 0.0383981752390508 0.060151306017206335 0.049640041591629575 -0.0021320683075714427 -0.012609411628653467 0.050529076115916838 -0.015375409179092662 -0.063186304832130655 -0.012249791114230364 -0.02230384383755786
leaf_weight=29.52231799531728 89.473037282004952 7524.7575314640999 99.855819801799953 1476.3534191250801 585.89799943193793 4.4594008028507224 186.74662276916206 40.510367631912231 90.645488530397415 251.1347408592701 720.60535899549723 77.771711409091949 85.413917681202292 119.95533928833902 8.9707063622772676 23.070433128625154 28.81406581401825 95.26130083296448 23.915677353739742 8.1532816886901838 96.517765186727047 4.2914533615112296 18.871726769022644 84.314606192521751 8.9140472635626775 25.324076285585761 49.383060628548265 11.58330583758652 49.370679903775454 64.040251195430756
leaf_count=1724 2320 3122 643 647 50214 2 521 16 83 629 636 187 616 479 82 852 12 456 87 4 96 3 27 2614 30 143 2205 107 204 570
internal_value=0.046974 0.0532055 0.0378556 0.045173 -0.0382675 0.0545653 0.0311971 0.00709368 0.0124185 0.00477351 0.0376055 0.0157872 -0.0198937 0.0144888 0.0263156 -0.00692612 0.0218472 0.0367041 0.0150916 -0.0185047 0.0232206 -0.044542 -0.000435477 -0.0143952 0.0542201 0.0155783 0.00259799 -0.00479031 -0.00398573 -0.0022279
internal_weight=11983.9 11167.5 3642.76 2828.95 816.384 1691.88 1137.07 238.84 813.809 618.988 898.233 177.628 174.887 444.101 260.105 230.486 215.522 194.821 186.708 36.3604 150.348 28.2071 200.964 107.385 99.5595 93.5789 68.2548 198.33 53.8301 183.996
internal_count=69331 11552 8430 3165 57779 1055 2110 644 5265 4696 1466 830 2936 1760 711 7565 408 569 396 94 302 90 5841 3466 113 2375 2232 628 206 1049
is_linear=0
shrinkage=0.05


Tree=32
num_leaves=31
num_cat=0
split_feature=0 14 27 10 29 18 7 29 6 7 6 8 6 6 30 30 6 7 6 8 7 8 6 7 27 7 6 7 7 3
split_gain=2377.36 512.878 258.114 124.365 122.695 85.338 58.4629 55.4677 54.017 40.4433 31.8831 34.7227 31.7887 27.673 26.2662 23.9728 23.7098 23.2602 19.4634 18.4895 16.5787 18.914 16.4863 20.8201 15.416 13.0305 12.973 12.7318 18.1527 13.0836
threshold=1.0000000180025095e-35 1.0000000180025095e-35 1.0000000180025095e-35 1.0000000180025095e-35 1.0000000180025095e-35 1.0000000180025095e-35 0.35504201680672276 1.0000000180025095e-35 5.5000000000000009 0.24126984126984127 8.5000000000000018 1.0000000180025095e-35 7.5000000000000009 3.5000000000000004 1.0000000180025095e-35 1.0000000180025095e-35 4.5000000000000009 0.31789473684210529 8.5000000000000018 1.0000000180025095e-35 0.30217391304347835 1.0000000180025095e-35 7.5000000000000009 0.46862745098039221 1.0000000180025095e-35 0.41421568627450983 10.500000000000002 0.43303571428571436 0.39444444444444454 1.0000000180025095e-35
decision_type=2 2 2 2 2 2 2 2 2 2 2 2 2 2 2 2 2 2 2 2 2 2 2 2 2 2 2 2 2 2
left_child=3 2 7 9 5 6 10 8 17 -1 13 -12 14 -4 -10 22 -8 19 -18 -2 21 26 -9 -24 27 -20 -14 28 29 -11
right_child=1 -3 4 -5 -6 -7 16 15 12 24 11 -13 20 -15 -16 -17 18 -19 25 -21 -22 -23 23 -25 -26 -27 -28 -29 -30 -31
leaf_value=-0.051918594212650861 -0.057027930765117189 0.059901498160513801 0.0081897815903021892 -0.050566150156516457 0.058571981609646884 -0.10054265434437155 -0.0033003450297532928 0.059313445929003283 0.028011679075261659 -0.016639890296535498 0.038955122389581737 -0.0073396341659841772 0.040203479943978097 0.047876868555715643 -0.060725808563222884 0.017469973416065192 0.031931225204097795 -0.032452433591909982 0.016027663176499254 0.018612178710162783 -0.011714453162177861 -0.058123445479498985 -0.096855932737886424 0.056656497569188294 0.03087676366606594 -0.033009016570164328 -0.058885435118393718 -0.054211388109454299 0.029706288501431297 0.050587396011581298
leaf_weight=40.584671790711582 9.6463540345430356 7243.3475803434849 45.877875998616219 557.64101612940431 949.80702340230346 11.297373708337544 73.043551055714488 88.328369745984674 250.83603286743164 90.308675167150795 122.62084241397679 60.44975521415472 43.027549922466278 1050.0686923097819 8.6133703812956792 95.257928640581667 376.62021628394723 113.3088443223387 52.162747077643871 49.412190414965153 130.46200977638364 6.5400857366621485 3.9861150309443456 4.9257064089179039 39.502471857704222 18.28675427660346 3.5651391558349124 11.744498400017617 37.334782703779638 7.8551048524677745
leaf_count=2292 188 3122 256 50214 479 59 522 83 629 3423 143 201 145 840 82 456 429 2277 130 471 788 85 22 8 293 106 31 634 911 12
internal_value=0.0461578 0.052258 0.0367413 -0.0378592 0.0440169 0.0363802 0.0372409 0.0118834 0.00455504 -0.00668589 0.042989 0.0236663 0.0137953 0.0462161 0.0250616 0.035308 0.023104 -0.0191922 0.0274191 0.00624144 -0.00212351 0.0214144 0.0527736 -0.0119827 0.00314393 0.00328911 0.0325997 -0.00429445 3.21545e-05 -0.0112506
internal_weight=11596.5 10811.5 3568.14 784.971 2760.23 1810.43 1799.13 807.91 615.412 227.33 1279.02 183.071 443.044 1095.95 259.449 192.498 520.113 172.367 447.07 59.0585 183.595 53.1328 97.2402 8.91182 186.746 70.4495 46.5927 147.243 135.499 98.1638
internal_count=69331 11552 8430 57779 3165 2686 2627 5265 4696 7565 1440 344 1760 1096 711 569 1187 2936 665 659 1049 261 113 30 5273 236 176 4980 4346 3435
is_linear=0
shrinkage=0.05


Tree=33
num_leaves=31
num_cat=0
split_feature=2 14 4 28 33 29 7 27 31 18 29 28 27 7 33 28 1 7 27 28 8 7 28 26 27 8 31 7 7 26
split_gain=2439.54 546.547 245.703 134.639 68.6922 61.8656 65.3525 54.9802 30.2623 28.9376 28.876 25.5018 41.9926 27.0763 24.6008 20.8291 18.9277 18.2347 16.9458 44.6712 46.5115 29.368 27.9868 15.8907 15.0081 24.1835 14.256 16.3798 13.8442 12.5618
threshold=1.0000000180025095e-35 1.0000000180025095e-35 1.0000000180025095e-35 1.0000000180025095e-35 1.0000000180025095e-35 1.0000000180025095e-35 0.35147058823529415 1.0000000180025095e-35 1.0000000180025095e-35 1.0000000180025095e-35 1.0000000180025095e-35 1.0000000180025095e-35 1.0000000180025095e-35 0.44097222222222227 1.0000000180025095e-35 1.0000000180025095e-35 1.0000000180025095e-35 0.41421568627450983 1.0000000180025095e-35 1.0000000180025095e-35 1.0000000180025095e-35 0.2834821428571429 1.0000000180025095e-35 1.0000000180025095e-35 1.0000000180025095e-35 1.0000000180025095e-35 1.0000000180025095e-35 0.64583333333333337 0.31789473684210529 1.0000000180025095e-35
decision_type=2 2 2 2 2 2 2 2 2 2 2 2 2 2 2 2 2 2 2 2 2 2 2 2 2 2 2 2 2 2
left_child=1 2 4 7 5 6 8 14 9 16 -5 12 -8 -14 17 24 18 -4 19 20 21 -1 -20 26 25 28 27 -13 -7 -24
right_child=-2 -3 3 10 -6 15 11 -9 -10 -11 -12 23 13 -15 -16 -17 -18 -19 22 -21 -22 -23 29 -25 -26 -27 -28 -29 -30 -31
leaf_value=-0.056130696613238565 -0.050580480402195593 0.059211478455955979 0.01849263819451015 0.014419163857338735 0.052934677653764507 -0.076472199912837796 -0.055136387044492079 0.057159350647603004 -0.088780759042375812 -0.086164009947956949 0.058586392827994577 0.0056168172837433713 0.012553705535669922 -0.032275087208602171 -0.06619367321991021 0.047904592264150621 -0.053210735005351589 0.058264734412546815 0.037627307144685478 0.029167227183965902 -0.054436113361016336 0.042242282788396701 0.0093535708874435391 0.070809902160132041 0.033051526602521024 -0.054380269342082989 -0.081318845437927834 0.073018636416555857 0.050553313989798579 0.063690671489458575
leaf_weight=9.7765374556183797 625.72765960823745 6968.339511975646 102.10894766822457 308.05013842787594 159.59402800537646 2.4937559692189124 48.561706048436463 1395.1894621811807 6.074863586574792 5.9979546666145316 42.064444109797478 239.05309687647969 104.91820456273854 49.596327568404377 7.0008787810802451 203.5830735899508 7.8503585793077937 40.187263779342175 362.2893724963069 163.11124759353697 40.304732527583838 33.711873129010201 158.21864784881473 9.9956068992614728 73.311079766601324 14.975631231442092 4.5217249114066353 9.3590401317924243 14.893569963052867 11.398812532424925
leaf_count=305 56429 3122 304 1120 137 52 1628 728 72 32 52 905 190 427 48 196 197 32 546 533 1109 58 568 3 104 276 27 24 103 4
internal_value=0.0453526 0.0510176 0.0352801 0.0477267 0.021677 0.018507 0.0136044 0.0540731 0.0222859 0.0231388 0.0197286 -0.00127466 -0.0145843 -0.00183344 0.0252262 0.0385539 0.0239739 0.0297319 0.0247533 0.0139234 -0.0157442 0.0201079 0.0297791 0.00900348 0.020532 -0.0078141 0.00655629 0.00816106 0.0322726 0.0130117
internal_weight=11222.3 10596.5 3628.19 1894.6 1733.59 1574 1264.74 1544.49 798.734 792.66 350.115 466.006 203.076 154.515 149.297 309.257 786.662 142.296 778.811 246.904 83.7931 43.4884 531.907 262.929 105.674 32.363 252.934 248.412 17.3873 169.617
internal_count=69331 12902 9780 2284 7496 7359 6628 1112 3424 3352 1172 3204 2245 617 384 731 3320 336 3123 2005 1472 363 1118 959 535 431 956 929 155 572
is_linear=0
shrinkage=0.05


Tree=34
num_leaves=31
num_cat=0
split_feature=2 14 27 28 8 6 6 7 6 6 7 0 7 33 28 31 7 28 8 6 6 33 30 8 33 7 0 8 6 7
split_gain=2281.82 550.853 216.663 125.179 101.919 67.8988 56.5291 56.3226 54.4294 42.7571 41.5437 36.5477 32.0749 28.5266 28.3428 25.9721 25.6578 25.2738 120.468 29.7979 24.5074 22.7173 19.8691 19.2489 18.6973 17.3731 17.318 16.4285 17.7164 16.428
threshold=1.0000000180025095e-35 1.0000000180025095e-35 1.0000000180025095e-35 1.0000000180025095e-35 1.0000000180025095e-35 4.5000000000000009 7.5000000000000009 0.35147058823529415 4.5000000000000009 6.5000000000000009 0.46862745098039221 1.0000000180025095e-35 0.44097222222222227 1.0000000180025095e-35 1.0000000180025095e-35 1.0000000180025095e-35 0.31789473684210529 1.0000000180025095e-35 1.0000000180025095e-35 10.500000000000002 9.5000000000000018 1.0000000180025095e-35 1.0000000180025095e-35 1.0000000180025095e-35 1.0000000180025095e-35 0.24126984126984127 1.0000000180025095e-35 1.0000000180025095e-35 9.5000000000000018 0.12916666666666668
decision_type=2 2 2 2 2 2 2 2 2 2 2 2 2 2 2 2 2 2 2 2 2 2 2 2 2 2 2 2 2 2
left_child=1 2 5 4 11 14 22 27 10 -10 -6 20 13 16 -1 17 -11 18 21 -19 -4 -7 29 -9 -12 -24 -21 28 -8 -5
right_child=-2 -3 3 6 8 15 7 23 9 12 24 -13 -14 -15 -16 -17 -18 19 -20 26 -22 -23 25 -25 -26 -27 -28 -29 -30 -31
leaf_value=-0.051969211163272959 -0.050551722472823836 0.058562010780648613 -0.08007376069908613 -0.017714517416505 0.020220625853597001 0.028501079391697787 0.00012612803360122291 0.039021527650360037 0.049079961515171501 0.030297024291125921 -0.068341715465316144 0.055914375841134172 -0.079026043094941545 0.056659472224342623 -0.0034059845581091274 -0.082980059738633621 -0.0050712268163726065 0.029204932345825909 -0.054788584080565611 0.027291030653812772 0.036965998461201632 -0.065467737565358994 0.038961312176219939 -0.0095286004189406009 0.030258419363281715 -0.095547750664918774 -0.059356646849874177 -0.074734837173778657 -0.074529137161992859 0.033441061917525924
leaf_weight=46.216899864375591 595.54066700488329 6700.1353171765804 8.1201009470969456 16.294466192834079 60.942945476621389 196.63022243231535 27.02114974334836 53.026116190478206 338.16845695674419 140.12976059317589 26.059261865913872 1356.4677963918075 7.51454297825694 58.386412411928177 85.902274443767965 6.2412967868149272 80.829833164811134 449.00195032823831 60.793890669941902 9.1531073339283466 9.927721004933117 6.636939011514186 4.0689429342746717 33.16495630517602 5.8813910931348792 5.8162383073940873 15.528414860367775 23.810022599995136 11.239870153367518 413.46001741569489
leaf_count=2586 56429 3122 157 363 199 417 74 86 237 159 203 921 47 30 788 44 198 1072 968 14 20 45 18 114 8 37 153 134 82 606
internal_value=0.044595 0.0501197 0.0342147 0.0412705 0.0469982 0.0126277 0.0208832 -0.00581215 0.0317268 0.037034 -0.00398141 0.0549738 0.0228306 0.0255751 -0.0204004 0.0184938 0.017357 0.0193541 0.00695623 0.0262641 -0.0156802 0.0254273 0.029887 0.0203355 -0.0501665 -0.0401471 -0.0272052 -0.0421259 -0.0218059 0.0314999
internal_weight=10852.1 10256.6 3556.43 2680.33 2092.43 876.105 587.902 148.262 717.913 625.029 92.8836 1374.52 286.861 279.346 132.119 743.986 220.96 737.745 264.061 473.683 18.0478 203.267 439.64 86.1911 31.9407 9.88518 24.6815 62.071 38.261 429.754
internal_count=69331 12902 9780 3693 2179 6087 1514 490 1081 671 410 1098 434 387 3374 2713 357 2669 1430 1239 177 462 1024 200 211 55 167 290 156 969
is_linear=0
shrinkage=0.05


Tree=35
num_leaves=31
num_cat=0
split_feature=0 14 27 28 6 28 6 8 6 7 29 29 6 6 6 8 7 7 32 8 8 7 7 7 7 6 7 27 8 33
split_gain=1840.84 491.94 215.005 128.089 110.749 98.7166 61.6842 57.9937 56.3235 45.7471 44.7745 41.8224 34.7657 33.6165 33.026 34.7911 44.2735 32.7523 28.468 97.1987 56.6946 40.468 29.9309 27.2149 25.5192 22.0495 21.8423 20.913 20.0892 19.1786
threshold=1.0000000180025095e-35 1.0000000180025095e-35 1.0000000180025095e-35 1.0000000180025095e-35 4.5000000000000009 1.0000000180025095e-35 3.5000000000000004 1.0000000180025095e-35 5.5000000000000009 0.31789473684210529 1.0000000180025095e-35 1.0000000180025095e-35 6.5000000000000009 9.5000000000000018 8.5000000000000018 1.0000000180025095e-35 0.31789473684210529 0.44097222222222227 1.0000000180025095e-35 1.0000000180025095e-35 1.0000000180025095e-35 0.39444444444444454 0.21525096525096529 0.42481203007518803 0.35504201680672276 3.5000000000000004 0.64583333333333337 1.0000000180025095e-35 1.0000000180025095e-35 1.0000000180025095e-35
decision_type=2 2 2 2 2 2 2 2 2 2 2 2 2 2 2 2 2 2 2 2 2 2 2 2 2 2 2 2 2 2
left_child=5 2 6 4 9 13 -2 -6 -7 25 18 14 -9 -1 -5 16 -16 29 19 22 -20 -22 -8 -23 -15 -4 -21 -10 -11 -14
right_child=1 -3 3 11 7 8 10 12 27 28 -12 -13 17 24 15 -17 -18 -19 20 26 21 23 -24 -25 -26 -27 -28 -29 -30 -31
leaf_value=-0.046572379014674647 -0.053190134735597062 0.057988759268648875 -0.069610602460407331 0.020545424039566641 0.056220846723123025 -0.051610420761602688 -0.065916581945773517 0.048301214507734024 0.0074041494347017334 0.014835455452920865 0.035796547395897181 0.053643609566568086 0.021862178673712616 -0.059476615553042955 -0.076441043684218696 -0.061504333592397598 0.031093993031596198 -0.074699271646131646 -0.038332451876338783 -0.032025931968057052 0.060574752449426741 -0.056866804507652996 0.02645751668384181 0.023122601420980469 0.0072321986488038661 0.039542718980381933 0.084375666287008641 0.055155248041948435 -0.046447164915176149 0.056469158303414015
leaf_weight=510.5548460483551 35.394503833726048 6383.8635536879301 4.9902677908539763 399.77663994301111 1281.8429222032428 32.497230571694672 9.1674099080264551 356.44812233000994 65.81716360617429 19.123067259788513 183.29123927280307 79.875571686774492 233.25642877817154 19.485090779140592 12.18125553242862 26.393478482961655 44.519942572340369 8.0021673403680307 30.956792011857033 161.86050893645734 79.519832972437143 12.874848987907169 196.11358929146081 60.809804629534483 54.138727772980928 61.586409028619528 4.1214428003877392 35.20589729771018 44.350984135642648 48.361582830548286
leaf_count=48895 1971 3095 53 778 658 2612 68 250 2185 229 366 56 353 1321 68 187 82 54 258 1534 99 128 506 234 2651 85 2 228 308 25
internal_value=0.0441378 0.0498105 0.0344313 0.0412701 0.0470507 -0.0331521 0.0112779 0.0500632 0.00563186 0.00238753 0.0143682 0.0201293 0.0378446 -0.0420174 0.0145834 -0.0140934 0.00797376 0.0249722 0.00729537 -0.000675948 0.0233672 0.0358392 0.0223268 0.00913352 -0.0104217 0.0313444 -0.0291277 0.0240539 -0.027977 0.0278087
internal_weight=10496.4 9778.68 3394.82 2620.71 2057.96 717.699 774.11 1927.91 133.52 130.051 738.715 562.747 646.068 584.179 482.871 83.0947 56.7012 289.62 555.424 371.263 184.161 153.204 205.281 73.6847 73.6238 66.5767 165.982 101.023 63.4741 281.618
internal_count=69339 11447 8352 3186 2015 57892 5166 1340 5025 675 3195 1171 682 52867 1115 337 150 432 2829 2110 719 461 574 362 3972 138 1536 2413 537 378
is_linear=0
shrinkage=0.05


Tree=36
num_leaves=31
num_cat=0
split_feature=2 12 27 13 4 28 6 18 6 31 17 6 0 28 8 29 30 7 29 33 7 6 7 33 7 30 13 0 6 7
split_gain=2035.24 248.087 329.129 135.195 148.945 78.7052 71.6531 48.9217 49.2701 38.3798 36.5392 26.3936 26.0406 34.4661 81.0282 30.5041 27.5645 26.8724 28.6586 22.8998 22.7288 22.547 21.8002 20.2395 20.0676 19.9929 19.1931 16.4408 16.2027 37.7313
threshold=1.0000000180025095e-35 1.0000000180025095e-35 1.0000000180025095e-35 1.0000000180025095e-35 1.0000000180025095e-35 1.0000000180025095e-35 3.5000000000000004 1.0000000180025095e-35 8.5000000000000018 1.0000000180025095e-35 1.0000000180025095e-35 5.5000000000000009 1.0000000180025095e-35 1.0000000180025095e-35 1.0000000180025095e-35 1.0000000180025095e-35 1.0000000180025095e-35 0.2834821428571429 1.0000000180025095e-35 1.0000000180025095e-35 0.24126984126984127 2.5000000000000004 0.24126984126984127 1.0000000180025095e-35 0.24126984126984127 1.0000000180025095e-35 1.0000000180025095e-35 1.0000000180025095e-35 8.5000000000000018 0.31789473684210529
decision_type=2 2 2 2 2 2 2 2 2 2 2 2 2 2 2 2 2 2 2 2 2 2 2 2 2 2 2 2 2 2
left_child=1 2 6 4 7 -6 -1 8 9 10 21 -7 20 14 17 16 24 18 -14 -10 -8 -4 -23 -24 -15 -17 -16 -13 -29 -30
right_child=-2 -3 3 -5 5 11 12 -9 19 -11 -12 27 13 15 26 25 -18 -19 -20 -21 -22 22 23 -25 -26 -27 -28 28 29 -31
leaf_value=-0.040798357105063819 -0.050505080376568492 0.057693723860726832 -0.056250024650648024 0.057844948359935672 0.055160117662028357 -0.0054262530200986933 -0.054333632221438499 -0.088856080360183415 -0.011009650162773384 -0.095002815839070553 -0.052278356378700874 0.069739653914798014 -0.062604212498856046 0.050596902549127298 -0.054173078955534852 0.0563574676811762 -0.066839273611754138 0.027381210134485079 0.069198017310928922 0.054405953149777302 0.050596205668337071 0.05060766327041108 0.026943727584578865 0.051395855515667048 0.013201834109864847 0.016805305855802706 0.031753684349474447 0.037659647316661347 -0.075967081273645376 0.027674586350770965
leaf_weight=55.437672304920852 545.7500731209293 4293.1491619944572 7.0675160260871044 1780.2085278779268 1267.6525036804378 57.440047636628151 5.5003834115341297 9.191842142492531 107.75691893696785 6.0218589799478641 12.826380481943486 26.574711736291647 17.391059044748548 39.850662477314472 64.293448339216411 88.212181940674782 10.055799365043638 133.06927422806621 5.3933348916470996 15.263975229114292 80.788159808143973 152.63934423774481 689.11467223614454 96.548111602663994 360.32645573280752 50.175111025571823 7.2151903361082068 113.08687838166952 11.496555879712103 37.066550552845001
leaf_count=2555 56563 2123 268 879 728 274 175 53 479 34 448 21 145 45 1324 49 101 229 8 12 113 167 944 59 1234 93 7 107 53 49
internal_value=0.0434175 0.0487565 0.0415274 0.0472202 0.0399723 0.0501401 0.0142945 0.0259377 0.0269095 0.0307114 0.031503 0.0242329 0.0178375 0.0149387 -0.00142804 0.0217223 0.014872 0.0187882 -0.0313665 -0.0028853 0.0438962 0.0326407 0.0333114 0.0299498 0.0169282 0.0420229 -0.0454929 0.0332864 0.0272866 0.00311816
internal_weight=10146.6 9600.81 5307.67 4389.96 2609.75 1513.32 917.709 1096.43 1087.24 964.218 958.196 245.665 862.271 775.983 227.362 548.62 410.233 155.854 22.7844 123.021 86.2885 945.37 938.302 785.663 400.177 138.387 71.5086 188.225 161.65 48.5631
internal_count=69339 12776 10653 4575 3696 1232 6078 2464 2411 1920 1886 504 3523 3235 1713 1522 1380 382 153 491 288 1438 1170 1003 1279 142 1331 230 209 102
is_linear=0
shrinkage=0.05


Tree=37
num_leaves=31
num_cat=0
split_feature=2 14 4 32 28 6 6 28 27 7 6 31 18 7 7 33 7 29 32 27 7 7 28 33 0 7 6 29 27 6
split_gain=1906.17 512.913 208.637 107.507 73.0144 62.0345 68.8052 63.9989 45.9505 55.9085 41.2304 40.4786 33.5107 31.8275 26.2397 24.4462 25.4029 23.6037 23.5441 50.7176 25.4373 31.9184 21.8775 20.7201 18.9046 18.6234 17.9974 21.6076 17.8818 17.4974
threshold=1.0000000180025095e-35 1.0000000180025095e-35 1.0000000180025095e-35 1.0000000180025095e-35 1.0000000180025095e-35 4.5000000000000009 8.5000000000000018 1.0000000180025095e-35 1.0000000180025095e-35 0.39444444444444454 5.5000000000000009 1.0000000180025095e-35 1.0000000180025095e-35 0.31789473684210529 0.3585714285714286 1.0000000180025095e-35 0.18465909090909094 1.0000000180025095e-35 1.0000000180025095e-35 1.0000000180025095e-35 0.39444444444444454 0.42481203007518803 1.0000000180025095e-35 1.0000000180025095e-35 1.0000000180025095e-35 0.42481203007518803 6.5000000000000009 1.0000000180025095e-35 1.0000000180025095e-35 2.5000000000000004
decision_type=2 2 2 2 2 2 2 2 2 2 2 2 2 2 2 2 2 2 2 2 2 2 2 2 2 2 2 2 2 2
left_child=1 2 5 4 8 7 11 13 9 14 -6 12 15 -1 -4 16 -7 18 19 -18 -20 -22 25 -8 -12 -21 -26 -28 -9 -3
right_child=-2 29 3 -5 10 6 23 28 -10 -11 24 -13 -14 -15 -16 -17 17 -19 20 22 21 -23 -24 -25 26 -27 27 -29 -30 -31
leaf_value=0.0021962652483023949 -0.050480052100455419 0.030740787387604745 0.0021377352750699134 -0.059008789272207873 -0.010679874737371876 0.051637449363540193 -0.0084837310684984703 0.0038108796672733977 0.054435983884719166 0.053645475712212447 0.065299407489124106 -0.091185128828732323 -0.098669337734910753 -0.049158587918800706 -0.09221345427874833 0.052510209339549002 -0.0062549711874726943 0.040516357973719552 0.062874534788802783 0.036578142490253394 -0.056727446737665735 0.048380558998893139 0.01074169310573022 0.052821350871686518 0.046806630520602133 -0.0031664765172153353 0.01087635068861089 0.063104504568325087 0.037447944842967464 0.057159210180528136
leaf_weight=50.875096985138953 519.384460975416 63.478086426854134 54.893341641873121 24.661491464823484 63.54066482745111 99.946817513555288 175.78285736404359 84.25007544644177 1221.4629888907075 73.055275306105614 40.929072059690952 6.9911689497530451 5.0758021771907798 74.055610652081668 8.4998778328299505 108.89787973091006 164.07644181326032 198.75800295546651 62.885798312723637 313.51506623625755 11.888400908559563 18.367085807025433 165.66727815195918 14.944275572896002 87.370785981416702 32.505483649671078 135.24260589852929 23.20128072053194 74.459658997133374 5824.10579405725
leaf_count=858 56563 107 243 299 433 94 1017 581 728 68 37 37 23 2300 37 78 885 256 54 300 114 71 282 12 67 63 336 23 385 2988
internal_value=0.0427335 0.0479487 0.032473 0.0446141 0.0461108 0.0198209 0.0242002 -0.00147316 0.0513615 0.0238334 0.0257537 0.0286737 0.029384 -0.028243 -0.0105177 0.0299378 0.0276344 0.0251542 0.021182 0.017932 0.0447516 0.00705846 0.0256887 -0.00367508 0.033829 0.0328431 0.0285846 0.0185309 0.0195964 0.0568745
internal_weight=9802.77 9283.38 3395.8 1732.86 1708.2 1662.94 1379.3 283.64 1357.91 136.448 350.284 1188.58 1181.58 124.931 63.3932 1176.51 1067.61 967.664 768.906 675.764 93.1413 30.2555 511.688 190.727 286.744 346.021 245.815 158.444 158.71 5887.58
internal_count=69339 12776 9681 2271 1972 7410 3286 4124 1076 348 896 2257 2220 3158 280 2197 2119 2025 1769 1530 239 185 645 1029 463 363 426 359 966 3095
is_linear=0
shrinkage=0.05


Tree=38
num_leaves=31
num_cat=0
split_feature=2 14 4 28 17 32 6 31 18 6 6 8 6 28 29 6 6 8 6 29 32 6 6 29 6 6 6 29 6 6
split_gain=1785.64 516.392 201.087 104.337 75.9722 52.0985 50.5978 41.6708 39.7778 37.7222 36.521 44.7356 18.1253 34.3242 17.15 16.5074 17.8015 15.8129 20.3698 15.1136 14.9781 22.7557 20.4864 14.6204 11.0266 12.9716 8.87476 8.42509 8.28772 17.1379
threshold=1.0000000180025095e-35 1.0000000180025095e-35 1.0000000180025095e-35 1.0000000180025095e-35 1.0000000180025095e-35 1.0000000180025095e-35 8.5000000000000018 1.0000000180025095e-35 1.0000000180025095e-35 5.5000000000000009 4.5000000000000009 1.0000000180025095e-35 2.5000000000000004 1.0000000180025095e-35 1.0000000180025095e-35 11.500000000000002 27.500000000000004 1.0000000180025095e-35 9.5000000000000018 1.0000000180025095e-35 1.0000000180025095e-35 6.5000000000000009 5.5000000000000009 1.0000000180025095e-35 7.5000000000000009 3.5000000000000004 5.5000000000000009 1.0000000180025095e-35 13.500000000000002 12.500000000000002
decision_type=2 2 2 2 2 2 2 2 2 2 2 2 2 2 2 2 2 2 2 2 2 2 2 2 2 2 2 2 2 2
left_child=1 2 4 14 6 9 7 8 10 27 11 -1 13 -3 24 -11 -17 18 -8 20 21 26 -22 -19 25 -4 -12 -5 29 -20
right_child=-2 12 3 5 -6 -7 17 -9 -10 15 19 -13 -14 -15 -16 16 -18 23 28 -21 22 -23 -24 -25 -26 -27 -28 -29 -30 -31
leaf_value=-0.058607493127681681 -0.050456246627618384 -0.025379311219735596 -0.0027765503552796798 -0.016723641464938179 -0.051213092271619298 -0.057662686719729128 0.051282341645907392 -0.086303588360641587 -0.08554236840461775 0.034954123438273428 0.020758284997147523 0.014580691719448771 0.056658947141465382 0.054491578232737974 0.055993773065764307 -0.072450174676830875 0.056614044371159356 -0.02098067016859495 -0.030574025248841643 0.040830904406559627 0.0090693136115678596 0.0144318026196469 0.059312625594744872 0.021885924735846829 0.035823446560894721 0.050801217969829171 0.035512419585446466 0.040307875770451043 -0.067305251738946151 0.050261401758550164
leaf_weight=23.087200864218175 494.28098687529564 19.527673065662384 11.593419775366781 56.206718729808927 37.549765794537961 20.322863686829805 25.85924974642694 8.503019384108482 8.1318448139354569 272.36956058442593 145.90519885905087 217.26037489436567 5587.7366451621056 43.135851800441742 654.47500445321202 7.4099247977137548 4.1621284782886505 107.65990968700498 15.960381541401148 218.08229120075703 28.657646715641022 355.27159949205816 69.70369166135788 24.379399426281452 233.75016893073916 415.6888366881758 340.11296913400292 7.3051368668675414 5.0155927240848532 11.112794499844313
leaf_count=974 56563 79 122 416 2487 275 51 57 46 411 398 671 2988 28 365 49 3 714 124 271 140 789 102 82 277 336 446 17 37 21
internal_value=0.0420634 0.0471583 0.0315253 0.0436698 0.0190769 0.0201236 0.0207222 0.0239759 0.0246437 0.0246763 0.0252855 0.00754619 0.0563589 0.0295936 0.0502521 0.0324683 -0.0259776 -0.00350293 0.0182659 0.0289677 0.0262135 0.0240531 0.0446817 -0.013061 0.0445658 0.0493463 0.0310847 -0.0101507 -0.00833304 0.00259454
internal_weight=9470.22 8975.94 3325.54 1683.28 1642.25 367.776 1604.7 1414.72 1406.21 347.453 1398.08 240.348 5650.4 62.6635 1315.51 283.942 11.5721 189.987 57.948 1157.73 939.651 841.29 98.3613 132.039 661.032 427.282 486.018 63.5119 32.0888 27.0732
internal_count=69339 12776 9681 2271 7410 1171 4923 3894 3837 896 3791 1645 3095 107 1100 463 52 1029 233 2146 1875 1633 242 796 735 458 844 433 182 145
is_linear=0
shrinkage=0.05


Tree=39
num_leaves=31
num_cat=0
split_feature=2 14 4 28 17 17 6 31 6 8 28 6 33 0 29 33 8 29 30 28 6 29 6 3 29 6 30 6 6 6
split_gain=1672.12 523.006 193.616 102.426 97.0781 70.6049 46.2017 38.2384 35.5356 40.9485 28.7419 28.4978 25.8421 24.0676 22.0974 19.5734 22.6919 21.2536 26.7762 20.6299 19.0997 25.382 18.1795 25.4819 18.0497 17.3043 17.1901 48.962 19.0229 26.4436
threshold=1.0000000180025095e-35 1.0000000180025095e-35 1.0000000180025095e-35 1.0000000180025095e-35 1.0000000180025095e-35 1.0000000180025095e-35 8.5000000000000018 1.0000000180025095e-35 4.5000000000000009 1.0000000180025095e-35 1.0000000180025095e-35 5.5000000000000009 1.0000000180025095e-35 1.0000000180025095e-35 1.0000000180025095e-35 1.0000000180025095e-35 1.0000000180025095e-35 1.0000000180025095e-35 1.0000000180025095e-35 1.0000000180025095e-35 6.5000000000000009 1.0000000180025095e-35 9.5000000000000018 1.0000000180025095e-35 1.0000000180025095e-35 3.5000000000000004 1.0000000180025095e-35 11.500000000000002 10.500000000000002 13.500000000000002
decision_type=2 2 2 2 2 2 2 2 2 2 2 2 2 2 2 2 2 2 2 2 2 2 2 2 2 2 2 2 2 2
left_child=1 2 5 24 -3 6 7 8 9 -1 -11 -5 14 -13 -10 16 22 19 -19 -18 -15 -22 -8 -24 26 -12 28 -28 -4 -30
right_child=-2 4 3 11 -6 -7 15 -9 12 10 25 13 -14 20 -16 -17 17 18 -20 -21 21 -23 23 -25 -26 -27 27 -29 29 -31
leaf_value=-0.058338358187092203 -0.050433614899184145 0.056249465138652359 0.04633724253281396 -0.010727344646785592 -0.064565802649348011 -0.051151921664140447 0.048816309384237824 -0.083710846530663852 0.021265753560811632 -0.011755798516812769 0.061855255776709209 0.061931764214670997 0.05114597965347642 0.039129215666196718 0.039275510253678883 0.051916695868389443 -0.011307622978058174 0.051645462414572942 -0.068159557064275941 -0.059148321971589424 0.0029695123095409884 0.059782537422091997 -0.03935293950945358 0.056489002421458018 0.05539128994863203 0.017603968253153333 -0.11075064480835983 0.070905417922017475 -0.057429347518597941 0.055818386457054316
leaf_weight=22.274605927057564 470.38028490822762 5403.3006973341107 608.56045864615589 64.924254857003689 16.666770920157433 35.760091431438923 25.809007098898292 8.3326827259734255 832.48491406999528 77.365624941885471 27.3319973051548 39.959797445684671 103.52832504734397 88.300357237458229 214.27091667801142 14.751092873513697 52.961617825552821 18.105110317468647 6.2687117569148532 39.262527694925666 148.5395220965147 22.652762226760387 21.068900912068784 10.324091549962761 629.15619181841612 115.51217953115702 6.6369620990008089 8.3819491937756538 10.616446308791639 9.9998964145779592
leaf_count=983 56563 2997 620 511 98 2487 51 57 1817 368 30 37 78 89 274 12 351 24 58 354 511 23 146 33 365 287 59 5 38 13
internal_value=0.0413822 0.0463561 0.0305407 0.0426744 0.0558777 0.0183147 0.019878 0.023005 0.0236444 0.00624648 0.012784 0.0192963 0.0273114 0.0258075 0.0249532 -0.00335592 -0.00805272 -0.0207085 0.0207969 -0.0316844 0.0202405 0.0104932 0.0177346 -0.0078099 0.0493635 0.0260783 0.043475 -0.00935668 0.044737 -0.0024742
internal_weight=9153.49 8683.11 3263.14 1637.73 5419.97 1625.41 1589.65 1401.1 1392.77 242.484 220.21 364.377 1150.28 299.452 1046.76 188.551 173.8 116.598 24.3738 92.2241 259.493 171.192 57.202 31.393 1273.35 142.844 644.196 15.0189 629.177 20.6163
internal_count=69339 12776 9681 2271 3095 7410 4923 3894 3837 1668 685 1171 2169 660 2091 1029 1017 787 82 705 623 534 230 179 1100 317 735 64 671 51
is_linear=0
shrinkage=0.05


Tree=40
num_leaves=31
num_cat=0
split_feature=10 14 27 29 17 33 6 6 18 8 6 7 28 4 7 7 3 7 7 17 28 6 28 4 6 4 6 30 30 6
split_gain=1322.17 581.554 253.52 111.307 97.4174 62.3006 65.165 53.9812 43.8426 43.4505 39.8826 33.9556 31.0095 24.6064 26.9649 25.8936 24.4814 23.7947 23.5692 21.8975 19.3699 22.9952 17.451 15.8077 15.0499 19.9033 14.7339 27.0887 14.6744 14.4546
threshold=1.0000000180025095e-35 1.0000000180025095e-35 1.0000000180025095e-35 1.0000000180025095e-35 1.0000000180025095e-35 1.0000000180025095e-35 8.5000000000000018 4.5000000000000009 1.0000000180025095e-35 1.0000000180025095e-35 11.500000000000002 0.36939571150097467 1.0000000180025095e-35 1.0000000180025095e-35 0.37797619047619052 0.2834821428571429 1.0000000180025095e-35 0.37797619047619052 0.3585714285714286 1.0000000180025095e-35 1.0000000180025095e-35 3.5000000000000004 1.0000000180025095e-35 1.0000000180025095e-35 7.5000000000000009 1.0000000180025095e-35 7.5000000000000009 1.0000000180025095e-35 1.0000000180025095e-35 11.500000000000002
decision_type=2 2 2 2 2 2 2 2 2 2 2 2 2 2 2 2 2 2 2 2 2 2 2 2 2 2 2 2 2 2
left_child=1 2 7 5 -3 6 8 22 11 10 -8 16 13 14 15 -9 19 18 -15 20 21 -4 -1 26 -22 -26 -14 -28 -11 -25
right_child=-2 4 3 -5 -6 -7 9 12 -10 28 -12 -13 23 17 -16 -17 -18 -19 -20 -21 24 -23 -24 29 25 -27 27 -29 -30 -31
leaf_value=-0.051642506644529629 -0.050379055739711909 0.055718692619947788 -0.02387555608498472 0.053353328221901031 -0.063427981984027201 0.050709337485402128 0.023486679202997303 -0.05628474032666602 -0.091996535152284079 -0.041698809076834931 -0.088264190252749009 0.018144709011180427 0.030958497603696036 0.0024960049187019474 -0.057047384599014955 0.0084036513852555964 -0.05979330810285341 0.032236038787296181 -0.080903518326381846 -0.052367766194529611 0.029831315509835317 0.045252536697616773 -0.011633818301112471 0.008156632399828256 -0.10898817963374081 0.015177304769357539 0.015860693508154094 -0.079885267856844633 0.035496663538422284 -0.063225411631907952
leaf_weight=40.192047564778477 379.49830557731912 5229.7822004109621 12.307101290673016 728.57843097858131 17.200577616691589 294.93944698292762 116.90878145303577 19.427930633537471 7.3281381027773014 60.729217473417521 8.5579588664695603 371.47106473334134 245.26145502738655 82.727612969465554 33.354964431375265 75.737860951572657 6.5317492689937344 72.564126282930374 9.4267484191805107 6.7333829551935187 233.90199542976916 506.8665624242276 84.80731700360775 130.88789815362543 4.5320791779085967 11.128596996888518 96.751860207878053 7.9869180470705023 6.8359541893005362 7.4873654926195732
leaf_count=2997 50482 3034 84 524 106 228 248 561 41 332 105 1014 423 1645 726 622 210 801 223 164 516 454 979 2354 26 27 328 60 18 282
internal_value=0.0409376 0.0449999 0.028498 0.0370771 0.0553279 0.0298842 0.0253467 0.00600089 0.02982 -0.00155124 0.0158539 0.0305951 0.0108805 -0.00197046 -0.0183682 -0.00480164 0.0365084 0.0108211 -0.00603761 0.037321 0.0381079 0.0436125 -0.0245052 0.0185975 0.0266533 -0.0207699 0.0242539 0.00854783 -0.033877 0.00428631
internal_weight=8910.45 8530.95 3283.96 2377.35 5246.98 1648.77 1353.83 906.614 1160.8 193.032 125.467 1153.47 781.615 293.239 128.521 95.1658 782.001 164.718 92.1544 775.47 768.736 519.174 124.999 488.375 249.563 15.6607 350 104.739 67.5652 138.375
internal_count=69614 19132 15992 3991 3140 3467 3239 12001 2536 703 353 2495 8025 4578 1909 1183 1481 2669 1868 1271 1107 538 3976 3447 569 53 811 388 350 2636
is_linear=0
shrinkage=0.05


Tree=41
num_leaves=31
num_cat=0
split_feature=0 14 27 10 29 28 18 7 7 28 8 30 8 29 7 7 26 30 7 30 30 7 7 7 5 7 7 7 32 7
split_gain=1321.59 477.593 191.789 110.18 102.461 55.6385 48.9459 45.3052 36.1174 35.8884 91.4387 30.0818 24.5723 24.4704 23.1827 19.4576 19.1259 15.8765 15.5509 13.449 13.1517 18.2047 19.0764 12.5397 12.9524 10.4739 10.3815 10.2523 9.8468 9.79769
threshold=1.0000000180025095e-35 1.0000000180025095e-35 1.0000000180025095e-35 1.0000000180025095e-35 1.0000000180025095e-35 1.0000000180025095e-35 1.0000000180025095e-35 0.44097222222222227 0.24126984126984127 1.0000000180025095e-35 1.0000000180025095e-35 1.0000000180025095e-35 1.0000000180025095e-35 1.0000000180025095e-35 0.22649572649572652 0.41421568627450983 1.0000000180025095e-35 1.0000000180025095e-35 0.51666666666666672 1.0000000180025095e-35 1.0000000180025095e-35 0.39444444444444454 0.24126984126984127 0.51666666666666672 1.0000000180025095e-35 0.18465909090909094 0.64583333333333337 0.58571428571428574 1.0000000180025095e-35 0.44097222222222227
decision_type=2 2 2 2 2 2 2 2 2 2 2 2 2 2 2 2 2 2 2 2 2 2 2 2 2 2 2 2 2 2
left_child=3 2 9 8 5 6 7 12 -1 10 23 16 -4 14 -11 17 26 25 -9 27 -15 22 -22 24 28 -14 -7 -16 -2 -23
right_child=1 -3 4 -5 -6 11 -8 18 -10 13 -12 -13 15 20 19 -17 -18 -19 -20 -21 21 29 -24 -25 -26 -27 -28 -29 -30 -31
leaf_value=-0.052303277972436779 0.019697711301665338 0.054902831342278829 0.048527991704727103 -0.050360168038045897 0.05285893084811856 0.014038370165054338 -0.09113273098936682 0.011219525504615782 0.0051938337249597469 0.043679825356332774 -0.053631753171970491 -0.084574516318873763 0.050008349161092619 0.050043440208084648 0.0050773498372917976 -0.026776356187406314 0.065441477659104005 0.058587629998403702 -0.055033999456632711 -0.057297549173703492 0.03631371415901772 0.066544793808959765 -0.06377871977632503 -0.057430296557032814 -0.0728972073113449 0.028041143759055382 0.069871568364735556 0.058363580695590667 -0.064157280738502256 0.0065274405674807957
leaf_weight=32.600473484024405 150.94767860183492 5028.7518435046077 465.72864794544876 361.1219454635866 700.41091056820005 442.34327316377312 7.4989504637196651 88.640749523416162 168.0678688287735 43.586880880407989 75.80446330877021 7.3629400050267568 63.146727554500103 66.415016166865826 327.70931199658662 13.363343790173529 19.683029413223267 59.529834151268005 9.8286735611036402 8.4443313386291248 8.2236393913626689 16.241245448589329 11.264877200126646 6.1199064026586703 4.0320200547575942 389.59637058898807 8.4810568876564485 9.2750632697716338 3.5718219056725493 11.730647493153809
leaf_count=2294 432 3140 346 50482 480 1019 49 277 5327 142 2434 48 57 48 1289 30 7 34 208 98 10 14 39 636 27 568 13 14 26 26
internal_value=0.0402892 0.0454651 0.0297442 -0.0338543 0.0369471 0.0298713 0.0360728 0.0369494 -0.00414677 0.0076937 -0.0081919 0.0156292 0.0401623 0.015291 0.00932136 0.0327484 0.0172001 0.0343027 0.00459647 0.00498335 0.0356771 0.0155564 -0.0215198 0.0127247 0.0154392 0.0311072 0.0150914 0.00654716 0.0177521 0.0414044
internal_weight=8609.52 8047.73 3018.98 561.79 2275.61 1575.2 1097.33 1089.83 200.668 743.367 240.476 477.87 991.365 502.891 389.016 525.636 470.507 512.273 98.4694 345.429 113.875 47.4604 19.4885 164.671 158.552 452.743 450.824 336.984 154.52 27.9719
internal_count=69614 11511 8371 58103 3136 2656 1569 1520 7621 5235 3555 1087 1035 1680 1543 689 1039 659 485 1401 137 89 49 1121 485 625 1032 1303 458 40
is_linear=0
shrinkage=0.05


Tree=42
num_leaves=31
num_cat=0
split_feature=2 14 29 17 6 28 30 8 28 30 6 7 17 6 8 7 7 6 6 0 7 6 0 6 32 8 8 7 7 7
split_gain=1407.88 507.658 149.817 95.3811 84.2867 58.3103 43.3927 79.0989 40.4444 39.1055 34.7423 36.7313 28.1071 25.3566 59.6013 24.5185 22.8092 21.0717 17.8305 15.6624 15.5506 24.6314 22.8779 24.6872 43.3799 36.0372 25.6803 22.6866 21.7103 21.3111
threshold=1.0000000180025095e-35 1.0000000180025095e-35 1.0000000180025095e-35 1.0000000180025095e-35 4.5000000000000009 1.0000000180025095e-35 1.0000000180025095e-35 1.0000000180025095e-35 1.0000000180025095e-35 1.0000000180025095e-35 7.5000000000000009 0.30217391304347835 1.0000000180025095e-35 8.5000000000000018 1.0000000180025095e-35 0.44722222222222224 0.5634920634920636 7.5000000000000009 13.500000000000002 1.0000000180025095e-35 0.24126984126984127 5.5000000000000009 1.0000000180025095e-35 6.5000000000000009 1.0000000180025095e-35 1.0000000180025095e-35 1.0000000180025095e-35 0.42481203007518803 0.42481203007518803 0.46862745098039221
decision_type=2 2 2 2 2 2 2 2 2 2 2 2 2 2 2 2 2 2 2 2 2 2 2 2 2 2 2 2 2 2
left_child=1 2 4 -3 12 10 -4 -8 -9 13 16 -12 19 20 18 -13 -6 -10 -15 -1 -7 -22 -23 -24 26 -26 27 -25 -28 -29
right_child=-2 3 6 -5 5 9 7 8 17 -11 11 15 -14 14 -16 -17 -18 -19 -20 -21 21 22 23 24 25 -27 28 29 -30 -31
leaf_value=-0.051017575886608879 -0.050384344621949975 0.054887413270512414 0.053895427131874285 -0.06331503673736058 0.039227375933817608 0.041114125833942396 0.044882563326333717 -0.084792189966826886 0.019831114748069582 -0.068245952508711655 0.036613348894511753 0.0095127147504621232 -0.050999114284129926 0.019754067290020477 -0.058856015427359444 -0.074984414742423275 -0.050888321312535324 -0.081691086901554077 -0.073671741840593927 0.0045790559822764029 -0.0094804641996670703 0.062976196970391141 0.030951059880460336 0.028537501443871124 -0.018321797741411499 0.068116287410690216 -0.04011261145352913 -0.14345956433294269 0.016915684690342714 0.018364755515217757
leaf_weight=13.330316751264034 412.84083605278283 4803.6464961767197 591.51510166563094 17.115764573216438 792.24277272541076 82.142759090289474 187.77948518842459 17.61187571939081 36.074781756848097 13.910890420898793 182.28355465643108 199.11733890511096 27.88300483673811 109.55214866995811 35.32454664260149 8.9611760228872281 7.0716336611658326 5.9438672959804526 5.3451046030968419 251.0652096150443 71.834927186369896 31.727944135665894 211.66015414334834 54.095012832432985 16.951765555888414 41.660127058625221 64.094794042408466 3.9823415577411634 22.542021550238132 4.1349003128707409
leaf_count=956 56757 3034 446 106 1238 94 347 269 49 130 299 519 2261 327 319 146 39 28 37 1133 254 19 260 108 160 14 203 19 37 6
internal_value=0.0396291 0.0443268 0.0285051 0.0544675 0.021783 0.0255206 0.0465399 0.0289508 -0.02121 0.0147885 0.0324569 0.0202267 -0.00326192 0.0163198 -0.00206263 0.0058679 0.0384289 0.00544209 0.0153974 0.00177227 0.0208863 0.0177057 0.0220385 0.0189369 0.00667621 0.0431092 -0.0076685 0.0168332 -0.0252684 -0.061044
internal_weight=8323.44 7910.6 3089.84 4820.76 2250.91 1958.64 838.925 247.41 59.6305 768.959 1189.68 390.362 292.279 755.049 150.222 208.079 799.314 42.0186 114.897 264.396 604.827 522.684 450.849 419.121 207.461 58.6119 148.849 62.2123 86.6368 8.11724
internal_count=69614 12857 9717 3140 8578 4228 1139 693 346 1987 2241 964 4350 1857 683 665 1277 77 364 2089 1174 1080 826 807 547 174 373 133 240 25
is_linear=0
shrinkage=0.05


Tree=43
num_leaves=31
num_cat=0
split_feature=2 14 29 17 33 6 6 8 30 8 7 17 26 6 0 7 8 6 7 30 7 8 32 7 6 32 8 1 32 7
split_gain=1319.43 512.911 146.329 90.0227 84.7976 59.1105 54.1989 77.3491 42.4544 73.5575 27.5127 25.5908 14.5897 13.7193 12.9389 19.4715 18.8569 17.6487 13.4134 11.4976 15.398 11.342 60.723 21.732 20.2009 11.4754 10.053 19.6101 9.94019 8.96768
threshold=1.0000000180025095e-35 1.0000000180025095e-35 1.0000000180025095e-35 1.0000000180025095e-35 1.0000000180025095e-35 4.5000000000000009 8.5000000000000018 1.0000000180025095e-35 1.0000000180025095e-35 1.0000000180025095e-35 0.36939571150097467 1.0000000180025095e-35 1.0000000180025095e-35 7.5000000000000009 1.0000000180025095e-35 0.46862745098039221 1.0000000180025095e-35 2.5000000000000004 0.64583333333333337 1.0000000180025095e-35 0.31789473684210529 1.0000000180025095e-35 1.0000000180025095e-35 0.18465909090909094 6.5000000000000009 1.0000000180025095e-35 1.0000000180025095e-35 1.0000000180025095e-35 1.0000000180025095e-35 0.39444444444444454
decision_type=2 2 2 2 2 2 2 2 2 2 2 2 2 2 2 2 2 2 2 2 2 2 2 2 2 2 2 2 2 2
left_child=1 2 4 -3 5 11 10 28 -4 -10 21 12 14 29 -1 16 17 -16 26 -9 -21 22 -7 -23 -25 -26 27 -17 -8 -11
right_child=-2 3 8 -5 -6 6 7 19 9 13 -12 -13 -14 -15 15 18 -18 -19 -20 20 -22 23 -24 24 25 -27 -28 -29 -30 -31
leaf_value=-0.050948542525102961 -0.050365240558716565 0.054498788540743498 0.053245101129660612 -0.062504772476236828 0.046867170404579696 0.040720507991516733 0.018366991700378126 -0.044384472657097003 0.043839407238188043 -0.032951507646525803 0.015652651847111735 -0.050947225385747641 0.071364224750765232 -0.074867119946952124 0.066247612927928648 0.064855969511552952 0.026763048754786679 -0.035193365828322651 0.038554969196371108 0.072825480768768144 -0.069385830906179599 0.053203013930615599 -0.06056044645297512 0.029387817737788886 0.0023687836877398661 0.058411999684780939 -0.027291959676085244 -0.053448354535553605 -0.061046950288245798 0.010005436419949089
leaf_weight=12.468243289738892 392.85155659168959 4601.1299555525184 569.36556927859783 16.4868243932724 276.84739109966904 380.81037740875036 234.82405837997794 77.161997216753662 182.76428763754666 22.482801130972803 482.94251221232116 26.549476921092719 7.0870752334594718 9.6909338161349279 5.1236057579517391 8.7963329143822175 89.346683617681265 25.957869965583086 10.752385672181843 4.9650359153747541 3.070989896543324 60.726752147078514 15.385095648467539 263.63350263983011 135.35467388853431 9.7873786017298681 80.1445078458637 5.80344334244728 3.9953367095440617 26.387405095621943
leaf_count=945 56757 3034 446 106 263 507 565 655 347 145 1322 2261 2 86 29 19 199 284 56 17 39 41 135 385 294 7 376 130 47 115
internal_value=0.0389998 0.0435892 0.0276118 0.0540808 0.020976 0.0172896 0.0208051 0.00244108 0.0457947 0.0282134 0.0252167 -0.00432459 0.000717637 -0.0205448 -0.00138339 0.00135191 0.015092 -0.0184394 -0.0143281 -0.0384554 0.0183982 0.0305514 0.0367849 0.0252895 0.0211403 0.00615516 -0.0203384 0.0177911 0.0170338 -0.00974943
internal_weight=8042.69 7649.84 3032.23 4617.62 2221.53 1944.69 1672.66 324.017 810.691 241.325 1348.64 272.03 245.48 58.5611 238.393 225.925 120.428 31.0815 105.497 85.198 8.03603 865.698 396.195 469.502 408.776 145.142 94.7443 14.5998 238.819 48.8702
internal_count=69614 12857 9717 3140 8578 8315 4014 1323 1139 693 2691 4301 2040 346 2038 1093 512 313 581 711 56 1369 642 727 686 301 525 149 612 260
is_linear=0
shrinkage=0.05


Tree=44
num_leaves=31
num_cat=0
split_feature=2 14 27 17 28 8 6 0 6 6 7 6 7 8 7 30 0 28 8 7 7 30 7 33 7 33 33 7 6 6
split_gain=1236.67 517.427 154.731 84.9936 74.4333 83.4891 48.1827 47.0317 45.6881 39.3302 39.1121 32.8798 34.4953 45.1613 29.9236 27.4435 18.245 24.6935 78.9075 22.0162 18.2001 16.9039 15.7232 15.5324 15.3014 14.8613 14.235 13.6607 16.4942 18.3117
threshold=1.0000000180025095e-35 1.0000000180025095e-35 1.0000000180025095e-35 1.0000000180025095e-35 1.0000000180025095e-35 1.0000000180025095e-35 3.5000000000000004 1.0000000180025095e-35 4.5000000000000009 6.5000000000000009 0.30217391304347835 8.5000000000000018 0.31789473684210529 1.0000000180025095e-35 0.46862745098039221 1.0000000180025095e-35 1.0000000180025095e-35 1.0000000180025095e-35 1.0000000180025095e-35 0.22649572649572652 0.41421568627450983 1.0000000180025095e-35 0.24126984126984127 1.0000000180025095e-35 0.44097222222222227 1.0000000180025095e-35 1.0000000180025095e-35 0.58571428571428574 5.5000000000000009 6.5000000000000009
decision_type=2 2 2 2 2 2 2 2 2 2 2 2 2 2 2 2 2 2 2 2 2 2 2 2 2 2 2 2 2 2
left_child=1 2 6 -3 5 7 -1 -4 14 -10 -11 15 -13 20 -7 -6 22 18 23 -19 -14 24 -8 -18 26 -16 -12 28 -21 -30
right_child=-2 3 4 -5 11 8 16 -9 9 10 21 12 13 -15 25 -17 17 19 -20 27 -22 -23 -24 -25 -26 -27 -28 -29 29 -31
leaf_value=-0.052582339893183075 -0.050347067394830913 0.054126996898342584 -0.046012349733543734 -0.06175215879663 0.025047530302143208 0.013112235305435874 -0.054616946807922888 0.04973175254243712 0.042431000483130851 0.031370402866294875 -0.0090319113490895976 -0.072617831156573248 0.044014447673454526 -0.06042392929597639 -0.067264771848694296 -0.054978335610059131 0.016116937779006687 0.044222738178997925 -0.054185176798535462 -0.0094337774172830232 -0.037585135789973412 -0.097954232461605839 0.037810555892053455 -0.066459841372956296 -0.079180822928254541 0.020392113568251519 0.041333015669067288 0.05271830447407945 0.029715240904698327 0.0047270670851236587
leaf_weight=31.37657852191478 373.8234444046393 4406.0339505895972 12.988145495764909 15.869141846895216 459.44969047047198 52.67738302052021 4.8693049661815158 955.64244713354856 303.15859994292259 153.85774609446526 68.368241876363754 17.696530537679791 41.571485003456473 18.753032326698303 23.84269881807268 10.956015459261833 147.97580562764779 54.246722590178251 61.181278814561665 97.445230649784207 8.1626872923225147 5.0659349486231795 79.954207303002477 5.9106968007981768 6.3313014321029177 6.0496017634868613 17.640228271484375 18.260430887341499 117.51350026577711 195.07996539585292
leaf_count=2544 56757 3034 176 106 1058 191 164 927 244 161 178 131 51 156 200 57 348 64 1358 438 30 24 127 41 49 9 14 18 161 798
internal_value=0.0383791 0.0428627 0.0267436 0.0537109 0.0337381 0.0392004 0.00815924 0.048447 0.0251385 0.0303063 0.0156743 0.0179795 -0.0104072 0.00566853 -0.00955476 0.0231815 0.0105963 0.00793274 -0.00615624 0.0142131 0.0306069 -0.00911422 0.032493 0.0129378 -0.00422479 -0.0495072 0.00129566 0.0104101 0.00852355 0.0141231
internal_weight=7771.75 7397.93 2976.03 4421.9 2162.21 1605.62 813.814 968.631 636.992 554.422 251.263 556.589 86.1837 68.4872 82.5697 470.406 782.437 697.614 215.068 482.546 49.7342 97.4057 84.8235 153.887 92.3398 29.8923 86.0085 428.299 410.039 312.593
internal_count=69614 12857 9717 3140 3656 2173 6061 1103 1070 670 426 1483 368 237 400 1115 3517 3226 1747 1479 81 265 291 389 241 209 192 1415 1397 959
is_linear=0
shrinkage=0.05


Tree=45
num_leaves=31
num_cat=0
split_feature=2 14 29 17 27 18 30 4 33 6 8 6 6 0 6 8 27 30 27 6 4 17 6 30 4 4 6 6 6 8
split_gain=1153.62 518.263 144.659 74.3584 66.2299 53.002 42.8354 62.6534 40.3776 36.7047 37.251 34.151 27.8789 26.5349 25.6197 25.417 20.6757 20.6113 18.9227 32.7883 18.8638 18.3534 17.9707 19.5898 16.1114 16.0096 12.4151 20.9877 12.2881 11.2927
threshold=1.0000000180025095e-35 1.0000000180025095e-35 1.0000000180025095e-35 1.0000000180025095e-35 1.0000000180025095e-35 1.0000000180025095e-35 1.0000000180025095e-35 1.0000000180025095e-35 1.0000000180025095e-35 7.5000000000000009 1.0000000180025095e-35 3.5000000000000004 4.5000000000000009 1.0000000180025095e-35 5.5000000000000009 1.0000000180025095e-35 1.0000000180025095e-35 1.0000000180025095e-35 1.0000000180025095e-35 8.5000000000000018 1.0000000180025095e-35 1.0000000180025095e-35 7.5000000000000009 1.0000000180025095e-35 1.0000000180025095e-35 1.0000000180025095e-35 10.500000000000002 16.500000000000004 11.500000000000002 1.0000000180025095e-35
decision_type=2 2 2 2 2 2 2 2 2 2 2 2 2 2 2 2 2 2 2 2 2 2 2 2 2 2 2 2 2 2
left_child=1 2 4 -3 11 8 -4 12 9 14 26 -1 -8 25 15 20 -14 -12 19 -9 -6 -17 23 29 -16 -13 -11 28 -28 -15
right_child=-2 3 6 -5 5 -7 7 18 -10 10 17 13 16 22 24 21 -18 -19 -20 -21 -22 -23 -24 -25 -26 -27 27 -29 -30 -31
leaf_value=-0.051619390816758974 -0.050329782613615148 0.05373608644271332 0.052386993374106607 -0.061080191011699925 -0.067224608940241043 -0.09259647566047087 -0.080655535443254892 -0.1230914808419738 0.04551535504337146 0.027948459915585363 -0.016464732536498872 0.0049489140398818431 0.015362106332059073 0.024730428519069043 0.026647351317965546 0.027475363034026808 -0.056396931078710869 0.046897753330219047 0.053182826141961903 0.033941089521913569 0.0026239812786032742 -0.052038918514061318 -0.0092294676726078027 -0.058259814769795283 0.043590531816865202 0.053621547407474157 -0.011245981213729916 0.060532442705994977 -0.098520353534262015 0.0059629178131786675
leaf_weight=24.983456085901707 353.81556821241975 4202.5721615627408 530.06266581639647 14.136995561420916 10.931549270637332 9.5203097946941835 11.32700766995549 4.1996473539620665 218.8108009332791 167.36871838383377 135.18331637606025 26.36123256245628 61.24542114790529 121.28189011989161 325.53217622824013 238.98958216607571 11.994383253157137 14.167980942875145 129.16691618412733 15.791931398212908 82.836317783221602 7.4712646603584281 171.01975664682686 10.095769345760344 247.06714832037687 47.165879613719881 16.153571455739446 8.2781253904104215 5.3744527911767355 236.6607796177268
leaf_count=2289 56446 3025 443 98 530 59 308 31 197 257 471 184 216 322 378 343 39 21 90 26 357 233 1016 146 214 81 43 6 46 1325
internal_value=0.037786 0.0421736 0.0258596 0.0533509 0.0191517 0.0249301 0.0445231 0.0266852 0.025688 0.0222423 0.00838561 0.00566766 -0.00768994 0.00800566 0.0275018 0.0166314 0.00359731 -0.0104479 0.046177 0.000883082 -0.00552 0.0250609 0.00416102 0.0103847 0.0339596 0.0361811 0.0226535 -0.00706171 -0.0330928 0.0123238
internal_weight=7459.57 7105.75 2889.04 4216.71 2125.25 1487.69 763.788 233.725 1478.17 1259.35 346.526 637.569 84.5668 612.585 912.828 340.229 73.2398 149.351 149.158 19.9916 93.7679 246.461 539.058 368.038 572.599 73.5271 197.175 29.8061 21.528 357.943
internal_count=69240 12794 9671 3123 8518 3155 1153 710 3096 2899 844 5363 563 3074 2055 1463 255 492 147 57 887 576 2809 1793 592 265 352 95 89 1647
is_linear=0
shrinkage=0.05


Tree=46
num_leaves=31
num_cat=0
split_feature=2 14 4 28 17 6 17 19 18 31 6 0 7 7 8 8 6 7 1 26 6 6 6 6 7 1 7 6 7 6
split_gain=1081.42 521.192 133.757 118.671 70.2423 51.5122 53.3349 32.2738 26.6367 26.6943 24.8919 22.5609 23.0243 22.5198 37.8039 16.3172 18.8878 21.5674 15.5067 14.6969 11.6718 18.0414 14.2601 10.3753 11.1167 29.8987 10.2026 9.89308 13.6304 9.49261
threshold=1.0000000180025095e-35 1.0000000180025095e-35 1.0000000180025095e-35 1.0000000180025095e-35 1.0000000180025095e-35 8.5000000000000018 1.0000000180025095e-35 1.0000000180025095e-35 1.0000000180025095e-35 1.0000000180025095e-35 2.5000000000000004 1.0000000180025095e-35 0.2834821428571429 0.18465909090909094 1.0000000180025095e-35 1.0000000180025095e-35 9.5000000000000018 0.31009615384615391 1.0000000180025095e-35 1.0000000180025095e-35 7.5000000000000009 16.500000000000004 5.5000000000000009 2.5000000000000004 0.46862745098039221 1.0000000180025095e-35 0.29705882352941182 4.5000000000000009 0.39444444444444454 7.5000000000000009
decision_type=2 2 2 2 2 2 2 2 2 2 2 2 2 2 2 2 2 2 2 2 2 2 2 2 2 2 2 2 2 2
left_child=1 2 5 -4 -3 6 7 8 9 10 -1 12 -5 14 -12 16 -7 26 19 29 22 -22 23 -13 27 -26 -18 -25 -29 -15
right_child=-2 4 3 11 -6 15 -8 -9 -10 -11 13 20 -14 18 -16 -17 17 -19 -20 -21 21 -23 -24 24 25 -27 -28 28 -30 -31
leaf_value=-0.055931172152749301 -0.050313327407967123 0.053391720885791784 0.045021649332626222 -0.055543558640221681 -0.060425555113021612 0.043705289213068321 -0.05095036381601048 -0.098162700083237589 -0.076640722945932049 -0.082170597128380318 -0.068808637321569749 0.063034769267679369 0.059187793255661064 0.021164166126179967 0.051965445174704618 -0.02268145580788666 -0.059986131375381405 -0.070702747031309465 -0.053896250615190038 0.060075986456963965 -0.013856492138203969 0.065488036434471431 0.022551854540143763 -0.06447284584602464 0.14112221075005082 -0.052532909079443302 0.040447950160970692 0.027200215568478982 -0.035877195088705807 0.0081224464859573683
leaf_weight=10.417035634629427 336.66707881493494 4022.7433617040515 1009.8174526868388 4.9666297747753552 13.589614994823931 24.044466707855463 27.460301032755524 5.7965054735541335 7.0843443647027007 6.288930249400436 6.9301305739209047 4.8144126236438742 35.904434807598591 982.10155496746302 97.190629750490189 110.60396980773658 3.1508285328745869 11.085306077264248 7.1106815142557016 22.549625359475613 95.725166255608201 7.7324929833412162 126.02433620393276 10.910823932848869 3.8465189933776847 4.1122370436787605 12.593211902305482 14.503046214580534 20.871916070580482 162.80480189993978
leaf_count=639 56446 3025 1073 218 98 49 2517 45 45 50 252 4 22 2219 72 809 55 94 162 10 382 4 225 151 1 84 24 17 65 383
internal_value=0.0371797 0.0414657 0.0250401 0.0365207 0.0530082 0.0147704 0.0179952 0.0194431 0.0199676 0.0204969 0.0209988 0.0104587 0.0452233 0.0216264 0.0439163 -0.0119011 0.0115264 -0.0172992 0.0196497 0.0200985 0.00553131 -0.00791564 0.0130506 -0.00721581 -0.0134705 0.0410588 0.0202912 -0.0228644 -0.0100022 0.0193102
internal_weight=7209.44 6872.77 2836.44 1339.23 4036.33 1497.21 1335.73 1308.27 1302.48 1295.39 1289.1 329.412 40.8711 1278.69 104.121 161.478 50.8738 26.8293 1174.57 1167.46 288.541 103.458 185.083 59.059 54.2445 7.95876 15.744 46.2858 35.375 1144.91
internal_count=69240 12794 9671 2246 3123 7425 6394 3877 3832 3787 3737 1173 240 3098 324 1031 222 173 2774 2612 933 386 547 322 318 85 79 233 82 2602
is_linear=0
shrinkage=0.05


Tree=47
num_leaves=31
num_cat=0
split_feature=2 14 29 17 27 18 30 4 32 8 4 6 8 6 6 6 27 6 4 27 17 0 30 6 26 6 6 6 6 6
split_gain=1013.45 524.488 140.378 66.3706 62.2714 46.7182 42.78 58.6712 32.7942 130.662 65.6256 28.047 36.4555 30.3734 25.7982 19.9408 18.7277 30.0205 18.5715 18.4084 16.4488 16.4714 15.8773 15.4195 11.5333 11.5202 14.8619 11.103 10.301 9.88641
threshold=1.0000000180025095e-35 1.0000000180025095e-35 1.0000000180025095e-35 1.0000000180025095e-35 1.0000000180025095e-35 1.0000000180025095e-35 1.0000000180025095e-35 1.0000000180025095e-35 1.0000000180025095e-35 1.0000000180025095e-35 1.0000000180025095e-35 7.5000000000000009 1.0000000180025095e-35 5.5000000000000009 4.5000000000000009 3.5000000000000004 1.0000000180025095e-35 8.5000000000000018 1.0000000180025095e-35 1.0000000180025095e-35 1.0000000180025095e-35 1.0000000180025095e-35 1.0000000180025095e-35 5.5000000000000009 1.0000000180025095e-35 10.500000000000002 16.500000000000004 8.5000000000000018 9.5000000000000018 7.5000000000000009
decision_type=2 2 2 2 2 2 2 2 2 2 2 2 2 2 2 2 2 2 2 2 2 2 2 2 2 2 2 2 2 2
left_child=1 2 4 -3 8 11 -4 14 9 15 23 13 25 20 -8 -1 17 -9 -15 28 21 -6 27 -10 -23 -13 -27 -14 -16 -17
right_child=-2 3 6 -5 5 -7 7 16 10 -11 -12 12 22 18 19 29 -18 -19 -20 -21 -22 24 -24 -25 -26 26 -28 -29 -30 -31
leaf_value=-0.05150324343919771 -0.050297673591958227 0.053059919145306701 0.051437334742905863 -0.059814882767084077 -0.05339280549601029 -0.089604783263209115 -0.080181418770433721 -0.11964426932355261 0.017916587764884244 -0.040015072810640546 -0.059127366398802186 0.030299390583863724 0.0017217985178387804 0.027451396520252736 0.018568033954755259 0.0292839738635533 0.052344516427551883 0.031587893589662117 0.044383486344175771 -0.053886874730543911 -0.051545090347207806 0.018390656028312892 0.045336249596113813 0.048094239055808043 0.062825617959997873 -0.02203557754756141 0.056842852943287385 -0.025871033493417968 -0.075898276009986665 0.010309293090714775
leaf_weight=10.210293198470024 320.3447918985039 3849.8771218582988 495.82568004261702 13.055561959743498 7.7432989450171581 9.0834889383986575 10.797925006598232 4.1457027094438699 88.772521270439029 154.61959761101753 22.165343683212996 191.15823401324451 83.61807119846344 371.0057365167886 57.57376151625067 134.78123032581061 119.65124133974314 15.588680140674112 287.89252823591232 12.016773313283919 8.5065088164992613 352.45934879500419 14.025465421378611 81.061547743156552 15.237647533416746 23.771904170513157 7.9633718729019156 64.587464023381472 3.0265695713460437 140.15775789692998
leaf_count=1125 56446 3025 443 98 403 59 308 31 553 2413 292 276 145 422 185 409 90 26 250 39 424 714 21 166 6 91 6 338 31 405
internal_value=0.036566 0.0407503 0.0242199 0.0526782 0.0176062 0.023358 0.0432586 0.0250536 0.00452207 -0.0030041 0.0217624 0.0240775 0.0125438 0.0283363 -0.00810828 0.0170637 0.0449019 -0.000201402 0.0348509 0.00261144 0.0171546 0.0187138 -0.00548503 0.0323253 0.0202351 0.0256679 -0.00221509 -0.0103006 0.0138301 0.0196137
internal_weight=6970.73 6650.38 2787.45 3862.93 2068.82 1437.05 718.626 222.801 631.768 439.769 191.999 1427.97 385.125 1042.85 83.415 285.149 139.386 19.7344 658.898 72.6171 383.947 375.44 162.231 169.834 367.697 222.894 31.7353 148.206 60.6003 274.939
internal_count=69240 12794 9671 3123 8518 3155 1153 710 5363 4352 1011 3096 877 2219 563 1939 147 57 672 255 1547 1123 504 719 720 373 97 483 216 814
is_linear=0
shrinkage=0.05


Tree=48
num_leaves=31
num_cat=0
split_feature=10 12 27 29 6 1 17 17 32 8 29 8 7 30 7 7 7 7 7 0 33 7 6 7 6 7 6 7 7 7
split_gain=784.124 311.103 305.605 51.245 40.436 37.1566 32.7234 28.7603 22.9023 46.5566 32.9057 66.6325 38.6709 26.2353 22.5433 22.4383 19.4846 35.4887 17.4944 16.4966 15.8256 15.2782 14.9585 14.1122 14.0571 14.9245 13.2947 12.0374 16.9256 20.6258
threshold=1.0000000180025095e-35 1.0000000180025095e-35 1.0000000180025095e-35 1.0000000180025095e-35 8.5000000000000018 1.0000000180025095e-35 1.0000000180025095e-35 1.0000000180025095e-35 1.0000000180025095e-35 1.0000000180025095e-35 1.0000000180025095e-35 1.0000000180025095e-35 0.21525096525096529 1.0000000180025095e-35 0.2834821428571429 0.162280701754386 0.39444444444444454 0.42481203007518803 0.44097222222222227 1.0000000180025095e-35 1.0000000180025095e-35 0.2834821428571429 7.5000000000000009 0.12916666666666668 7.5000000000000009 0.2834821428571429 3.5000000000000004 0.44722222222222224 0.41421568627450983 0.31009615384615391
decision_type=2 2 2 2 2 2 2 2 2 2 2 2 2 2 2 2 2 2 2 2 2 2 2 2 2 2 2 2 2 2
left_child=1 2 7 4 5 6 19 8 10 -10 11 12 -1 -12 15 -15 -11 -18 -16 21 24 -4 -23 -7 25 -14 -27 28 29 -26
right_child=-2 -3 3 -5 -6 23 -8 -9 9 16 13 -13 20 14 18 -17 17 -19 -20 -21 -22 22 -24 -25 27 26 -28 -29 -30 -31
leaf_value=-0.058347606916205878 -0.05025119243395923 0.05278165120677384 -0.055035518946620537 0.050175493110693373 0.016070217066070949 0.026105299330966364 -0.053189261774723308 -0.052170306053345439 -0.037796257883498274 0.048766938673481974 0.041532279936256564 -0.030970037208661396 -0.054224082008090084 0.033024364461945975 0.022491545932598313 -0.10568208069307461 -0.062838596957054224 0.027620009542500868 -0.045293232871346387 0.038440305381337414 -0.057219584413696983 0.036642025413357857 -0.12622005551398499 -0.063757121307705653 0.019906818406946841 -0.058412326470377023 0.032098526307719151 -0.064177284754912245 0.044225357284475394 -0.020788109673912303
leaf_weight=20.542262184433639 253.67601872980595 2590.8807090371847 8.6903915782459098 669.01283201342449 264.60301203886047 6.6968948962166932 9.8930588834919018 21.890368720050901 28.920079743489623 79.869649346917868 78.673710115719587 165.56614936422557 5.5624356553889802 4.3871674253605297 63.614685366861522 8.6327347531914693 12.637927781790493 75.872506230138242 11.179970802739261 2025.2630558907986 7.9096849490888408 18.57160368561745 1.5148440431803454 12.5011536963284 61.584715725388378 4.1754278498701742 129.67767043039203 6.1918102768249801 25.247357474640012 62.954961241222918
leaf_count=1420 50229 2146 505 622 764 42 418 2112 351 125 196 1318 320 74 447 221 125 266 154 2133 505 121 30 232 1096 217 1382 184 303 1182
internal_value=0.0359823 0.0393569 0.0304195 0.0379657 0.034486 0.0368249 0.037469 0.00440424 0.00585694 0.0207928 0.0013631 -0.00516805 0.00802219 0.0205644 0.00177079 -0.0589159 0.0308604 0.0146926 0.012348 0.0379062 0.0125207 0.000297745 0.024278 -0.0323869 0.0143917 0.0259288 0.0292672 0.0040755 0.00690433 -0.000660521
internal_weight=6736.39 6482.72 3891.84 3016.75 2347.73 2083.13 2063.93 875.091 853.201 197.3 655.901 489.412 323.846 166.488 87.8146 13.0199 168.38 88.5104 74.7947 2054.04 303.304 28.7768 20.0864 19.198 295.394 139.416 133.853 155.979 149.787 124.54
internal_count=69240 19011 16865 4867 4245 3481 3207 11998 9886 867 9019 7927 6609 1092 896 295 516 391 601 2789 5189 656 151 274 4684 1919 1599 2765 2581 2278
is_linear=0
shrinkage=0.05


Tree=49
num_leaves=31
num_cat=0
split_feature=2 14 29 17 33 30 4 17 6 8 6 6 4 28 18 6 28 8 4 28 6 6 6 6 8 1 30 28 6 6
split_gain=896.742 534.086 133.453 61.8507 50.3667 41.7506 54.4583 35.438 32.3969 37.9378 31.7806 23.4942 23.2625 18.9477 16.1494 15.041 15.6788 13.11 29.6724 18.3505 20.5585 10.3695 13.0183 12.7307 28.0046 10.2638 9.62568 18.3037 9.25678 9.06621
threshold=1.0000000180025095e-35 1.0000000180025095e-35 1.0000000180025095e-35 1.0000000180025095e-35 1.0000000180025095e-35 1.0000000180025095e-35 1.0000000180025095e-35 1.0000000180025095e-35 7.5000000000000009 1.0000000180025095e-35 5.5000000000000009 4.5000000000000009 1.0000000180025095e-35 1.0000000180025095e-35 1.0000000180025095e-35 8.5000000000000018 1.0000000180025095e-35 1.0000000180025095e-35 1.0000000180025095e-35 1.0000000180025095e-35 3.5000000000000004 9.5000000000000018 6.5000000000000009 7.5000000000000009 1.0000000180025095e-35 1.0000000180025095e-35 1.0000000180025095e-35 1.0000000180025095e-35 4.5000000000000009 10.500000000000002
decision_type=2 2 2 2 2 2 2 2 2 2 2 2 2 2 2 2 2 2 2 2 2 2 2 2 2 2 2 2 2 2
left_child=1 2 4 -3 7 -4 11 8 10 25 14 -7 -12 -14 17 -11 -17 18 -1 20 -20 22 -13 -24 -25 29 27 -19 -29 -10
right_child=-2 3 5 -5 -6 6 -8 -9 9 15 12 21 13 -15 -16 16 -18 26 19 -21 -22 -23 23 24 -26 -27 -28 28 -30 -31
leaf_value=-0.062559377834379412 -0.050273395268821908 0.052461484605886767 0.050252394680305068 -0.059318932084970424 0.039685201566060924 -0.078586614520493453 0.043601033538890353 -0.050777501417190396 0.019861066135729733 -0.0015524746612096485 0.017887680643339871 -0.022347001305973096 0.046225079464789681 0.020729911789146738 -0.082420752457438129 -0.012582076248077388 -0.057006009625030656 -0.0042647011821039275 -0.08696331274034419 -0.015165839911686253 0.033929472557447479 -0.07917775484080064 0.042991401199354282 0.054982042365964878 -0.080754094934679166 -0.054992229380106443 0.042177631563147765 0.02819483117850979 0.0054646870468839353 2.8310206436847788e-05
leaf_weight=18.608775669243187 292.17058148840442 3537.8845569938421 459.91673005651683 12.406645491719244 202.60131374839693 10.398740939795969 129.865901324898 21.249098785221577 257.80590572021902 121.53860182035714 459.32830225490034 25.128878623247147 177.78440429642797 123.69826507568359 4.8204798130318514 54.04718744661659 31.435404889285564 111.89595749042928 3.7596182371489695 53.645128854550421 52.108816377818584 3.738498590886592 27.877075403928757 7.4761032499372941 7.7045684047043324 5.2438367446884504 28.836531177163124 139.05866909772158 66.168373335152864 74.274944087490439
leaf_count=941 56446 3025 443 98 247 308 147 2288 540 331 923 113 156 238 34 368 350 498 114 498 97 35 41 6 60 103 68 299 194 231
internal_value=0.0353365 0.0393513 0.0225015 0.0520706 0.0160457 0.0417868 0.023434 0.0133923 0.0141571 0.00398774 0.0186219 -0.00837494 0.0249737 0.0357671 0.00852975 -0.01286 -0.0289292 0.00945731 -0.00420236 0.00571402 0.025771 0.00177864 0.00623556 0.0229295 -0.0138823 0.014329 0.0145174 0.0119994 0.0208693 0.0154268
internal_weight=6522.48 6230.31 2680.02 3550.29 2007.91 672.106 212.19 1805.31 1784.06 544.346 1239.71 82.3239 760.811 301.483 478.902 207.021 85.4826 474.082 128.122 109.514 55.8684 71.9251 68.1866 43.0577 15.1807 337.325 345.96 317.123 205.227 332.081
internal_count=69240 12794 9671 3123 8518 1153 710 8271 5983 1923 4060 563 1317 394 2743 1049 718 2709 1650 709 211 255 220 107 66 874 1059 991 493 771
is_linear=0
shrinkage=0.05


Tree=50
num_leaves=31
num_cat=0
split_feature=2 14 29 27 28 7 27 0 8 0 32 8 7 8 7 7 7 7 7 28 26 7 28 7 7 7 7 28 7 7
split_gain=844.424 539.542 155.852 78.7563 47.4632 43.7264 34.6352 29.9607 26.4242 19.1061 20.3417 45.5279 32.8542 29.251 23.5625 19.8129 24.2518 19.0667 18.4564 17.6215 16.7711 16.7441 16.5193 15.3134 14.5359 14.1944 14.3001 13.6137 13.2884 20.8983
threshold=1.0000000180025095e-35 1.0000000180025095e-35 1.0000000180025095e-35 1.0000000180025095e-35 1.0000000180025095e-35 0.44097222222222227 1.0000000180025095e-35 1.0000000180025095e-35 1.0000000180025095e-35 1.0000000180025095e-35 1.0000000180025095e-35 1.0000000180025095e-35 0.41421568627450983 1.0000000180025095e-35 0.39444444444444454 0.162280701754386 0.31789473684210529 0.42481203007518803 0.24126984126984127 1.0000000180025095e-35 1.0000000180025095e-35 0.51666666666666672 1.0000000180025095e-35 0.41421568627450983 0.21525096525096529 0.21525096525096529 0.35504201680672276 1.0000000180025095e-35 0.31789473684210529 0.26969696969696971
decision_type=2 2 2 2 2 2 2 2 2 2 2 2 2 2 2 2 2 2 2 2 2 2 2 2 2 2 2 2 2 2
left_child=1 2 3 9 5 7 22 -5 -9 18 11 12 25 -12 19 -13 -17 -16 -1 -15 28 -14 23 -4 -10 -11 -27 -18 29 -6
right_child=-2 -3 6 4 20 -7 -8 8 24 10 13 15 21 14 17 16 27 -19 -20 -21 -22 -23 -24 -25 -26 26 -28 -29 -30 -31
leaf_value=-0.053084768424695838 -0.050259964797524426 0.051907695024166749 0.0084820750992998985 -0.048585988537825059 0.0052909606342309602 -0.00624181205340614 0.048662452233290854 0.042367487810760308 0.044208888287394221 -0.066099229022732756 -0.035833768988753061 0.052398325815086744 0.044603281990382326 -0.053790936922029436 -0.056499671111158972 -0.069988026082281912 -0.052627626524819053 0.012439920136761984 0.033378214384964897 0.050430018899082288 0.059639478823564678 -0.06315975951313467 0.031707512309753175 -0.072427345876057148 0.02054045635074532 0.0054635042164663085 -0.035049372976906794 -0.013311428177211818 0.011748300861233747 -0.039738932292541995
leaf_weight=6.8612348302267483 278.87810572609305 3402.136772416532 35.037518808618188 11.607722130604087 91.047495158854872 86.12465691100806 523.56746107153594 364.48218501545489 77.712606631219387 9.5911245741881412 27.892706927843392 6.9474759902805081 53.871550507843494 4.3498676978051654 11.935229100286959 35.685985239222646 29.203007503412664 62.516155820339918 60.403333957772702 57.675319514237344 15.173451304435728 3.8507586121559134 112.68354642670602 7.0082682808861128 394.25598924234509 102.96267007291317 27.612485526129603 89.685864762403071 310.90183315332979 35.917729744687676
leaf_count=599 56635 3112 260 163 550 489 517 366 78 101 338 56 122 191 126 548 1398 252 113 74 7 544 167 199 644 337 109 462 743 126
internal_value=0.0348069 0.0387227 0.0218369 0.014745 0.0212569 0.0276977 0.0425195 0.031145 0.0322526 -0.000538052 -0.00376057 -0.0104247 0.00565069 0.010808 0.0203461 -0.0301217 -0.033837 0.00137546 0.0245447 0.0431054 0.00797432 0.0373959 0.0217281 -0.00500618 0.0244395 -0.00742056 -0.00310188 -0.0229766 0.0061815 -0.00744592
internal_weight=6337.58 6058.7 2656.57 1978.27 1387.22 934.183 678.297 848.059 836.451 591.045 523.78 359.411 197.889 164.369 136.477 161.522 154.575 74.4514 67.2646 62.0252 453.041 57.7223 154.729 42.0458 471.969 140.166 130.575 118.889 437.867 126.965
internal_count=69426 12791 9679 8536 3166 1740 1143 1251 1088 5370 4658 3677 1213 981 643 2464 2408 378 712 265 1426 666 626 459 722 547 446 1860 1419 676
is_linear=0
shrinkage=0.05


Tree=51
num_leaves=31
num_cat=0
split_feature=14 2 29 17 33 4 32 4 28 17 31 7 7 0 0 1 7 8 28 7 7 8 7 32 7 7 26 7 32 28
split_gain=800.427 465.027 149.234 108.832 59.7134 38.076 52.4172 34.5923 25.6919 25.6181 25.8356 24.0727 23.575 18.3103 14.5344 13.0469 13.6424 39.8478 12.9618 24.9429 14.5708 11.492 16.5005 23.3172 16.1836 27.0041 13.0278 19.0081 11.2088 13.2363
threshold=1.0000000180025095e-35 1.0000000180025095e-35 1.0000000180025095e-35 1.0000000180025095e-35 1.0000000180025095e-35 1.0000000180025095e-35 1.0000000180025095e-35 1.0000000180025095e-35 1.0000000180025095e-35 1.0000000180025095e-35 1.0000000180025095e-35 0.35147058823529415 0.31789473684210529 1.0000000180025095e-35 1.0000000180025095e-35 1.0000000180025095e-35 0.18465909090909094 1.0000000180025095e-35 1.0000000180025095e-35 0.41421568627450983 0.39444444444444454 1.0000000180025095e-35 0.46862745098039221 1.0000000180025095e-35 0.39444444444444454 0.42481203007518803 1.0000000180025095e-35 0.39444444444444454 1.0000000180025095e-35 1.0000000180025095e-35
decision_type=2 2 2 2 2 2 2 2 2 2 2 2 2 2 2 2 2 2 2 2 2 2 2 2 2 2 2 2 2 2
left_child=1 2 4 -2 5 9 8 -4 -7 10 11 15 -10 -14 -13 16 17 -1 19 20 -16 -20 23 26 -25 -26 27 -23 29 -18
right_child=3 -3 7 -5 -6 6 -8 -9 12 -11 -12 14 13 -15 18 -17 28 -19 21 -21 -22 22 -24 24 25 -27 -28 -29 -30 -31
leaf_value=-0.062907630797496422 0.051903493072173013 -0.0502486029159862 0.02607315544541159 -0.054144560811019954 0.039581105588449822 0.031815287966949414 -0.057721535927527025 0.05015648740475466 -0.010274695723322525 -0.050773465449476786 -0.079508782911842601 -0.074566228866337333 0.058704895261578564 0.015050549618651621 -0.025520689621881761 -0.054315998437937052 0.015998708765418281 0.048688293505317691 0.046543576608049309 -0.033647986550786047 0.016961152297950768 -0.0071055908491798499 0.016527181120340215 0.067624710965209126 -0.056282025160369842 0.059562515778303196 0.058494967378900066 -0.059476499672643103 0.036754383549482586 -0.00049723724832089616
leaf_weight=9.1484943656250817 3246.5474557550624 249.97995013324544 229.15279681794345 24.362509264145046 207.16910571558401 365.07380700949579 20.722690941765904 427.61965021770447 85.006462476681918 19.941788509022444 8.6656832890585047 6.803207231219857 27.931124269962311 171.85955720674247 28.183730494230986 7.0326599958352736 303.36334823258221 63.072134904563427 16.702218542806804 72.801662039943039 71.010345643386245 37.314158679917455 117.23720631562173 13.012422561645506 11.093959122896194 9.186535120010376 4.2600102424621573 32.379379503428936 40.410528134554625 202.86366503685713
leaf_count=712 3395 53093 728 3259 255 562 298 415 438 2305 74 40 17 396 122 180 746 57 74 643 247 122 322 4 111 4 2 217 68 520
internal_value=0.0342214 0.0148956 0.0211377 0.0511133 0.0142012 0.0111877 0.0205367 0.0417549 0.0230338 0.00535229 0.0064146 0.00712775 0.0117746 0.0211586 -0.00213149 0.0133416 0.0141121 0.0345383 -0.000935837 -0.0114235 0.00488451 0.00654125 0.00356079 -0.0106091 0.0241256 -0.00377933 -0.0262541 -0.0314492 0.011412 0.00938731
internal_weight=6129.91 2859 2609.02 3270.91 1952.25 1745.08 670.594 656.772 649.871 1074.48 1054.54 1045.88 284.797 199.791 419.985 625.891 618.858 72.2206 413.182 171.996 99.1941 241.186 224.484 107.246 33.2929 20.2805 73.9535 69.6935 546.638 506.227
internal_count=69426 62772 9679 6654 8536 8281 1711 1143 1413 6570 4265 4191 851 413 1908 2283 2103 769 1868 1012 369 856 782 460 119 115 341 339 1334 1266
is_linear=0
shrinkage=0.05


Tree=52
num_leaves=31
num_cat=0
split_feature=0 12 13 29 10 33 30 8 5 17 7 8 6 1 7 28 7 6 31 7 6 28 7 4 30 7 7 28 4 6
split_gain=620.588 274.777 243.081 145.517 84.3616 59.5781 37.2841 39.3478 34.024 29.1226 26.9193 31.3998 35.5382 28.8892 26.8195 23.4356 21.3017 20.7179 16.3414 15.5446 14.0412 17.093 23.0383 14.0208 13.399 13.6604 12.1725 14.7245 13.3496 11.4845
threshold=1.0000000180025095e-35 1.0000000180025095e-35 1.0000000180025095e-35 1.0000000180025095e-35 1.0000000180025095e-35 1.0000000180025095e-35 1.0000000180025095e-35 1.0000000180025095e-35 1.0000000180025095e-35 1.0000000180025095e-35 0.22649572649572652 1.0000000180025095e-35 6.5000000000000009 1.0000000180025095e-35 0.24126984126984127 1.0000000180025095e-35 0.44097222222222227 5.5000000000000009 1.0000000180025095e-35 0.42481203007518803 8.5000000000000018 1.0000000180025095e-35 0.31789473684210529 1.0000000180025095e-35 1.0000000180025095e-35 0.39444444444444454 0.46862745098039221 1.0000000180025095e-35 1.0000000180025095e-35 3.5000000000000004
decision_type=2 2 2 2 2 2 2 2 2 2 2 2 2 2 2 2 2 2 2 2 2 2 2 2 2 2 2 2 2 2
left_child=4 2 3 5 14 8 -5 -8 9 10 29 13 18 17 -1 19 -14 26 24 -9 21 -19 -23 -22 25 -13 27 28 -12 -2
right_child=1 -3 -4 6 -6 -7 7 15 -10 -11 11 12 16 -15 -16 -17 -18 20 -20 -21 23 22 -24 -25 -26 -27 -28 -29 -30 -31
leaf_value=-0.052531867382903143 -0.016879546676168169 0.051690716052025312 0.050435528193300799 0.049267107074587299 -0.050204016891662533 0.039171247026499253 0.03893078376844393 -0.094206637853409547 -0.088493626737839393 -0.050731317268368638 -0.084851037515852892 0.018028125210700206 -0.0067574756580992892 -0.053757460539694414 0.0065635849321506803 0.01113666481268916 -0.062004658962642061 0.03788344202467573 -0.083627398995185273 -0.0051160675398116825 0.045817517933759551 -0.021720735649336395 0.026452573304741753 0.0037277551909774423 0.040442406197063629 0.00066259128605689662 0.045966775505373175 -0.045069223913145565 0.021914511661381912 0.031794150674691345
leaf_weight=22.350740867201239 12.934336415026335 2167.389115922153 946.0712806545198 441.9577838294208 208.88392247026786 200.48282058164477 123.15795751754194 11.027751792222263 8.6609660033136588 18.984587123151869 3.3362244851887253 238.07111113891006 311.67599006928504 13.62681326176971 135.75475570559502 42.468710359185934 18.476114363409579 207.31267867982388 4.4808232448995104 8.8238688930869085 23.510094173252583 32.373593863099813 106.13056740909815 124.87923859059811 38.63232134655118 216.10101102013141 8.9557044357061368 24.603941366076469 23.362873449921608 187.94736281689256
leaf_count=2235 180 2139 973 446 50448 224 275 166 62 2305 37 429 1133 327 5258 73 318 230 25 86 32 151 188 314 94 822 23 87 41 305
internal_value=0.0336267 0.0377794 0.0289061 0.0205987 -0.0293484 0.0134553 0.0413702 0.022549 0.0102802 0.0108106 0.0115431 0.00907908 0.0028638 0.0181307 -0.00179013 -0.0098179 -0.00985254 0.0198993 0.0113073 -0.0546544 0.0232744 0.0287959 0.0151883 0.0104023 0.0121732 0.00976668 -0.00777239 -0.0171702 0.00852797 0.028657
internal_weight=5932.43 5565.44 3398.05 2451.98 366.989 1824.54 627.436 185.478 1624.06 1615.4 1596.41 1395.53 827.437 568.092 158.105 62.3203 330.152 554.465 497.285 19.8516 494.206 345.817 138.504 148.389 492.804 454.172 60.2587 51.303 26.6991 200.882
internal_count=69426 11485 9346 8373 57941 7327 1046 600 7103 7041 4736 4251 2821 1430 7493 325 1451 1103 1370 252 915 569 339 346 1345 1251 188 165 78 485
is_linear=0
shrinkage=0.05


Tree=53
num_leaves=31
num_cat=0
split_feature=14 2 29 17 27 33 30 4 27 4 28 30 7 27 7 7 7 7 31 18 26 17 7 7 31 32 4 4 7 7
split_gain=766.656 410.618 136.205 101.965 69.9867 40.0225 37.8241 41.7703 30.6268 26.1213 31.1262 24.9737 23.5827 20.4694 30.4608 20.0855 16.7096 16.9662 15.5624 14.3619 12.8442 11.0199 10.6709 10.6329 9.96525 9.93041 42.5587 36.0358 37.4618 26.8384
threshold=1.0000000180025095e-35 1.0000000180025095e-35 1.0000000180025095e-35 1.0000000180025095e-35 1.0000000180025095e-35 1.0000000180025095e-35 1.0000000180025095e-35 1.0000000180025095e-35 1.0000000180025095e-35 1.0000000180025095e-35 1.0000000180025095e-35 1.0000000180025095e-35 0.42481203007518803 1.0000000180025095e-35 0.39444444444444454 0.21525096525096529 0.31789473684210529 0.39444444444444454 1.0000000180025095e-35 1.0000000180025095e-35 1.0000000180025095e-35 1.0000000180025095e-35 0.28991596638655465 0.44097222222222227 1.0000000180025095e-35 1.0000000180025095e-35 1.0000000180025095e-35 1.0000000180025095e-35 0.37797619047619052 0.39444444444444454
decision_type=2 2 2 2 2 2 2 2 2 2 2 2 2 2 2 2 2 2 2 2 2 2 2 2 2 2 2 2 2 2
left_child=1 2 4 -2 21 9 -4 8 -8 11 -11 15 -10 14 -9 -6 22 -18 19 20 -17 24 -12 -14 25 27 29 -1 -29 -27
right_child=3 -3 6 -5 5 -7 7 13 12 10 16 -13 23 -15 -16 18 17 -19 -20 -21 -22 -23 -24 -25 -26 26 -28 28 -30 -31
leaf_value=-0.018322705285242349 0.051343597870260119 -0.050229161941736655 0.048488944023048028 -0.054346293173847898 0.03239518382082289 0.040674207208336755 0.0099779904694639251 -0.11365959268739301 -0.12311546487707659 0.037142036686324861 -0.0041181144453322008 0.039739495924631198 0.040003407634346004 0.050967345549097758 0.037584837386113061 0.0043716245299457264 0.037201551595014058 0.0015504383887356972 -0.081356571982817524 -0.073022420043295067 0.059534795844849157 -0.050279959281324088 -0.072088479336018585 -0.085118008458807459 -0.077116838121684822 0.045115623573077905 -0.057510790572853944 -0.0073816059979027911 0.037058907347163612 0.00052223666691846862
leaf_weight=210.10722780739889 2969.8651225226931 228.37533433339559 426.11171954125166 22.984908004757017 68.93086858978495 190.68275605887175 66.622500455472618 4.9300493551418176 8.6282885503023881 248.68716624937952 53.87486504856497 63.750828108750284 5.0196264535188666 92.865453157573938 10.194271624088286 544.5449707955122 70.28004515171051 63.596925470978022 5.3029666589573017 5.8830363503657273 10.752793192863463 11.293225992005317 6.4608431011438361 2.5530080432072282 4.19333342462778 62.025413827504963 19.839450215920806 111.17676274850965 82.660990966483951 74.027066411450505
leaf_count=2005 3395 53093 468 3259 423 212 450 36 46 308 202 101 6 87 15 1562 65 190 31 36 5 1885 31 35 52 108 297 503 139 381
internal_value=0.0330142 0.0139728 0.01978 0.0505316 0.0131763 0.0194679 0.0402032 0.0216958 -0.00501132 0.0159265 0.0254279 0.00990661 -0.0666503 0.0421821 -0.0117255 0.00691212 0.0104243 0.020271 0.0038099 0.00461702 0.00544176 -0.00139755 -0.0114155 -0.00217021 -0.000417045 0.000157931 0.0108778 -0.00397806 0.0115681 0.0208576
internal_weight=5746.22 2753.37 2525 2992.85 1908.07 1332.75 616.925 190.813 82.8234 1142.07 442.9 699.165 16.2009 107.99 15.1243 635.415 194.213 133.877 566.484 561.181 555.298 575.323 60.3357 7.57263 564.03 559.837 155.892 403.945 193.838 136.052
internal_count=69426 62772 9679 6654 8536 3166 1143 675 537 2954 796 2158 87 138 51 2057 488 255 1634 1603 1567 5370 233 41 3485 3433 786 2647 642 489
is_linear=0
shrinkage=0.05


Tree=54
num_leaves=31
num_cat=0
split_feature=2 12 13 29 33 30 4 4 32 6 28 6 7 31 6 7 8 6 19 26 18 5 7 32 8 6 6 8 8 28
split_gain=657.842 289.215 241.326 130.62 49.7949 36.8716 39.6875 30.7066 45.0012 24.7147 21.3005 20.8505 20.7376 20.4614 20.1369 24.5904 27.3251 18.7736 16.0918 14.6065 13.6713 13.1834 12.7232 30.4283 14.3859 11.6198 17.8169 15.5657 10.9078 17.2604
threshold=1.0000000180025095e-35 1.0000000180025095e-35 1.0000000180025095e-35 1.0000000180025095e-35 1.0000000180025095e-35 1.0000000180025095e-35 1.0000000180025095e-35 1.0000000180025095e-35 1.0000000180025095e-35 8.5000000000000018 1.0000000180025095e-35 5.5000000000000009 0.31789473684210529 1.0000000180025095e-35 2.5000000000000004 0.18465909090909094 1.0000000180025095e-35 2.5000000000000004 1.0000000180025095e-35 1.0000000180025095e-35 1.0000000180025095e-35 1.0000000180025095e-35 0.39444444444444454 1.0000000180025095e-35 1.0000000180025095e-35 6.5000000000000009 7.5000000000000009 1.0000000180025095e-35 1.0000000180025095e-35 1.0000000180025095e-35
decision_type=2 2 2 2 2 2 2 2 2 2 2 2 2 2 2 2 2 2 2 2 2 2 2 2 2 2 2 2 2 2
left_child=1 2 3 4 7 -5 25 9 10 13 -9 -12 -13 14 -1 16 -16 -4 19 20 21 22 23 -17 -24 -7 -27 -28 -11 -30
right_child=-2 -3 17 5 -6 6 -8 8 -10 28 11 12 -14 -15 15 18 -18 -19 -20 -21 -22 -23 24 -25 -26 26 27 -29 29 -31
leaf_value=-0.053452204716502909 -0.050216036456507129 0.051156429007984151 -0.021274096767013081 0.04789568137877355 0.036917528493053312 -0.025001102924251624 0.041631699610818321 0.029209107532362052 -0.057142822906404149 0.0047856438976028549 -0.017432738601122259 -0.0075850156455485587 0.026463407804558792 -0.074616044119101332 -0.073193775430489286 0.0077312586812066826 0.048954467087400436 0.050534785703015596 -0.10415506019841808 0.058354750701957003 -0.072882638465320074 -0.10745104966561465 -0.077569184974649832 0.047163882408779625 0.00021522239898551655 0.038363848404113179 0.018896490000080743 -0.07474620447359645 -0.0091248615587407791 -0.056735696684036191
leaf_weight=13.077739680185912 230.73094033799134 1981.6643108129501 9.1845639795064908 410.22457143943757 190.41604566946626 38.187810193747282 104.06264753825963 343.83004142530262 19.037613101303577 40.02625641040504 53.512152918148786 61.253832679241896 165.42966715991497 7.5223639844916752 4.9617846850305787 491.1027562264353 57.622335718944669 857.49263953790069 3.246173119172453 13.721623301506041 5.396950075402855 2.503362998366355 6.0669356277212492 54.335191186517477 271.6010645092465 26.746386010199785 9.191426794975996 8.55359772965312 50.465136894956231 30.591719474643469
leaf_count=1779 56635 2139 52 468 255 402 138 562 298 195 423 181 247 108 215 1938 55 921 29 7 28 16 75 226 1172 38 17 80 363 364
internal_value=0.0324381 0.0360156 0.0270572 0.019127 0.0126736 0.0395107 0.0210868 0.00995008 0.0185581 0.00468881 0.0208692 0.0106328 0.0172608 0.00745246 0.0081222 0.00900768 0.0392522 0.049773 0.00677447 0.00720258 0.00635666 0.00687612 0.00722574 0.0116611 -0.00148527 -0.00476763 0.0125896 -0.0262304 -0.0165591 -0.0271046
internal_weight=5561.76 5331.03 3349.36 2482.69 1885.72 596.966 186.742 1695.3 643.063 1052.24 624.026 280.196 226.683 931.158 923.636 910.558 62.5841 866.677 847.974 844.728 831.006 825.609 823.106 545.438 277.668 82.6792 44.4914 17.745 121.083 81.0569
internal_count=69426 12791 10652 9679 8536 1143 675 8281 1711 6570 1413 851 428 5648 5540 3761 270 973 3491 3462 3455 3427 3411 2164 1247 537 135 97 922 727
is_linear=0
shrinkage=0.05


Tree=55
num_leaves=31
num_cat=0
split_feature=0 12 27 10 1 18 29 28 8 33 31 7 17 7 7 29 7 33 32 8 4 7 7 28 4 27 29 30 9 7
split_gain=519.173 284 194.201 67.3563 61.5962 53.7873 48.7618 35.5212 57.1841 25.8493 22.8368 21.3377 19.6085 18.4337 22.0384 20.0149 24.6017 17.5231 10.4134 46.9486 19.8991 28.7963 14.8369 9.95617 20.153 13.4968 23.9279 9.63359 9.11834 8.66805
threshold=1.0000000180025095e-35 1.0000000180025095e-35 1.0000000180025095e-35 1.0000000180025095e-35 1.0000000180025095e-35 1.0000000180025095e-35 1.0000000180025095e-35 1.0000000180025095e-35 1.0000000180025095e-35 1.0000000180025095e-35 1.0000000180025095e-35 0.24126984126984127 1.0000000180025095e-35 0.22649572649572652 0.42481203007518803 1.0000000180025095e-35 0.37797619047619052 1.0000000180025095e-35 1.0000000180025095e-35 1.0000000180025095e-35 1.0000000180025095e-35 0.31789473684210529 0.35504201680672276 1.0000000180025095e-35 1.0000000180025095e-35 1.0000000180025095e-35 1.0000000180025095e-35 1.0000000180025095e-35 1.0000000180025095e-35 0.30217391304347835
decision_type=2 2 2 2 2 2 2 2 2 2 2 2 2 2 2 2 2 2 2 2 2 2 2 2 2 2 2 2 2 2
left_child=3 2 7 11 5 6 9 8 17 12 13 -1 -4 -9 15 16 18 28 20 -20 21 -15 -23 24 -13 -26 -27 -25 -2 -22
right_child=1 -3 4 -5 -6 -7 -8 10 -10 -11 -12 23 -14 14 -16 -17 -18 -19 19 -21 29 22 -24 27 25 26 -28 -29 -30 -31
leaf_value=-0.051984287852884406 0.0097338328332553497 0.050923148562763421 0.028304083153031345 -0.050174184119860854 -0.065696226348311945 -0.095004069799508081 0.047726583639905326 0.040520098803504455 -0.050248158847070672 0.044731797642757642 -0.11064130948699505 -0.065709195815375446 -0.052326032779439417 -0.08000026077025435 0.023357805708207672 0.025849406938651343 -0.053313619104561762 -0.070568026393226929 -0.057276129925470501 0.046640262973535435 0.040112930418591715 0.0089047700170502026 -0.042470689425785857 0.022690037658682279 0.014034251778276472 -0.12540301073336879 0.058326859716730434 -0.060281922425409945 -0.060303094308108478 -0.0037213893759481644
leaf_weight=20.384182407520711 144.48206283058971 1853.064117051661 1619.0934528633952 179.81757240486331 15.721567929256706 8.0971585456281883 509.27420166973025 50.064663039520383 71.44026560918428 266.53568902611732 3.8256523204036048 13.159597561229019 7.5624744659289709 17.754535960964859 155.10690978774801 56.857617273926735 25.80061849579215 7.5451644845306864 15.124974660575388 38.536241553723812 22.029381267726421 42.704694199375808 20.927379058673978 57.408047124743462 44.527567884884775 4.8171695824712506 2.7881687339395285 3.7129529505036762 4.7902403462212524 23.055748688988388
leaf_count=2274 379 2089 2414 50404 307 49 570 163 2483 271 38 707 406 125 484 78 224 48 205 58 64 129 102 1740 2212 158 11 429 716 61
internal_value=0.0314071 0.0354128 0.0262191 -0.0296592 0.0329128 0.0335564 0.0339903 0.00301834 -0.0131727 0.0302947 0.010853 -0.0045245 0.0279286 0.0118496 0.00841276 -0.000406884 -0.0076595 0.00371644 -0.00111504 0.0173358 -0.00894833 -0.0237114 -0.0079878 0.00312794 -0.0104429 0.00350802 -0.0579926 0.0176325 0.00747907 0.0176899
internal_weight=5306.01 4979.39 3126.33 326.615 2426.28 2410.56 2402.47 700.046 228.258 1893.19 471.788 146.798 1626.66 467.963 417.898 262.791 205.934 156.817 180.133 53.6612 126.472 81.3866 63.6321 126.414 65.2925 52.1329 7.60534 61.121 149.272 45.0851
internal_count=69398 11463 9374 57935 4017 3710 3661 5357 3626 3091 1731 7531 2820 1693 1530 1046 968 1143 744 263 481 356 231 5257 3088 2381 169 2169 1095 125
is_linear=0
shrinkage=0.05


Tree=56
num_leaves=31
num_cat=0
split_feature=2 12 27 1 18 6 28 8 33 6 33 6 6 8 28 7 5 8 6 3 7 7 7 7 0 7 6 7 6 6
split_gain=575.064 298.376 171.742 60.4975 49.5491 29.7405 26.762 62.8589 22.8426 20.9246 19.2194 18.1634 19.0009 18.2831 15.1029 36.3861 14.1465 13.9238 13.0353 19.8007 11.9929 11.2691 15.5317 14.9852 14.5032 10.0391 20.9315 7.40038 7.2431 13.58
threshold=1.0000000180025095e-35 1.0000000180025095e-35 1.0000000180025095e-35 1.0000000180025095e-35 1.0000000180025095e-35 10.500000000000002 1.0000000180025095e-35 1.0000000180025095e-35 1.0000000180025095e-35 4.5000000000000009 1.0000000180025095e-35 7.5000000000000009 3.5000000000000004 1.0000000180025095e-35 1.0000000180025095e-35 0.31789473684210529 1.0000000180025095e-35 1.0000000180025095e-35 10.500000000000002 1.0000000180025095e-35 0.2834821428571429 0.42481203007518803 0.24126984126984127 0.12916666666666668 1.0000000180025095e-35 0.11805555555555557 4.5000000000000009 0.24126984126984127 5.5000000000000009 6.5000000000000009
decision_type=2 2 2 2 2 2 2 2 2 2 2 2 2 2 2 2 2 2 2 2 2 2 2 2 2 2 2 2 2 2
left_child=1 2 6 4 5 8 7 9 11 -1 16 12 17 14 -13 -16 20 -4 21 -20 -11 22 23 -8 -24 26 -10 -14 -26 -30
right_child=-2 -3 3 -5 -6 -7 18 -9 25 10 -12 13 27 -15 15 -17 -18 -19 19 -21 -22 -23 24 -25 28 -27 -28 -29 29 -31
leaf_value=-0.056303955163666958 -0.050198417311600158 0.050659547068668799 -0.026928960069142034 -0.064792748822244617 -0.092896139465466598 -0.0078702654671082908 -0.052458585639282046 -0.049565380807959927 -0.12266875666652206 -0.015986392103395933 -0.069420561293785668 0.041251913670937501 0.044141545948004707 0.013501130110811988 -0.056562785622734417 0.032684280414298585 -0.072644181057904864 0.0224396819641773 -0.062039088219098031 0.047108482552165265 0.021244504951642935 0.024152695114144598 0.047135441250536952 0.040883711531629272 -0.016892758735493819 0.047064030647688049 0.044174647568424069 0.033878660744977314 0.018509033860182867 -0.0074529891755011242
leaf_weight=12.632550320122389 210.27176639274694 1771.6307795122266 19.590319765266031 16.159111560322344 7.8727733287960282 44.399935988709331 4.7110225255601099 68.868921754648909 2.701240871101616 25.330869857221842 7.2711425460875025 163.30428361147642 204.96437856880948 248.31763278692961 14.653107710182665 51.606287926435471 4.6337331347167483 52.582409873604774 13.615023054182531 5.9648797623813143 147.25417549349368 150.85382367717102 17.285036973655224 47.862286925315857 51.681048036552966 321.31107659265399 6.1178513187915087 1250.4332892149687 90.500891700387001 113.53019941039383
leaf_count=1161 56591 2089 596 324 49 171 426 2483 19 145 47 178 244 563 67 52 39 289 160 6 222 406 17 60 342 335 21 1629 148 519
internal_value=0.0307797 0.0342284 0.0250335 0.0315899 0.0322426 0.0326571 0.00434821 -0.00844616 0.0334278 0.00591896 0.0101851 0.0314204 0.0340827 0.0229087 0.0330817 0.0129344 0.0134578 0.00903042 0.0112105 -0.0287555 0.0157765 0.0128546 0.00761747 0.0325015 0.00282249 0.0456193 -0.00695302 0.0353246 -0.000172645 0.00406073
internal_weight=5147.91 4937.64 3166.01 2404.01 2387.85 2379.98 761.996 265.991 2335.58 197.122 184.49 2005.45 1527.57 477.881 229.564 66.2594 177.219 72.1727 496.004 19.5799 172.585 476.424 325.57 52.5733 272.997 330.13 8.81909 1455.4 255.712 204.031
internal_count=69398 12807 10718 4537 4213 4164 6181 4097 3993 1614 453 3618 2758 860 297 119 406 885 2084 166 367 1918 1512 486 1026 375 40 1873 1009 667
is_linear=0
shrinkage=0.05


Tree=57
num_leaves=31
num_cat=0
split_feature=14 10 29 8 17 33 15 27 30 1 4 32 6 8 32 28 6 8 7 6 4 30 7 7 27 28 28 6 7 6
split_gain=726.684 242.259 126.043 90.0182 47.3081 41.224 55.1409 39.2165 38.8448 29.2043 30.2495 37.369 25.6818 35.6774 40.2409 35.6596 23.5587 24.8117 22.6516 21.7452 21.1065 56.5295 20.572 19.6135 17.9391 17.4944 15.3672 27.0152 25.5854 15.2716
threshold=1.0000000180025095e-35 1.0000000180025095e-35 1.0000000180025095e-35 1.0000000180025095e-35 1.0000000180025095e-35 1.0000000180025095e-35 1.0000000180025095e-35 1.0000000180025095e-35 1.0000000180025095e-35 1.0000000180025095e-35 1.0000000180025095e-35 1.0000000180025095e-35 7.5000000000000009 1.0000000180025095e-35 1.0000000180025095e-35 1.0000000180025095e-35 5.5000000000000009 1.0000000180025095e-35 0.12916666666666668 7.5000000000000009 1.0000000180025095e-35 1.0000000180025095e-35 0.41421568627450983 0.31789473684210529 1.0000000180025095e-35 1.0000000180025095e-35 1.0000000180025095e-35 4.5000000000000009 0.46862745098039221 4.5000000000000009
decision_type=2 2 2 2 2 2 2 2 2 2 2 2 2 2 2 2 2 2 2 2 2 2 2 2 2 2 2 2 2 2
left_child=1 2 5 -2 -5 9 8 25 24 10 12 18 16 -14 15 -15 17 -1 -12 -20 21 -9 -23 -19 -7 -4 28 -28 -25 -26
right_child=3 -3 7 4 -6 6 -8 20 -10 -11 11 -13 13 14 -16 -17 -18 23 19 -21 -22 22 -24 26 29 -27 27 -29 -30 -31
leaf_value=-0.06256952661837975 -0.072378922270358387 -0.050155762143922547 -0.010660220359849371 0.050584314805511191 -0.059105620265190333 -0.057332477169207641 -0.15487880036980667 0.042495850212021596 -0.10999449346251854 -0.056236058867035192 -0.050214082766520077 -0.056774397819912593 0.019982249176052951 -0.013486374572504126 0.050119967009861703 -0.062098807894595633 0.014022716092849351 0.017210843648611748 0.027381314585200697 0.0082953184733813249 0.050884651837331145 -0.11569557124228645 0 -0.0068688604932249367 -0.0031206286466988597 0.026335574574632273 0.014655198148945512 -0.039004886550391513 -0.066276000304533303 0.048471022759892617
leaf_weight=16.971951584797353 15.071200577542184 150.96684292936698 46.851649357005954 2451.5107609890401 9.8572078943252546 4.5430185277946284 3.8374431431293479 65.492947817780077 4.3923670067451885 18.319472956936806 12.002199561102314 17.268621473573148 63.009474657010287 102.63958444725722 16.697861149907112 59.677457988262177 431.5858677381184 104.23920837044716 344.55713803856634 263.43902496946976 306.33231040462852 8.5269037238322181 6.9764621127396813 56.133355146273971 15.921403575688599 100.35320674767718 96.350489675998688 30.990865120664239 26.774103299714625 143.01220448687673
leaf_count=1778 3629 46792 875 2954 84 505 20 81 55 486 416 299 515 524 39 494 1090 618 2303 2678 357 48 37 845 44 470 338 182 692 150
internal_value=0.0301672 0.011252 0.0151691 0.0493984 0.0501446 0.00893678 0.0322599 0.036532 0.0365498 0.00652476 0.00722547 0.0157474 0.00182155 -0.012369 -0.0237592 -0.031365 0.00632329 -0.00370056 0.017769 0.0191126 0.0448816 0.022168 -0.0636453 -0.0005201 0.0404968 0.0145574 -0.0093137 0.00159006 -0.0260655 0.0432997
internal_weight=4994.3 2517.86 2366.9 2476.44 2461.37 1832.36 171.706 534.533 167.869 1660.66 1642.34 637.267 1005.07 242.024 179.015 162.317 763.046 331.46 619.998 607.996 387.329 80.9963 15.5034 314.488 163.477 147.205 210.249 127.341 82.9075 158.934
internal_count=69398 62731 15939 6667 3038 14071 774 1868 754 13297 12811 5696 7115 1572 1057 1018 5543 4453 5397 4981 523 166 85 2675 699 1345 2057 520 1537 194
is_linear=0
shrinkage=0.05


Tree=58
num_leaves=31
num_cat=0
split_feature=2 12 27 1 33 28 4 31 17 3 33 7 7 7 7 7 7 7 7 7 0 7 0 28 7 0 7 33 7 30
split_gain=509.53 296.155 156.726 53.4693 24.5918 23.6255 38.641 21.7298 21.1575 19.6175 17.4094 14.7691 29.5123 12.3698 16.4232 11.4192 10.9958 9.67447 12.6712 11.1326 15.2028 9.58967 7.98692 7.58719 6.91081 6.44679 6.75728 6.12866 5.78501 11.2356
threshold=1.0000000180025095e-35 1.0000000180025095e-35 1.0000000180025095e-35 1.0000000180025095e-35 1.0000000180025095e-35 1.0000000180025095e-35 1.0000000180025095e-35 1.0000000180025095e-35 1.0000000180025095e-35 1.0000000180025095e-35 1.0000000180025095e-35 0.39444444444444454 0.3585714285714286 0.3585714285714286 0.2834821428571429 0.11805555555555557 0.22649572649572652 0.22649572649572652 0.12916666666666668 0.42481203007518803 1.0000000180025095e-35 0.10263157894736843 1.0000000180025095e-35 1.0000000180025095e-35 0.35504201680672276 1.0000000180025095e-35 0.41421568627450983 1.0000000180025095e-35 0.29705882352941182 1.0000000180025095e-35
decision_type=2 2 2 2 2 2 2 2 2 2 2 2 2 2 2 2 2 2 2 2 2 2 2 2 2 2 2 2 2 2
left_child=1 2 5 4 8 6 13 17 9 16 11 12 -8 14 -1 -6 21 18 -7 20 -19 23 -16 -4 28 -13 -27 -15 -22 -30
right_child=-2 -3 3 -5 15 7 10 -9 -10 -11 -12 25 -14 27 22 -17 -18 19 -20 -21 24 -23 -24 -25 -26 26 -28 -29 29 -31
leaf_value=-0.057334230147586554 -0.050183638384413434 0.050162305462642623 0.030351716229617604 -0.064048415145187748 -0.012099875448718362 -0.052032405196602474 0.0095317845318385747 -0.10916693247132761 -0.05232435013451351 -0.065356041848974408 -0.067701368815833524 0.062231180981703216 -0.099197598612108043 -0.053913226240059287 -0.081941291811227987 0.045461132204680565 0.027906099330686371 0.041538933077251088 0.039269380498185173 0.019510547329826308 -0.0074681308259293994 0.042696543366313205 -0.00020438017333605755 -0.028258270073703951 -0.012772608573245699 -0.0061211252508089646 0.036911311419961075 0.047536023556444144 0.016156920628505354 -0.043522676524771077
leaf_weight=19.253418559674174 192.16915651224554 1618.7486806064844 15.39532055798918 14.944125880487261 8.8500691652297956 4.1233198898844412 65.488175211939961 3.7672106728423378 8.0072151529602689 5.4747437173500648 6.8312309556640676 14.348517123609779 6.888126239180564 41.458433789201081 3.1410462185740462 303.63356749340892 1702.0477864444256 23.202415741980076 46.732923850417137 155.42028027493507 61.189154640771449 215.45878809690475 58.260139989666641 8.5906792702153325 81.157641671597958 13.268654197454451 29.038533106446266 1.5315243750810612 103.99465638771653 8.5202333992347103
leaf_count=908 56591 2089 52 324 43 421 227 42 435 236 50 8 29 1916 25 344 2644 23 62 490 275 239 880 220 442 25 27 2 284 45
internal_value=0.0295978 0.032896 0.0236713 0.0301795 0.0308011 0.00380157 -0.00838717 0.0102829 0.0287182 0.029052 0.0100157 0.014139 -0.000821468 -0.0286118 -0.0170529 0.043829 0.0293188 0.0112153 0.0318482 0.00879278 0.00279994 0.0393574 -0.00440653 0.00933646 -0.000726363 0.0332562 0.0234051 -0.0502772 0.00489939 0.0116298
internal_weight=4840.94 4648.77 3030.02 2282.4 2267.46 747.616 259.508 488.108 1954.97 1946.97 135.863 129.032 72.3763 123.645 80.6546 312.484 1941.49 484.341 50.8562 433.484 278.064 239.445 61.4012 23.986 254.862 56.6557 42.3072 42.99 173.704 112.515
internal_count=69398 12807 10718 4537 4213 6181 4097 2084 3826 3391 366 316 256 3731 1813 387 3155 2042 483 1559 1069 511 905 272 1046 60 52 1918 604 329
is_linear=0
shrinkage=0.05


Tree=59
num_leaves=31
num_cat=0
split_feature=14 2 8 8 28 17 7 7 5 19 0 9 33 7 17 31 26 0 5 18 7 7 7 7 2 9 7 28 7 7
split_gain=703.337 270.996 82.5695 75.8851 64.1592 44.388 37.5177 27.2878 25.6353 22.4478 21.3493 19.2368 16.7064 14.5625 14.5306 13.662 12.7445 12.2646 12.1974 11.0846 10.9851 9.95509 9.41401 12.0167 9.14674 8.41041 7.39826 13.1663 9.52688 6.53195
threshold=1.0000000180025095e-35 1.0000000180025095e-35 1.0000000180025095e-35 1.0000000180025095e-35 1.0000000180025095e-35 1.0000000180025095e-35 0.21525096525096529 0.162280701754386 1.0000000180025095e-35 1.0000000180025095e-35 1.0000000180025095e-35 1.0000000180025095e-35 1.0000000180025095e-35 0.35504201680672276 1.0000000180025095e-35 1.0000000180025095e-35 1.0000000180025095e-35 1.0000000180025095e-35 1.0000000180025095e-35 1.0000000180025095e-35 0.35504201680672276 0.41421568627450983 0.30217391304347835 0.2834821428571429 1.0000000180025095e-35 1.0000000180025095e-35 0.58571428571428574 1.0000000180025095e-35 0.51666666666666672 0.44097222222222227
decision_type=2 2 2 2 2 2 2 2 2 2 2 2 2 2 2 2 2 2 2 2 2 2 2 2 2 2 2 2 2 2
left_child=1 3 24 4 8 -4 -5 -6 10 12 13 20 14 22 15 16 19 -9 25 26 -12 -22 23 -1 -2 -19 28 -28 -8 -23
right_child=2 -3 5 6 7 -7 9 17 -10 -11 11 -13 -14 -15 -16 -17 -18 18 -20 -21 21 29 -24 -25 -26 -27 27 -29 -30 -31
leaf_value=-0.058310916174718432 -0.14557713695281618 -0.050175843986583528 0.05012780440310749 0.031380032665682213 -0.060778638795276799 -0.058835594770375622 0.0019801335921677456 0.0334232261447409 -0.075209926852257303 -0.094047454903808086 0.039206257673946657 -0.051653887050856308 0.027991317675569623 0.025408456825676586 -0.050910728704167379 -0.076088065981559663 0.054249844196259826 0.0078862203568026475 -0.079933521169205296 -0.067120045708214962 0.011314228477037992 0.049314307144914742 -0.099629765496841993 0.023949149551943535 -0.050050148484700574 -0.053124455303870492 -0.043885055321260032 0.047414788259796031 -0.070763305721532901 0.02233388339805863
leaf_weight=8.2563281664624864 3.3105691224336598 172.39313219836913 2252.5352776311338 126.4340948658064 14.523023329442365 9.3732273206114751 869.71108802361414 45.211764244362712 5.5158689254894844 5.9768471512943497 547.74053051741794 6.3333230067510149 62.942432656884193 26.846179451327771 13.0886184645351 5.5395913412794462 11.779241703450678 280.73477376345545 4.1147318538278332 5.7655756771564475 76.868094220757484 44.977915719151497 3.9261677190661421 9.5720717757940275 10.437556206714362 5.7529048447031519 4.9128418704494861 19.883625388145447 4.5140493633225551 45.00101157836616
leaf_count=498 17 52979 2954 337 800 84 2857 63 78 47 818 944 77 48 1576 41 7 827 32 41 134 45 30 13 3612 172 55 22 110 80
internal_value=0.0289612 0.0102445 0.048933 0.0148622 0.0240537 0.0496758 0.00571216 0.00629467 0.0320804 0.00247938 0.032851 0.0350134 0.00305882 0.00076485 0.00137994 0.00212326 0.00259733 0.00919861 0.00542702 0.00192373 0.0357829 0.0245398 -0.0296213 -0.0141288 -0.0731786 0.00665752 0.00236781 0.0292953 0.00160315 0.0358302
internal_weight=4703.97 2428.32 2275.66 2255.92 1125.37 2261.91 1130.55 350.337 775.037 1004.11 769.522 720.921 998.137 48.6007 935.195 922.106 916.566 335.814 290.602 904.787 714.588 166.847 21.7546 17.8284 13.7481 286.488 899.022 24.7965 874.225 89.9789
internal_count=69398 62731 6667 9752 4582 3038 5170 1894 2688 4833 2610 2021 4786 589 4709 3133 3092 1094 1031 3085 1077 259 541 511 3629 999 3044 77 2967 125
is_linear=0
shrinkage=0.05


Tree=60
num_leaves=31
num_cat=0
split_feature=14 2 29 17 30 4 28 4 7 30 15 32 4 7 26 30 7 30 7 7 7 7 7 17 5 7 7 4 7 7
split_gain=696.296 254.3 112.672 79.2915 37.8602 38.0979 29.2843 48.0787 54.9031 29.6693 20.198 20.1787 35.1663 30.8309 20.5667 19.227 19.1217 14.9542 35.1949 14.7039 13.5954 14.5478 18.1245 11.0377 10.3369 8.67406 9.00106 8.56795 14.5328 8.37892
threshold=1.0000000180025095e-35 1.0000000180025095e-35 1.0000000180025095e-35 1.0000000180025095e-35 1.0000000180025095e-35 1.0000000180025095e-35 1.0000000180025095e-35 1.0000000180025095e-35 0.41421568627450983 1.0000000180025095e-35 1.0000000180025095e-35 1.0000000180025095e-35 1.0000000180025095e-35 0.39444444444444454 1.0000000180025095e-35 1.0000000180025095e-35 0.64583333333333337 1.0000000180025095e-35 0.41421568627450983 0.42481203007518803 0.54195804195804198 0.30217391304347835 0.26969696969696971 1.0000000180025095e-35 1.0000000180025095e-35 0.30217391304347835 0.10263157894736843 1.0000000180025095e-35 0.28991596638655465 0.35504201680672276
decision_type=2 2 2 2 2 2 2 2 2 2 2 2 2 2 2 2 2 2 2 2 2 2 2 2 2 2 2 2 2 2
left_child=1 2 6 -2 -4 -6 7 8 15 11 -10 14 13 -13 16 23 20 25 -19 -15 21 22 -8 24 -1 26 -9 -24 -29 -23
right_child=3 -3 4 -5 5 -7 9 17 10 -11 -12 12 -14 19 -16 -17 -18 18 -20 -21 -22 29 27 -25 -26 -27 -28 28 -30 -31
leaf_value=0.0097982770938782934 0.049772864998692573 -0.050166709374368616 0.045525714130290565 -0.054511590073290983 -0.011684360712097898 0.036574311550048831 -0.0049434826076816003 -0.033408658012603641 -0.028630937493039729 -0.069527391611647435 -0.25476288639737488 0.051294117182124302 -0.055508940806733686 -0.055208321808524322 0.057527607558199745 0.04042057498945148 0.061429226814954524 -0.12117109732651615 0.047525559278239426 0.012490616039727502 -0.11874134155739116 0.0092807816051213264 -0.0602073288577901 -0.050694602323190924 -0.075005382924473327 0.021419267069126502 0.037948714472617273 0.0059017626179360197 -0.071791325562582012 -0.0053187875088690053
leaf_weight=427.25972052710131 2176.1683497382328 164.11064924579114 322.29928993247449 18.369134448468685 70.693459808360785 96.967844231054187 110.54013541829772 4.5072601940482846 88.664116026135162 14.63620528182946 0.98940724786370893 65.520425201393664 14.377277849707751 9.2515470441430789 14.240899801254271 51.101110111922026 11.185436753556131 5.4952103383839113 7.0389686673879623 59.811505647143349 2.5852314811199895 176.10882222652435 27.010578346438706 7.8506065462715915 3.6126620774157336 191.86365770921111 194.59922902658582 17.825964212417603 9.068702273070814 222.3125005653128
leaf_count=1506 3344 52966 457 3304 543 148 912 119 1845 212 13 112 279 109 8 171 21 52 7 163 21 401 114 929 56 291 276 33 44 840
internal_value=0.0285613 0.00989797 0.0143238 0.0488995 0.0355004 0.0162238 0.00835161 0.0140386 0.00480994 0.00094151 -0.0311602 0.00233719 0.0187829 0.0267265 -0.00180817 0.0113952 -0.0032754 0.0272902 -0.0264319 0.00340788 -0.00455729 -0.00402986 -0.0165416 0.00801239 0.00908435 0.0290144 0.0363293 -0.0403104 -0.0202942 0.00113328
internal_weight=4586.07 2391.53 2227.42 2194.54 489.961 167.661 1737.46 982.982 579.478 754.475 89.6535 739.839 148.961 134.583 590.878 489.824 576.637 403.504 12.5342 69.0631 565.452 562.867 164.445 438.723 430.872 390.97 199.106 53.9052 26.8947 398.421
internal_count=69296 62648 9682 6648 1148 691 8534 5265 4520 3269 1858 3057 663 384 2394 2662 2386 745 59 272 2365 2344 1103 2491 1562 686 395 191 77 1241
is_linear=0
shrinkage=0.05


Tree=61
num_leaves=31
num_cat=0
split_feature=14 2 29 17 33 6 8 32 27 6 28 28 30 7 27 8 7 7 4 30 30 30 4 7 7 6 32 8 6 7
split_gain=678.087 238.562 106.676 75.044 54.7875 41.5588 42.6785 39.3437 37.534 23.9611 38.2977 36.1911 21.3554 21.4702 21.1635 50.312 20.8512 19.3374 17.813 86.7208 17.3823 11.883 10.7191 10.8089 10.3842 15.8973 9.69842 26.9003 9.81044 12.6136
threshold=1.0000000180025095e-35 1.0000000180025095e-35 1.0000000180025095e-35 1.0000000180025095e-35 1.0000000180025095e-35 7.5000000000000009 1.0000000180025095e-35 1.0000000180025095e-35 1.0000000180025095e-35 4.5000000000000009 1.0000000180025095e-35 1.0000000180025095e-35 1.0000000180025095e-35 0.31789473684210529 1.0000000180025095e-35 1.0000000180025095e-35 0.2834821428571429 0.46862745098039221 1.0000000180025095e-35 1.0000000180025095e-35 1.0000000180025095e-35 1.0000000180025095e-35 1.0000000180025095e-35 0.42481203007518803 0.11805555555555557 4.5000000000000009 1.0000000180025095e-35 1.0000000180025095e-35 6.5000000000000009 0.39444444444444454
decision_type=2 2 2 2 2 2 2 2 2 2 2 2 2 2 2 2 2 2 2 2 2 2 2 2 2 2 2 2 2 2
left_child=1 2 4 -2 5 9 -7 12 -4 10 17 14 -8 -14 15 16 -11 21 19 -10 26 -1 23 -16 25 -6 28 -28 29 -13
right_child=3 -3 8 -5 24 6 7 -9 18 11 -12 20 13 -15 22 -17 -18 -19 -20 -21 -22 -23 -24 -25 -26 -27 27 -29 -30 -31
leaf_value=-0.02323508841153428 0.049521398961410563 -0.050157953605646954 0.012137809995118256 -0.054305932337805118 -0.1243290767305833 0.0042672350777993575 -0.040310145092681583 0.047994626247856435 0.04340598873743659 -0.064019762221148399 0.011133463726758136 0.013340208561300774 0.057271205139160931 -0.075327588963875231 0.027188690500250724 -0.053974250467979074 0.032927795007335663 -0.064938562565061753 0.049511145634257611 -0.11235966191719514 -0.072170495328043635 0.041201842589653342 0.041375671722948398 -0.0055044387374414833 0.037545195191001308 0.034569669155158252 -0.056907025476078399 0.034843258257093779 -0.015222856902247296 -0.012918137111120109
leaf_weight=49.577404339797795 2080.2834067968652 156.13344310270622 132.44545202516019 17.537801435682923 2.5377053641714147 296.08800664450973 144.23482912173495 15.953783271834252 64.916481443680823 6.0233721137046805 160.59813494794071 159.20949500519782 11.300510480999945 4.1695652650669208 209.7995714507997 27.591869816184044 68.375735910609365 27.383651075419039 268.16961787268519 10.350582506507633 7.5531972004100671 8.347239933209492 124.22629144415259 28.714209530502558 162.44069431722164 4.1035824250429869 9.2977301832288486 56.267519066110253 73.854855459183455 64.140135803259909
leaf_count=1476 3344 52966 647 3304 22 889 919 34 81 74 1323 259 21 60 234 528 80 1431 345 75 64 93 151 54 217 22 122 134 167 160
internal_value=0.0279823 0.00955926 0.0138023 0.0486529 0.00801045 0.00506672 -0.00731501 -0.0268399 0.0347562 0.0104708 -0.00324547 0.0145105 -0.0343212 0.0214747 0.0238024 0.00367395 0.0250646 -0.0303187 0.0434768 0.0219667 0.00284815 -0.0139353 0.0294602 0.0232507 0.0350383 -0.0261677 0.00441343 0.0218179 0.000571597 0.00579702
internal_weight=4451.63 2353.8 2197.67 2097.82 1721.79 1552.71 471.747 175.659 475.882 1080.96 245.906 835.054 159.705 15.4701 464.731 101.991 74.3991 85.3083 343.437 75.2671 370.323 57.9246 362.74 238.514 169.082 6.64129 362.77 65.5652 297.204 223.35
internal_count=69296 62648 9682 6648 8534 8273 1923 1034 1148 6350 4323 2027 1000 81 1121 682 154 3000 501 156 906 1569 439 288 261 44 842 256 586 419
is_linear=0
shrinkage=0.05


Tree=62
num_leaves=31
num_cat=0
split_feature=14 2 29 8 17 30 6 4 8 6 28 28 4 7 7 30 7 6 6 2 30 8 30 30 6 7 7 7 8 6
split_gain=658.491 224.079 101.008 73.336 40.9227 36.5464 33.9494 33.2271 32.6147 31.8822 48.0824 30.9869 21.4239 16.9794 16.9036 16.2564 13.9511 10.7651 14.088 8.57404 8.13428 7.34531 7.19527 7.09969 6.81889 15.0746 23.3379 8.11465 10.8304 6.69786
threshold=1.0000000180025095e-35 1.0000000180025095e-35 1.0000000180025095e-35 1.0000000180025095e-35 1.0000000180025095e-35 1.0000000180025095e-35 7.5000000000000009 1.0000000180025095e-35 1.0000000180025095e-35 4.5000000000000009 1.0000000180025095e-35 1.0000000180025095e-35 1.0000000180025095e-35 0.46862745098039221 0.5634920634920636 1.0000000180025095e-35 0.41421568627450983 8.5000000000000018 9.5000000000000018 1.0000000180025095e-35 1.0000000180025095e-35 1.0000000180025095e-35 1.0000000180025095e-35 1.0000000180025095e-35 6.5000000000000009 0.39444444444444454 0.46862745098039221 0.42481203007518803 1.0000000180025095e-35 9.5000000000000018
decision_type=2 2 2 2 2 2 2 2 2 2 2 2 2 2 2 2 2 2 2 2 2 2 2 2 2 2 2 2 2 2
left_child=1 2 6 19 -5 -4 9 29 -8 11 12 13 14 20 -11 24 17 -10 -19 -2 -1 -22 -13 -20 25 -12 -27 -26 -29 -7
right_child=3 -3 5 4 -6 7 8 -9 16 10 15 22 -14 -15 -16 -17 -18 18 23 -21 21 -23 -24 -25 27 26 -28 28 -30 -31
leaf_value=-0.01727777282541244 -0.14770715272187138 -0.050149596458197193 0.04442102050652625 0.049631293809158344 -0.057570441961938272 -0.007405119805659964 0.0067193669265957229 0.03485771790634222 -0.0055150311051180151 0.019603039346601726 0.01598566129485704 0.012020014735730861 0.038282233153770141 -0.05486876359330628 -0.067845534859344261 -0.071193004806455767 -0.063124486519540501 -0.054271411534191343 -0.018143176357997566 -0.050019922304297949 -0.079160478042723331 0.053515151333703541 -0.066619122125993302 0.04499181332265418 -0.019633194226392547 -0.029846355246006262 0.026262821400129633 -0.035252413144134416 0.026700946230982067 -0.080782411513582911
leaf_weight=59.995719087775797 2.9996749423444244 148.54285476333462 299.63060926180333 1984.419543415308 8.9301800951361638 67.412080784793943 323.32863459642977 91.306633179076016 110.04353383928537 332.78027405310422 188.28447909560055 157.76881105010398 217.03877018764615 32.027735532959923 5.6073343101888886 7.2811042312532654 16.558851670473814 32.888653976842761 28.468193238601089 9.0599894821643829 1.2032787771895508 7.3667900008149445 2.9518195686396203 5.2654777448624364 55.30028740875423 51.956905383616686 28.788192355073988 9.5016754120588285 27.25802443921566 3.2527745012193909
leaf_count=1504 15 52966 457 2973 89 508 944 148 309 931 303 1229 294 1447 37 64 322 206 193 3571 51 45 94 22 205 234 41 24 35 35
internal_value=0.0274404 0.00925279 0.0133322 0.0484065 0.0491505 0.0340764 0.00770451 0.0149353 -0.0029919 0.0123671 0.0167289 -0.00305069 0.0260186 -0.0248143 0.0181505 0.00272026 -0.0192441 -0.0151251 -0.0309878 -0.0744619 -0.0107624 0.034758 0.0105686 -0.00826323 0.00421398 0.00823414 -0.00983468 -0.00752846 0.0106684 -0.0108008
internal_weight=4317.22 2311.81 2163.27 2005.41 1993.35 461.602 1701.66 161.971 516.553 1185.11 923.797 261.314 555.426 100.594 338.388 368.371 193.225 176.666 66.6223 12.0597 68.5658 8.57007 160.721 33.7337 361.09 269.03 80.7451 92.06 36.7597 70.6649
internal_count=69296 62648 9682 6648 3062 1148 8534 691 1996 6538 2168 4370 1262 3047 968 906 1052 730 421 3586 1600 96 1323 215 842 578 275 264 59 543
is_linear=0
shrinkage=0.05


Tree=63
num_leaves=31
num_cat=0
split_feature=14 2 29 17 30 6 4 6 28 28 4 7 30 7 4 7 7 28 7 7 7 0 30 31 7 6 30 7 6 6
split_gain=641.329 210.299 95.4956 67.2206 35.5445 31.0637 30.8555 29.2887 44.6253 28.196 20.8144 16.0233 15.2114 15.1919 13.5412 25.553 17.6091 25.6909 20.2684 10.5009 32.5318 10.4077 7.41612 6.86491 6.79899 8.11851 6.69831 6.48347 6.30018 6.93342
threshold=1.0000000180025095e-35 1.0000000180025095e-35 1.0000000180025095e-35 1.0000000180025095e-35 1.0000000180025095e-35 7.5000000000000009 1.0000000180025095e-35 4.5000000000000009 1.0000000180025095e-35 1.0000000180025095e-35 1.0000000180025095e-35 0.46862745098039221 1.0000000180025095e-35 0.5634920634920636 1.0000000180025095e-35 0.41421568627450983 0.39444444444444454 1.0000000180025095e-35 0.30217391304347835 0.35147058823529415 0.26969696969696971 1.0000000180025095e-35 1.0000000180025095e-35 1.0000000180025095e-35 0.42481203007518803 6.5000000000000009 1.0000000180025095e-35 0.35504201680672276 9.5000000000000018 3.5000000000000004
decision_type=2 2 2 2 2 2 2 2 2 2 2 2 2 2 2 2 2 2 2 2 2 2 2 2 2 2 2 2 2 2
left_child=1 2 5 23 -4 7 28 9 10 11 13 22 -10 24 15 -7 17 18 -16 20 -19 -18 -1 -2 -9 -26 -11 -21 29 -6
right_child=3 -3 4 -5 6 14 -8 8 12 26 -12 -13 -14 -15 16 -17 21 19 -20 27 -22 -23 -24 -25 25 -27 -28 -29 -30 -31
leaf_value=-0.016414999409423762 0.049252864578801944 -0.050141612560099802 0.043801243365229059 -0.053892593734026328 -0.065880348867744534 -0.0064647065776628938 0.033977742428164676 0.021558973320922298 0.004024566975522826 0.011411068231867045 0.03746692407527466 -0.053483313218243914 -0.070259160437502272 -0.063511623569988115 0.027801445442716861 -0.065256392590122433 0.063147347295268177 -0.0031955123756905132 -0.013331868467704103 0.066469800931459322 -0.08824735483709481 0.01633726374246856 0.033727443580572003 0.0072665138223494165 0.023256493234242438 -0.020718927834246503 -0.065988777253693981 -0.010560382395060273 -0.079260443558573992 -0.0026539712778649595
leaf_weight=59.992267198394984 1890.6667106596287 141.32026010192931 288.94922540336847 15.983469711150972 4.6494443826377383 230.55627161310986 89.046230057254434 287.44870745856315 359.47391114477068 157.87635353393853 210.83299750462174 31.235150034306571 7.0158529086038461 5.6889675902202717 71.896048977971077 20.086947842035443 14.941796988248823 25.018611300736666 51.298002369701862 3.1736111640930202 20.428896082565188 58.038175798952579 8.3925052939448488 9.8177789472974819 19.872010339051485 22.22017365321517 2.8340970827266565 19.228956993669271 3.1522259302437297 62.849351525772363
leaf_count=1504 3320 52966 457 3304 253 957 148 720 842 1229 294 1447 64 37 130 367 6 71 118 1 123 120 96 24 78 133 94 103 35 255
internal_value=0.0268627 0.00892674 0.0128349 0.0481773 0.0333379 0.00738352 0.0144013 0.0118773 0.0160975 -0.00291412 0.0251556 -0.0238145 0.00259928 0.0174104 -0.00285642 -0.0111808 0.00504428 -0.00293453 0.0106698 -0.0276409 -0.0414488 0.0259353 -0.0102499 0.0490363 0.0188108 3.08885e-05 0.010039 0.000354411 -0.0102664 -0.00702564
internal_weight=4193.99 2277.52 2136.2 1916.47 448.646 1687.55 159.697 1172.88 912.553 260.33 546.063 99.6199 366.49 335.23 514.667 250.643 264.024 191.044 123.194 67.8501 45.4475 72.98 68.3848 1900.48 329.541 42.0922 160.71 22.4026 70.651 67.4988
internal_count=69296 62648 9682 6648 1148 8534 691 6538 2168 4370 1262 3047 906 968 1996 1324 672 546 248 298 194 126 1600 3344 931 211 1323 104 543 508
is_linear=0
shrinkage=0.05


Tree=64
num_leaves=31
num_cat=0
split_feature=14 2 29 8 27 17 27 6 8 7 0 4 30 3 4 8 6 6 7 30 7 7 6 4 7 30 6 7 6 7
split_gain=623.8 197.431 90.247 68.3674 37.3393 36.7694 29.0972 31.2799 26.0627 25.5438 18.5486 18.5343 75.9076 17.9194 17.9118 14.6953 13.8035 17.6727 13.6363 18.1628 13.295 28.0747 14.1127 13.613 12.4266 11.6575 10.9147 10.7255 10.558 10.5169
threshold=1.0000000180025095e-35 1.0000000180025095e-35 1.0000000180025095e-35 1.0000000180025095e-35 1.0000000180025095e-35 1.0000000180025095e-35 1.0000000180025095e-35 7.5000000000000009 1.0000000180025095e-35 0.39444444444444454 1.0000000180025095e-35 1.0000000180025095e-35 1.0000000180025095e-35 1.0000000180025095e-35 1.0000000180025095e-35 1.0000000180025095e-35 4.5000000000000009 2.5000000000000004 0.30217391304347835 1.0000000180025095e-35 0.41421568627450983 0.37797619047619052 10.500000000000002 1.0000000180025095e-35 0.24126984126984127 1.0000000180025095e-35 6.5000000000000009 0.24126984126984127 7.5000000000000009 0.29705882352941182
decision_type=2 2 2 2 2 2 2 2 2 2 2 2 2 2 2 2 2 2 2 2 2 2 2 2 2 2 2 2 2 2
left_child=1 2 6 -2 -4 -5 10 9 -9 13 24 12 -6 14 15 26 17 -16 19 29 21 22 25 28 -1 -12 -8 -17 -22 -10
right_child=3 -3 4 5 11 -7 7 8 18 -11 20 -13 -14 -15 16 27 -18 -19 -20 -21 23 -23 -24 -25 -26 -27 -28 -29 -30 -31
leaf_value=-0.052905800880459333 -0.074403080411748243 -0.050133988277968382 0.01004458323696625 0.049171534185766877 0.041238092597623961 -0.056778707124148953 -0.085775403191859903 0.011431275497725957 -0.0033913799057260839 0.0038584735426788561 -0.0025881517527784701 0.048703984507385834 -0.10609610526179064 -0.070561159598295273 0.082573039824979239 0.036276970526250778 0.040250878544941471 -0.027093399012872874 -0.02942334658564786 0.061189641295265634 0.0019073683199211666 -0.05382656015409211 -0.066475263185219513 0.031221460793620232 0.029623310802503425 -0.060255787108060788 0.010012441239390031 0.014302075311320276 -0.056207528392194707 -0.080058932125133819
leaf_weight=4.9404750631656489 11.338418595027177 134.44792674225755 129.07928158063442 1812.604815620929 58.489592626690865 8.2137666493654233 5.9134898800402862 176.4185754256323 43.199930347502232 258.41323871118948 276.95890713622794 238.2186957038939 10.267118540126829 5.0700191366486242 4.724676174111667 70.108385752886534 178.26940273866057 16.378868661820889 88.696276510134339 10.502849459648131 95.028097071452066 34.894014727324247 9.4555534021928889 40.819155746139586 57.572803958319128 9.041396049782632 5.9521587695926428 267.89823897182941 8.5046492815017682 4.982246756553649
leaf_count=620 3586 52966 647 2973 81 89 257 401 83 870 2116 345 75 217 20 114 216 76 401 6 1485 438 95 79 113 162 14 481 238 32
internal_value=0.0262831 0.00861012 0.0123541 0.0479305 0.0326142 0.048693 0.00707533 0.0116078 -0.00153229 0.0168436 -0.00251274 0.0421021 0.0192179 0.022896 0.0237608 0.0169412 0.0357244 -0.00249004 -0.0170531 0.00163663 -0.00588524 -0.011417 -0.00640501 0.0067707 0.0230856 -0.004415 -0.0377153 0.0188625 -0.00286659 -0.0113445
internal_weight=4076.4 2244.25 2109.8 1832.16 436.055 1820.82 1673.74 1136.53 323.8 812.728 537.215 306.975 68.7567 554.315 549.245 349.872 199.373 21.1035 147.381 58.685 474.702 330.35 295.456 144.352 62.5133 286 11.8656 338.007 103.533 48.1822
internal_count=69296 62648 9682 6648 1148 3062 8534 3188 923 2265 5346 501 156 1395 1178 866 312 96 522 121 4613 2811 2373 1802 733 2278 271 595 1723 115
is_linear=0
shrinkage=0.05


Tree=65
num_leaves=31
num_cat=0
split_feature=10 13 29 30 8 28 30 17 7 32 15 33 30 33 32 18 33 30 31 33 4 19 0 9 4 26 17 32 7 18
split_gain=258.271 145.512 84.0382 40.4033 36.3287 77.6417 31.5928 31.2773 18.9783 42.8466 18.1917 21.1401 19.512 17.4616 17.1999 15.9179 17.3071 29.2367 14.4235 13.4509 13.3824 13.1903 12.7255 11.6232 11.2325 10.8293 10.2659 9.65429 9.22244 9.00605
threshold=1.0000000180025095e-35 1.0000000180025095e-35 1.0000000180025095e-35 1.0000000180025095e-35 1.0000000180025095e-35 1.0000000180025095e-35 1.0000000180025095e-35 1.0000000180025095e-35 0.39444444444444454 1.0000000180025095e-35 1.0000000180025095e-35 1.0000000180025095e-35 1.0000000180025095e-35 1.0000000180025095e-35 1.0000000180025095e-35 1.0000000180025095e-35 1.0000000180025095e-35 1.0000000180025095e-35 1.0000000180025095e-35 1.0000000180025095e-35 1.0000000180025095e-35 1.0000000180025095e-35 1.0000000180025095e-35 1.0000000180025095e-35 1.0000000180025095e-35 1.0000000180025095e-35 1.0000000180025095e-35 1.0000000180025095e-35 0.36939571150097467 1.0000000180025095e-35
decision_type=2 2 2 2 2 2 2 2 2 2 2 2 2 2 2 2 2 2 2 2 2 2 2 2 2 2 2 2 2 2
left_child=1 2 4 -4 14 10 8 -3 9 25 11 12 21 24 15 16 23 22 -10 -12 28 26 -18 -1 -5 -7 29 -20 -16 -6
right_child=-2 7 3 13 5 6 -8 -9 18 -11 19 -13 -14 -15 20 -17 17 -19 27 -21 -22 -23 -24 -25 -26 -27 -28 -29 -30 -31
leaf_value=0.0094650737706379988 -0.050099772021787281 0.0477182159808648 0.046277635392558629 0.011314287225642584 0.003812515809606939 0.012573898091632932 -0.051882649911841376 -0.056049661272819219 0.038190142658126293 0.050830467410734895 -0.003707066597602858 0.034562335801734338 0.034623857504054494 -0.12390703724358819 -0.063307898324838768 -0.12994495702860664 -0.056555193678754639 -0.12467895133584472 -0.073622369744339666 -0.13204085174526956 -0.05710859553665603 -0.11092011902533967 0.045759856949092174 -0.052050980872040659 0.035131094931029151 0.052689805880941278 -0.051289335486308422 0.04366137852190969 0.063027688730529843 -0.064928817773621195
leaf_weight=653.76982157747261 108.57353657553904 812.10525161400437 484.45198696106672 118.25904374243692 394.60047441208735 313.66803009947762 11.447821593843399 7.314944088459014 599.12363572791219 109.31348402053118 4.1770717808976752 67.62541252374649 48.456999498186633 2.0809888700023285 2.0383876517880735 1.9904865270946164 3.1739374885801217 2.7580106600653371 4.8370288014411917 4.0007889829576015 16.496416371315718 2.6020119525492182 65.672631528228521 7.7578362463973454 85.269578450592235 17.778265416622162 8.8974856708664429 2.7363693453371525 4.8766579171642661 4.8123395470902315
leaf_count=7330 50168 1377 931 712 1504 839 109 86 1369 166 33 86 185 28 42 44 539 35 26 20 315 30 91 934 655 25 1358 6 30 39
internal_value=0.02595 0.0280882 0.0230512 0.0383949 0.0185503 0.0228365 0.0306814 0.0467906 0.0315847 0.0236844 0.00731322 0.00846296 0.00461902 0.0198182 0.00954183 0.0108861 0.0112709 0.0346221 0.0373229 -0.0666364 -0.0326343 0.00107871 0.0410282 0.00874213 0.0212962 0.0147287 0.00179636 -0.0311786 0.0256772 0.00298143
internal_weight=3970.67 3862.09 3042.67 690.062 2352.61 1594.08 1058.9 819.42 1047.46 440.76 535.173 526.995 459.369 205.61 758.534 735.123 733.132 71.6046 606.697 8.17786 23.4115 410.912 68.8466 661.528 203.529 331.446 408.31 7.5734 6.91505 399.413
internal_count=69112 18944 17481 2326 15155 5795 2540 1463 2431 1030 3255 3202 3116 1395 9360 8973 8929 665 1401 53 387 2931 630 8264 1367 864 2901 32 72 1543
is_linear=0
shrinkage=0.05


Tree=66
num_leaves=31
num_cat=0
split_feature=14 2 29 17 27 27 4 6 32 4 6 6 6 0 7 28 4 30 7 33 30 4 7 0 7 4 7 28 28 6
split_gain=606.601 173.455 76.148 57.5251 40.8844 36.1725 33.7155 37.2182 29.3391 34.5621 26.3168 26.1114 23.799 21.7922 19.7252 16.7488 16.4365 34.6169 19.9344 16.2339 16.1128 15.462 19.7989 20.3997 14.924 14.8524 16.5631 13.7271 12.5374 17.2506
threshold=1.0000000180025095e-35 1.0000000180025095e-35 1.0000000180025095e-35 1.0000000180025095e-35 1.0000000180025095e-35 1.0000000180025095e-35 1.0000000180025095e-35 5.5000000000000009 1.0000000180025095e-35 1.0000000180025095e-35 5.5000000000000009 7.5000000000000009 7.5000000000000009 1.0000000180025095e-35 0.37797619047619052 1.0000000180025095e-35 1.0000000180025095e-35 1.0000000180025095e-35 0.42481203007518803 1.0000000180025095e-35 1.0000000180025095e-35 1.0000000180025095e-35 0.46862745098039221 1.0000000180025095e-35 0.42481203007518803 1.0000000180025095e-35 0.22649572649572652 1.0000000180025095e-35 1.0000000180025095e-35 2.5000000000000004
decision_type=2 2 2 2 2 2 2 2 2 2 2 2 2 2 2 2 2 2 2 2 2 2 2 2 2 2 2 2 2 2
left_child=1 2 5 -2 -4 8 11 28 10 14 21 -7 -12 -14 27 -9 17 -6 -19 20 -13 -1 23 -23 -16 -15 -27 -10 -8 -30
right_child=3 -3 4 -5 16 6 7 15 9 -11 12 19 13 25 24 -17 -18 18 -20 -21 -22 22 -24 -25 -26 26 -28 -29 29 -31
leaf_value=-0.060531819360760214 0.048279573776901182 -0.050123785639152409 0.0062540499041743684 -0.053472078882431551 0.037874562466581635 0.0099505458729826999 0.01300641199332413 0.03777935290048659 -0.053849353127211987 -0.056802669445973467 0.0068554407253522999 -0.023901341486895652 0.015223126531898079 -0.011810290674998294 -0.054753004353767759 0.015467845385153884 0.047542792904058599 -0.10432183432274654 0.013759743114803004 0.033109049617872983 0.035831949574324319 0.047846300277405801 0.079627719378628614 -0.076146276312656747 0.012501149496117296 0.019150199648946719 -0.057868823020854054 0.047643877840270479 0.054722792897328246 -0.039943633250901826
leaf_weight=39.850278111407533 1703.2062893800903 122.59640945820138 122.1281776977703 13.992156093241645 53.215130861848593 508.01894267718308 34.856914072297513 218.04620115831494 3.5150811709463587 15.774307798128573 162.90442538727075 130.29827932780609 32.59334235265851 53.57112612714991 9.3100387845188362 137.12627936154604 217.18124649301171 7.6994044925086182 6.6472784951329231 16.878298878669739 12.345353946089743 4.9328934936784217 4.9818405192345372 10.062178326770663 71.674091073218733 8.0114222131669504 53.531455814838409 59.892960755852982 5.5268568182364097 36.634532977826893
leaf_count=2624 3406 52760 642 3306 77 1606 112 280 192 315 528 573 77 612 127 218 344 41 35 21 25 170 8 92 276 23 242 117 52 211
internal_value=0.0252695 0.00763408 0.0111103 0.0474499 0.0304609 0.0062807 0.011454 0.0223345 -0.00444062 0.0134379 -0.0121722 0.00440864 -0.00632088 -0.0208557 0.0211182 0.0291673 0.040841 0.0192865 -0.0496045 -0.0132367 -0.018726 -0.0425369 -0.00660286 -0.0353187 0.00475755 -0.0310759 -0.0478332 0.042002 -0.00916845 -0.0275121
internal_weight=3877 2159.8 2037.21 1717.2 406.871 1630.34 1099.73 432.191 530.605 160.166 370.439 667.541 310.612 147.707 144.392 355.172 284.743 67.5618 14.3467 159.522 142.644 59.8272 19.9769 14.9951 80.9841 115.114 61.5429 63.408 77.0183 42.1614
internal_count=69112 62400 9640 6712 1139 8501 3098 873 5403 1027 4376 2225 1482 954 712 498 497 153 76 619 598 2894 270 262 403 877 265 309 375 263
is_linear=0
shrinkage=0.05


Tree=67
num_leaves=31
num_cat=0
split_feature=14 2 29 17 6 6 4 8 32 33 4 32 6 28 18 17 28 7 7 8 4 6 7 7 28 6 7 8 8 32
split_gain=587.718 163.156 71.6901 54.4316 32.3327 43.8519 28.962 19.0298 31.3687 20.5008 15.2508 24.5092 13.4928 12.3427 12.1575 10.945 10.2411 10.1011 9.37149 13.5964 11.5615 9.37026 8.22092 7.76532 23.9431 7.57439 11.7188 11.5403 9.62604 9.41137
threshold=1.0000000180025095e-35 1.0000000180025095e-35 1.0000000180025095e-35 1.0000000180025095e-35 5.5000000000000009 7.5000000000000009 1.0000000180025095e-35 1.0000000180025095e-35 1.0000000180025095e-35 1.0000000180025095e-35 1.0000000180025095e-35 1.0000000180025095e-35 7.5000000000000009 1.0000000180025095e-35 1.0000000180025095e-35 1.0000000180025095e-35 1.0000000180025095e-35 0.31789473684210529 0.39444444444444454 1.0000000180025095e-35 1.0000000180025095e-35 3.5000000000000004 0.39444444444444454 0.44097222222222227 1.0000000180025095e-35 6.5000000000000009 0.2834821428571429 1.0000000180025095e-35 1.0000000180025095e-35 1.0000000180025095e-35
decision_type=2 2 2 2 2 2 2 2 2 2 2 2 2 2 2 2 2 2 2 2 2 2 2 2 2 2 2 2 2 2
left_child=1 2 4 -2 14 10 12 -7 9 13 25 -12 21 17 15 18 -8 -9 19 20 -1 -4 -18 24 -14 28 -27 -28 -6 -29
right_child=3 -3 6 -5 5 7 16 8 -10 -11 11 -13 23 -15 -16 -17 22 -19 -20 -21 -22 -23 -24 -25 -26 26 27 29 -30 -31
leaf_value=-0.061450704214265073 0.048020574231310634 -0.050116926790723743 -0.032946255276171878 -0.053306101769221917 -0.026946188895155904 0.0065238286957106269 0.044272462690831335 0.0046800951728321561 0.050991774843255712 0.033041008632450082 0.03131749777667725 -0.05921824897993571 -0.00044028766486305538 -0.044335395339580946 -0.084601103277163678 -0.050645295410377593 -0.024331868378689663 -0.028445521967609508 -0.010223106614280351 0.014741297714138096 -0.0042436350608133734 0.023923479752413008 0.04157470716365573 0.014732678730264888 -0.1254769231735392 0.044510572789654167 0.031365011323177087 -0.0099185374476021305 0.020521904972938793 0.031841327586501558
leaf_weight=10.595264185918493 1628.6595882275142 116.63287207274698 7.673558786744251 13.350178303197024 11.153445018455384 320.50855619786307 213.13037375640124 38.975853472016752 17.048630937933922 16.332007251679897 239.81180766783655 7.7031454406678668 13.389536401256924 56.783418318722397 4.8205511802807441 12.634339205105787 10.277017580345275 56.092983333393931 226.97380786668509 121.4828898049891 52.981126525672153 124.84157864470035 8.7469398826360685 12.392996949143706 5.3564175292849532 16.913412164896727 25.790753146633506 118.43554285168648 243.25940824113786 15.212781950831411
leaf_count=875 3406 52760 287 3306 54 941 361 106 35 18 339 103 72 496 40 2281 41 415 1058 296 538 298 11 41 28 18 42 358 429 59
internal_value=0.0247268 0.00737199 0.0107095 0.0471961 0.0060313 0.0102943 0.0297781 -0.000848372 -0.0136069 -0.0201608 0.0186031 0.0284956 0.0136634 -0.0258878 -0.00571979 -0.00482123 0.0411347 -0.0148605 -0.0034137 0.00493538 -0.0137935 0.0206243 0.00595067 -0.0159406 -0.0362424 0.0129173 0.00494957 0.000747248 0.018438 -0.00515937
internal_weight=3767.96 2125.95 2009.32 1642.01 1613.51 1184.02 395.808 505.741 185.233 168.184 678.28 247.515 163.654 151.852 429.488 424.667 232.154 95.0688 412.033 185.059 63.5764 132.515 19.024 31.139 18.746 430.765 176.352 159.439 254.413 133.648
internal_count=69112 62400 9640 6712 8501 3413 1139 2011 1070 1035 1402 442 726 1017 5088 5048 413 521 2767 1709 1413 585 52 141 100 960 477 459 483 417
is_linear=0
shrinkage=0.05


Tree=68
num_leaves=31
num_cat=0
split_feature=14 2 29 17 27 27 32 18 6 6 6 6 7 7 7 26 6 6 6 30 7 30 7 7 6 7 7 7 30 6
split_gain=569.846 153.43 67.3408 51.5006 39.9665 33.1785 27.0205 25.8939 23.8888 21.9687 21.4061 19.8033 15.8417 14.6977 13.5681 13.3519 12.3026 12.8023 10.0987 10.0611 9.58684 16.5715 15.3947 21.6653 9.85503 9.24445 8.48807 8.02701 8.12827 7.92242
threshold=1.0000000180025095e-35 1.0000000180025095e-35 1.0000000180025095e-35 1.0000000180025095e-35 1.0000000180025095e-35 1.0000000180025095e-35 1.0000000180025095e-35 1.0000000180025095e-35 5.5000000000000009 5.5000000000000009 7.5000000000000009 7.5000000000000009 0.41421568627450983 0.39444444444444454 0.39444444444444454 1.0000000180025095e-35 12.500000000000002 14.500000000000002 8.5000000000000018 1.0000000180025095e-35 0.44722222222222224 1.0000000180025095e-35 0.39444444444444454 0.35504201680672276 9.5000000000000018 0.64583333333333337 0.39444444444444454 0.46862745098039221 1.0000000180025095e-35 4.5000000000000009
decision_type=2 2 2 2 2 2 2 2 2 2 2 2 2 2 2 2 2 2 2 2 2 2 2 2 2 2 2 2 2 2
left_child=1 2 5 -2 20 6 8 9 26 13 -11 -10 14 -7 -12 25 -13 -18 -8 -6 22 -22 23 24 -4 27 -1 28 -15 -21
right_child=3 -3 4 -5 19 7 18 -9 11 10 12 16 -14 15 -16 -17 17 -19 -20 29 21 -23 -24 -25 -26 -27 -28 -29 -30 -31
leaf_value=-0.062452464271218346 0.047758335000768218 -0.050110358060683563 0.0080392199937500946 -0.053146858540334477 0.045866189601214122 0.010437818674566989 0.015050660251303374 -0.080349233250347929 0.0055497959878233914 0.022623969217454968 0.0044191492850410722 -0.026233145482717636 -0.03699259764507961 -0.014581432857410554 0.034454335113541311 0.05863709452235305 0.028734351383307984 -0.074206385660975802 -0.060130942331562437 -0.032793987226726933 0.010310369844923107 -0.09631035009224409 0.037070759849724862 -0.11251145074626728 -0.087856363528101666 0.03561386399614129 -0.023773358046004823 -0.035585541954144921 0.040998151806374637 0.028797824726030482
leaf_weight=26.495848936028779 1557.5229832390323 110.95879786496516 62.248501711525023 12.736202686792238 192.9457810819149 146.55584114277735 151.32955750497058 7.727851645089685 161.42102420981973 463.49104881752282 261.9793886099942 122.39101039851084 20.179309903644025 67.083777319639921 43.906228773295879 6.2938263416290274 20.019714229740206 3.5451386775821438 4.5903687607496968 5.6488735901657483 9.1826966842636448 6.0227783652953795 35.962656084448099 4.2477200366556636 2.7892039641737929 8.1525131487287563 30.684561979724094 46.731339169666171 7.2799699008464804 66.666119547560811
leaf_count=1574 3406 52760 320 3306 323 833 948 62 528 658 640 826 126 140 91 3 98 30 79 47 37 178 62 25 20 185 1320 354 6 127
internal_value=0.0241636 0.0071048 0.0103026 0.0469393 0.0290558 0.00578089 -0.00458755 0.010781 -0.0120386 0.0114394 0.0157184 -0.00651566 0.00590054 -0.000535611 0.00873296 -0.0124043 -0.0198624 0.0132016 0.0128304 0.0399015 0.00516616 -0.031924 0.010532 -0.00323918 0.00390609 -0.0158719 -0.0417127 -0.0193449 -0.00912887 0.0239758
internal_weight=3666.79 2096.53 1985.57 1570.26 385.714 1599.86 520.477 1079.38 364.557 1071.65 789.556 307.377 326.065 282.097 305.886 135.541 145.956 23.5649 155.92 265.261 120.454 15.2055 105.248 69.2854 65.0377 129.248 57.1804 121.095 74.3637 72.315
internal_count=69112 62400 9640 6712 1139 8501 5403 3098 4376 3036 1515 1482 857 1521 731 688 954 128 1027 497 642 215 427 365 340 685 2894 500 146 174
is_linear=0
shrinkage=0.05


Tree=69
num_leaves=31
num_cat=0
split_feature=14 2 29 8 30 4 6 6 7 8 32 28 26 4 32 7 30 18 6 7 0 7 6 7 6 8 32 28 28 7
split_gain=552.373 144.305 63.4041 48.9489 32.9113 29.1477 27.2908 36.7017 18.4579 17.7488 28.7874 18.1222 15.3052 14.7577 22.8578 13.9171 10.988 10.3351 7.48414 7.12265 8.80946 7.08842 7.07414 6.95584 10.0676 10.8283 8.66502 9.40893 6.98047 8.50787
threshold=1.0000000180025095e-35 1.0000000180025095e-35 1.0000000180025095e-35 1.0000000180025095e-35 1.0000000180025095e-35 1.0000000180025095e-35 5.5000000000000009 7.5000000000000009 0.44097222222222227 1.0000000180025095e-35 1.0000000180025095e-35 1.0000000180025095e-35 1.0000000180025095e-35 1.0000000180025095e-35 1.0000000180025095e-35 0.42481203007518803 1.0000000180025095e-35 1.0000000180025095e-35 9.5000000000000018 0.39444444444444454 1.0000000180025095e-35 0.44097222222222227 4.5000000000000009 0.2834821428571429 6.5000000000000009 1.0000000180025095e-35 1.0000000180025095e-35 1.0000000180025095e-35 1.0000000180025095e-35 0.46862745098039221
decision_type=2 2 2 2 2 2 2 2 2 2 2 2 2 2 2 2 2 2 2 2 2 2 2 2 2 2 2 2 2 2
left_child=1 2 6 -2 18 8 12 13 15 -9 11 16 17 23 -15 22 21 19 -4 20 -1 -11 -6 -8 28 -26 -27 -28 -25 -30
right_child=3 -3 4 -5 5 -7 7 9 -10 10 -12 -13 -14 14 -16 -17 -18 -19 -20 -21 -22 -23 -24 24 25 26 27 -29 29 -31
leaf_value=-0.051238901847894383 -0.069711535873170388 -0.050104070028595606 0.042033030321322773 0.047378686663884499 -0.076412795249789389 0.030371194191575676 0.032420301603217891 0.006395747164496618 -0.086833166528080818 -0.010256557252940569 0.049966019334824793 -0.042861028941994783 0.056684496971544374 0.029941140355774443 -0.058914625697724647 0.046744758959157695 0.037772412381317594 -0.08195902949066651 0.002002038751043688 -0.011924783750569913 0.0035378880978602541 -0.074153364909412128 -0.010546541593025758 0.024701227210277565 0.029798192765711752 -0.010360608006924243 -0.052889107471434452 0.048968654070377433 -0.0011092626481473235 0.030669390585072023
leaf_weight=7.643290937296114 8.9675385875161719 105.56018826621585 221.24719135649502 1492.834649046883 4.503062787000089 76.36771363671869 36.694644804112613 318.58528746198863 7.8754967013373962 93.988306818529963 16.406062312424183 55.112936096731573 9.7194966077804548 231.39381154812872 7.4587460458278647 10.505402296781538 11.821753907948731 4.5095837467815718 12.355178005993364 224.51517795375548 179.04587818216532 4.5445654070936135 42.622111760079861 119.40383847057819 25.453400008380413 117.65212752390653 2.7721082158386681 12.181358903646469 80.537062808871269 28.496492148377001
leaf_count=1012 3591 52760 416 3121 130 151 60 941 212 362 35 496 6 339 103 16 44 40 35 2310 1720 133 179 244 42 358 51 8 157 40
internal_value=0.0235966 0.00684171 0.00990381 0.0466787 0.0283816 0.00938108 0.00553418 0.00949965 -0.0150827 -0.000717621 -0.0131804 -0.019447 -0.00530033 0.0172239 0.027162 -0.00525562 -0.00774634 -0.00675208 0.0399181 -0.00592411 0.00128995 -0.0132159 -0.0168659 0.011613 0.00963544 -6.28628e-05 -0.00580022 0.0300299 0.0163477 0.00719372
internal_weight=3570.77 2068.97 1963.41 1501.8 375.476 141.874 1587.94 1162.5 65.5061 500.459 181.874 165.468 425.433 662.044 238.853 57.6306 110.355 415.714 233.602 411.204 186.689 98.5329 47.1252 423.191 386.496 158.059 132.606 14.9535 228.437 109.034
internal_count=69112 62400 9640 6712 1139 688 8501 3413 537 2011 1070 1035 5088 1402 442 325 539 5082 451 5042 2732 495 309 960 900 459 417 59 441 197
is_linear=0
shrinkage=0.05


Tree=70
num_leaves=31
num_cat=0
split_feature=14 2 4 8 28 27 17 0 19 0 32 33 17 31 18 0 26 33 32 28 29 30 27 27 8 30 5 28 2 29
split_gain=494.699 143.937 70.6637 54.062 40.4597 49.0527 30.446 29.6024 26.9517 21.5288 18.5059 18.0439 16.1834 12.881 10.5466 9.77828 9.74993 7.17732 6.57882 18.033 10.3013 25.1007 36.0073 13.2797 25.6912 15.6977 12.3502 12.338 6.32735 6.22563
threshold=1.0000000180025095e-35 1.0000000180025095e-35 1.0000000180025095e-35 1.0000000180025095e-35 1.0000000180025095e-35 1.0000000180025095e-35 1.0000000180025095e-35 1.0000000180025095e-35 1.0000000180025095e-35 1.0000000180025095e-35 1.0000000180025095e-35 1.0000000180025095e-35 1.0000000180025095e-35 1.0000000180025095e-35 1.0000000180025095e-35 1.0000000180025095e-35 1.0000000180025095e-35 1.0000000180025095e-35 1.0000000180025095e-35 1.0000000180025095e-35 1.0000000180025095e-35 1.0000000180025095e-35 1.0000000180025095e-35 1.0000000180025095e-35 1.0000000180025095e-35 1.0000000180025095e-35 1.0000000180025095e-35 1.0000000180025095e-35 1.0000000180025095e-35 1.0000000180025095e-35
decision_type=2 2 2 2 2 2 2 2 2 2 2 2 2 2 2 2 2 2 2 2 2 2 2 2 2 2 2 2 2 2
left_child=1 2 8 28 5 9 -5 -7 11 -4 15 12 13 14 16 -6 18 -11 20 -20 23 -22 -23 24 -1 26 -25 -26 -2 -9
right_child=3 -3 4 6 10 7 -8 29 -10 17 -12 -13 -14 -15 -16 -17 -18 -19 19 -21 21 22 -24 25 27 -27 -28 -29 -30 -31
leaf_value=0.013789055654803144 -0.14356257557047108 -0.050098049651838318 0.037846319156154003 0.047523933598356334 0.036909169659792816 -0.05611228451009901 -0.055391780552355344 0.035272044260792064 -0.094272682094937471 -0.0064890041449271801 -0.05423546368316199 0.02665803078059702 -0.050893784115061569 -0.073408095123958975 -0.06412511746009239 0.0066586739156362989 0.051351089843351773 -0.067140406493879229 -0.054587586314001568 0.018577691663567354 0.032768897849096902 0.0067336726559816002 -0.097598843695038351 0.0012458949921175593 -0.053423276217338916 0.028902531546505267 -0.090566521473927797 -0.016385794331791399 -0.049934737651686399 0.04783347018819889
leaf_weight=65.932474742177874 2.5712358094751817 100.834697320126 31.86184907448478 1419.3638881016523 29.931072882376611 8.0582932373508793 7.2105091251432887 233.78874594718218 7.0272264871746293 84.361037633381784 11.70490516303107 80.870885875076056 14.16408529889304 5.4944270192645481 5.7627470495644948 248.86648051720113 10.591169241815804 5.1704336237162343 9.0260083656758052 123.3845649571158 79.221668777987361 52.872621927876025 9.7915462139062566 528.15614166203886 28.677144756540656 53.992697487818077 3.6782740224152795 104.47548268316314 6.1636870192596689 171.69815149158239
leaf_count=703 13 52978 112 3030 221 83 93 324 57 220 285 143 2515 56 52 664 8 43 180 367 131 249 53 1499 758 89 62 538 3569 316
internal_value=0.0235992 0.00819086 0.0111176 0.0462433 0.0223455 0.0305032 0.047003 0.0387064 0.00328356 0.00255291 0.00732128 0.00386769 0.00218417 0.00288053 0.00327138 0.0099093 0.0036355 -0.0100043 0.00315743 0.0135827 0.00166731 0.0140653 -0.00957373 -0.000573349 -0.0117298 0.00321731 0.000608271 -0.0243697 -0.0776851 0.0405933
internal_weight=3544.7 2109.39 2008.56 1435.31 825.441 534.939 1426.57 413.545 1183.12 121.393 290.502 1176.09 1095.22 1081.06 1075.56 278.798 1069.8 89.5315 1059.21 132.411 926.798 141.886 62.6642 784.912 199.085 585.827 531.834 133.153 8.73492 405.487
internal_count=69411 62706 9728 6705 2268 1098 3123 723 7460 375 1170 7403 7260 4745 4689 885 4637 263 4629 547 4082 433 302 3649 1999 1650 1561 1296 3582 640
is_linear=0
shrinkage=0.05


Tree=71
num_leaves=31
num_cat=0
split_feature=14 2 4 8 28 27 7 7 32 33 6 3 5 31 6 7 6 7 8 6 6 32 1 8 7 7 28 7 6 6
split_gain=479.958 135.29 65.7836 50.9293 38.8038 47.2973 18.9377 20.6977 20.4363 17.5188 18.6708 21.8612 16.3542 15.6174 14.851 13.2129 12.422 15.2399 13.6112 39.5671 20.4095 13.6992 13.6736 13.4355 11.555 18.2242 11.4905 17.41 10.4174 9.19
threshold=1.0000000180025095e-35 1.0000000180025095e-35 1.0000000180025095e-35 1.0000000180025095e-35 1.0000000180025095e-35 1.0000000180025095e-35 0.2834821428571429 0.22649572649572652 1.0000000180025095e-35 1.0000000180025095e-35 10.500000000000002 1.0000000180025095e-35 1.0000000180025095e-35 1.0000000180025095e-35 10.500000000000002 0.11805555555555557 2.5000000000000004 0.162280701754386 1.0000000180025095e-35 5.5000000000000009 7.5000000000000009 1.0000000180025095e-35 1.0000000180025095e-35 1.0000000180025095e-35 0.37797619047619052 0.3585714285714286 1.0000000180025095e-35 0.36939571150097467 4.5000000000000009 4.5000000000000009
decision_type=2 2 2 2 2 2 2 2 2 2 2 2 2 2 2 2 2 2 2 2 2 2 2 2 2 2 2 2 2 2
left_child=1 2 9 -2 5 24 7 -6 -8 10 12 -12 13 16 29 28 -1 23 19 -19 -20 26 -21 -18 25 -4 -22 -28 -11 -7
right_child=3 -3 4 -5 6 14 8 -9 -10 15 11 -13 -14 -15 -16 -17 17 18 20 22 21 -23 -24 -25 -26 -27 27 -29 -30 -31
leaf_value=-0.053514218759992432 -0.076159148605016116 -0.050092272561224477 -0.0025529876465576196 0.046750510983298493 0.0014778451926243355 0.0043175842264289539 0.016983972418941545 -0.061433988695411418 -0.054208517094824819 -0.1177436086875645 -0.064564510473790374 0.054358924791091293 -0.08395621558269098 -0.072872843556856262 -0.033454407771359121 0.03126363364441382 -0.068560847691690366 -0.072099281163660531 0.004659707777779176 0.033682619727433652 -0.007434960637993213 0.038669795836437905 -0.054465287106586241 0.050198951607300216 0.020873442672320761 -0.091150557602468305 -0.075290497335221446 -0.017858126092428702 0.02302449661241019 0.041101942488234997
leaf_weight=9.4846921429270861 8.4689499110681918 95.927716648438945 64.652947650756687 1364.1446998137981 43.307969684945419 17.821193707175553 216.64222200028598 18.707463477738202 10.559669173322616 2.7494539918843648 19.898694592528049 4.7824896518141022 5.4329903370235106 6.7408758663805193 7.1011581979691973 74.08861256018281 2.6038995392154929 10.59814635501243 728.31725218286738 93.580163663253188 105.79443838819861 11.529618434607981 4.6035152543336144 26.566403601318598 49.907374842092395 6.3684057034552088 18.425522090867162 46.586532019078732 2.4949806891381741 374.25484476238489
leaf_count=1928 3582 52978 275 3123 385 85 484 91 210 23 341 17 122 106 18 100 213 238 3196 120 456 47 99 29 71 29 163 242 20 620
internal_value=0.0230438 0.00789667 0.0107015 0.0459913 0.0216695 0.0298339 0.00698509 -0.0174988 0.0136707 0.00314175 0.00149729 -0.0414877 0.0024894 0.00293172 0.0381327 0.0258291 0.00341581 0.00393173 0.00291136 0.0196269 0.000913871 -0.0140451 0.0295394 0.0395608 0.00243486 -0.0105162 -0.0176084 -0.0341522 -0.0507632 0.0394314
internal_weight=3452.14 2079.53 1983.6 1372.61 809.323 520.106 289.217 62.0154 227.202 1174.28 1094.95 24.6812 1070.26 1064.83 399.177 79.333 1058.09 1048.61 1019.44 108.782 910.653 182.336 98.1837 29.1703 120.929 71.0214 170.806 65.0121 5.24443 392.076
internal_count=69411 62706 9728 6705 2268 1098 1170 476 694 7460 7317 358 6959 6837 723 143 6731 4803 4561 457 4104 908 219 242 375 304 861 405 43 705
is_linear=0
shrinkage=0.05


Tree=72
num_leaves=31
num_cat=0
split_feature=14 10 4 17 27 28 19 7 6 3 17 5 6 7 33 7 32 30 31 7 7 6 7 6 6 6 18 7 7 6
split_gain=464.699 98.4146 52.6089 45.6242 41.7606 52.9357 24.5971 20.4131 16.2415 17.1554 16.3527 16.5162 14.2023 45.2437 12.4493 11.5997 11.5925 12.8711 10.8122 10.3782 10.2446 26.2802 17.0662 11.5466 9.91535 9.72694 9.35134 9.32413 9.5907 18.3805
threshold=1.0000000180025095e-35 1.0000000180025095e-35 1.0000000180025095e-35 1.0000000180025095e-35 1.0000000180025095e-35 1.0000000180025095e-35 1.0000000180025095e-35 0.37797619047619052 10.500000000000002 1.0000000180025095e-35 1.0000000180025095e-35 1.0000000180025095e-35 10.500000000000002 0.31789473684210529 1.0000000180025095e-35 0.11805555555555557 1.0000000180025095e-35 1.0000000180025095e-35 1.0000000180025095e-35 0.21525096525096529 0.31789473684210529 7.5000000000000009 0.41421568627450983 9.5000000000000018 4.5000000000000009 3.5000000000000004 1.0000000180025095e-35 0.18465909090909094 0.30217391304347835 7.5000000000000009
decision_type=2 2 2 2 2 2 2 2 2 2 2 2 2 2 2 2 2 2 2 2 2 2 2 2 2 2 2 2 2 2
left_child=1 2 6 -2 7 12 8 16 10 -10 11 14 -6 -14 18 24 17 27 19 25 21 -7 23 -22 -16 -1 -21 -4 -29 -30
right_child=3 -3 4 -5 5 20 -8 -9 9 -11 -12 -13 13 -15 15 -17 -18 -19 -20 26 22 -23 -24 -25 -26 -27 -28 28 29 -31
leaf_value=-0.054796061179043898 0.046573691936059064 -0.050062535424124692 -0.069007252258321633 -0.053355708148633191 0.038689406794601797 0.0085949012269844315 -0.091803935316006849 0.020290329810254346 -0.054204039806178494 0.050554839206171223 -0.050847888972802506 -0.080553742479173726 0.036600645096011748 -0.25625441997363491 -0.11213135451389872 0.03032830377327932 -0.055012655562389337 -0.052586917267780899 -0.070951186311092873 0.0030923843456974638 0.011702591122054753 -0.062201730729002508 -0.027336418492185828 0.050551981893274735 0.028562112669763318 0.022807671267250015 -0.064007439111629108 0.015986574607256165 0.015845923604418912 -0.041751913921428817
leaf_weight=4.2004237918881691 1302.3402238544077 71.385130862239748 4.7177405289839944 11.510700206155887 379.19325018743984 46.588413848658092 6.8064359519630662 94.487883899593726 21.647611474967565 4.7554173057433209 13.247306330245918 5.6012964297551653 5.6793034055735907 1.7063951278105376 2.7433333355002096 70.256796132773161 12.745368763804434 12.926766396383753 4.7765997578389934 929.73049728036858 69.491502334130928 18.224910940974951 21.00043655699119 26.412376755382866 2.2827645465731621 96.975366738624871 5.2110038488171986 62.757444817689247 28.06449736142531 27.316806665156037
leaf_count=615 3405 46776 390 3300 854 214 57 1626 522 21 2515 221 21 29 23 98 294 739 53 3618 130 100 141 31 17 577 39 1663 465 857
internal_value=0.0224819 0.00760933 0.00968955 0.0456974 0.0194707 0.0268887 0.00289625 0.00212113 0.00345245 -0.0353051 0.00435477 0.00500756 0.0373512 -0.0312481 0.0054381 0.0250731 -0.00943461 -0.00514898 0.00401729 0.00436407 0.00462762 -0.0113113 0.0134688 0.0224113 -0.0482018 0.0195758 0.00271718 -0.000149692 0.00260144 -0.0125576
internal_weight=3364.78 2050.93 1979.55 1313.85 811.313 568.297 1168.23 243.017 1161.43 26.403 1135.03 1121.78 386.579 7.3857 1116.18 75.2829 148.529 135.783 1040.89 1036.12 181.718 64.8133 116.904 95.9039 5.0261 101.176 934.942 122.856 118.139 55.3813
internal_count=69411 62706 15930 6705 7554 1520 8376 6034 8319 543 7776 5261 904 50 5040 138 4408 4114 4902 4849 616 314 302 161 40 1192 3657 3375 2985 1322
is_linear=0
shrinkage=0.05


Tree=73
num_leaves=31
num_cat=0
split_feature=14 2 4 8 28 27 17 19 7 32 7 17 6 5 6 33 7 7 7 8 8 6 6 32 28 7 7 7 6 7
split_gain=450.412 120.866 57.3541 48.0261 34.7596 43.6644 28.3294 22.8358 16.3102 17.9314 17.9286 15.0011 15.0301 15.2242 13.0523 11.5151 11.059 10.6742 10.1191 27.4752 19.3177 33.2717 15.7485 13.4581 11.0546 16.8069 9.60201 16.1324 9.40769 10.2406
threshold=1.0000000180025095e-35 1.0000000180025095e-35 1.0000000180025095e-35 1.0000000180025095e-35 1.0000000180025095e-35 1.0000000180025095e-35 1.0000000180025095e-35 1.0000000180025095e-35 0.2834821428571429 1.0000000180025095e-35 0.22649572649572652 1.0000000180025095e-35 10.500000000000002 1.0000000180025095e-35 10.500000000000002 1.0000000180025095e-35 0.31009615384615391 0.11805555555555557 0.21525096525096529 1.0000000180025095e-35 1.0000000180025095e-35 5.5000000000000009 7.5000000000000009 1.0000000180025095e-35 1.0000000180025095e-35 0.36939571150097467 0.37797619047619052 0.3585714285714286 4.5000000000000009 0.24126984126984127
decision_type=2 2 2 2 2 2 2 2 2 2 2 2 2 2 2 2 2 2 2 2 2 2 2 2 2 2 2 2 2 2
left_child=1 2 7 -2 5 26 -5 11 10 -10 -6 12 13 15 28 18 -14 -17 19 -1 21 -20 -22 24 -24 -26 27 -4 29 -7
right_child=3 -3 4 6 8 14 -8 -9 9 -11 -12 -13 16 -15 -16 17 -18 -19 20 -21 22 -23 23 -25 25 -27 -28 -29 -30 -31
leaf_value=-0.069604478885003304 -0.077616418453162903 -0.050084178564670304 -0.002180092174227407 0.046750387057460929 0.001512054373110976 -0.099453676502371899 -0.055061062003117084 -0.089570972891981571 0.015813614206061335 -0.053801127047203981 -0.057141882942760985 -0.050803207700162917 0.003206065680592245 -0.080675407234144583 -0.029163497485755141 -0.046133466741110886 -0.063513668281545393 0.029512486600969196 -0.06850576360283378 0.026857314517865161 0.0033828586224573971 0.031479783904136117 -0.0067829656838547057 0.040159502332992786 -0.074363657390782781 -0.017270636845366918 0.019169033707366709 -0.086386298975558481 0.039996320702685995 0.016757392344774021
leaf_weight=8.0180233658757043 7.8707326169824219 87.716109651955776 64.388913439121097 1242.6271837949753 43.077665871474892 2.1552591910585788 6.8579251989722243 6.6320047955960026 214.39082043431699 9.6548055782914144 18.65721976570785 12.612040170934049 11.059386826120319 5.1665557766100383 7.3180511407554141 4.9896088952664277 14.113976532826198 68.631135005503893 9.1122277923859638 91.457972582429647 653.22976713860407 94.412539326585829 105.18250579759479 11.03950974345207 17.834020938724279 46.59742577560246 49.033992422744632 6.2307113260030738 348.56432046368718 15.207412615418432
leaf_count=769 3582 52978 275 3030 385 60 93 57 484 210 91 2515 85 123 18 40 276 98 221 215 1946 203 456 44 165 247 71 29 620 25
internal_value=0.0219062 0.00731964 0.00991727 0.0454147 0.0204141 0.0284581 0.0461907 0.00287103 0.00653781 0.0128092 -0.0162123 0.00340375 0.00400389 0.00486647 0.036884 0.00526562 -0.0341923 0.0243733 0.00390824 0.019071 0.00229848 0.0226685 -0.000230057 -0.0132963 -0.0167807 -0.0330903 0.00216957 -0.00962779 0.038207 0.00225418
internal_weight=3283.84 2026.48 1938.77 1257.36 778.679 492.899 1249.49 1160.09 285.781 224.046 61.7349 1153.46 1140.84 1115.67 373.245 1110.5 25.1734 73.6207 1036.88 99.476 937.408 103.525 833.883 180.653 169.614 64.4314 119.654 70.6196 365.927 17.3627
internal_count=69411 62706 9728 6705 2268 1098 3123 7460 1170 694 476 7403 4888 4527 723 4404 361 138 4266 984 3282 424 2858 912 868 412 375 304 705 85
is_linear=0
shrinkage=0.05


Tree=74
num_leaves=31
num_cat=0
split_feature=14 2 4 8 28 17 7 32 7 33 6 3 17 31 5 0 6 6 7 7 30 6 7 7 8 8 6 6 0 7
split_gain=436.227 113.694 53.3093 45.495 33.1282 26.7933 14.7989 16.7013 16.3595 14.1169 15.4679 19.1396 13.6186 13.5769 13.0709 12.3916 11.1122 11.6243 11.2296 10.3215 10.0096 16.5463 20.9863 9.07026 25.4718 16.4717 29.6209 14.7818 10.4489 29.0141
threshold=1.0000000180025095e-35 1.0000000180025095e-35 1.0000000180025095e-35 1.0000000180025095e-35 1.0000000180025095e-35 1.0000000180025095e-35 0.2834821428571429 1.0000000180025095e-35 0.22649572649572652 1.0000000180025095e-35 10.500000000000002 1.0000000180025095e-35 1.0000000180025095e-35 1.0000000180025095e-35 1.0000000180025095e-35 1.0000000180025095e-35 10.500000000000002 4.5000000000000009 0.36939571150097467 0.11805555555555557 1.0000000180025095e-35 13.500000000000002 0.30217391304347835 0.21525096525096529 1.0000000180025095e-35 1.0000000180025095e-35 5.5000000000000009 8.5000000000000018 1.0000000180025095e-35 0.29705882352941182
decision_type=2 2 2 2 2 2 2 2 2 2 2 2 2 2 2 2 2 2 2 2 2 2 2 2 2 2 2 2 2 2
left_child=1 2 9 -2 16 -5 8 15 -6 10 12 -12 13 14 23 -8 17 -4 -19 -11 21 22 -18 24 -1 26 -25 -27 29 -28
right_child=3 -3 4 5 6 -7 7 -9 -10 19 11 -13 -14 -15 -16 -17 20 18 -20 -21 -22 -23 -24 25 -26 27 28 -29 -30 -31
leaf_value=-0.069676531308092121 -0.077628252855186625 -0.050078930090834174 -0.0071760004587494777 0.046481158207056811 0.0014367154850675008 -0.054782480710605812 0.048051800823375762 -0.053606037601920613 -0.054757907572378417 -0.043966926809774071 -0.062968543214344974 0.052470788036052207 -0.050760037513962977 -0.070179561420650224 -0.080447163450054704 0.010685113953183839 0.016120556956633055 0.036492794422928111 0.018423504893126285 0.028914626908487853 0.041627904999994393 0.029948045006823555 -0.11919082565511135 -0.067935194487866044 0.025500773976619675 0.0017952944774269381 0.040447166107536119 -0.021928205915302729 0.036845496569659374 -0.098028448223682119
leaf_weight=7.6118021131260312 7.4857771184761068 83.446670685778372 20.333875632146373 1188.6990282312036 43.070467758690938 6.5558441244065753 25.157291643321514 9.2165502598509175 18.500487174838781 5.2104627636726937 17.901655658148233 4.4780128914862862 12.006898461142553 6.3284625505330032 4.6368314003339028 188.24210959114134 5.0519644543528575 310.83841650187969 119.09708855673671 69.232566937804222 9.1610427051782626 8.9348254166543466 6.5871231630444527 8.574488645186646 90.196662172675133 759.96291790530086 11.118991136550905 71.860217763110995 77.323281034827232 5.7197454273700705
leaf_count=763 3582 52978 182 3030 385 93 19 210 91 43 341 17 2515 62 119 465 10 631 215 100 13 15 32 218 216 2325 14 535 165 27
internal_value=0.0213599 0.00704844 0.00953654 0.0451548 0.0197763 0.0459249 0.00624401 0.0122458 -0.0154464 0.00274429 0.00128911 -0.0398345 0.00216202 0.00277202 0.00321837 0.0150946 0.0277868 0.0297418 0.0314891 0.0238015 -0.00180076 -0.0211736 -0.0604524 0.00359541 0.0180823 0.00207854 0.0209657 -0.000253789 0.0290728 -0.00659052
internal_weight=3202.54 1999.8 1916.35 1202.74 764.191 1195.25 284.187 222.616 61.571 1152.16 1077.72 22.3797 1055.34 1043.33 1037 213.399 480.004 450.269 429.936 74.443 29.735 20.5739 11.6391 1032.37 97.8085 934.56 102.737 831.823 94.162 16.8387
internal_count=69411 62706 9728 6705 2268 3123 1170 694 476 7460 7317 358 6959 4444 4382 484 1098 1028 846 143 70 57 42 4263 979 3284 424 2860 206 41
is_linear=0
shrinkage=0.05


Tree=75
num_leaves=31
num_cat=0
split_feature=14 2 29 8 27 4 27 28 0 7 18 4 4 26 0 7 28 7 33 0 7 7 7 33 28 8 7 7 7 7
split_gain=442.806 102.171 51.3773 41.0767 36.1455 23.9158 19.8337 21.57 24.5535 23.6996 18.2842 17.1996 15.1258 14.9253 13.8468 13.6921 16.1787 11.7941 16.2237 10.9633 10.45 9.66036 9.36546 7.64227 7.58942 24.7489 11.8055 8.43761 7.86999 8.67706
threshold=1.0000000180025095e-35 1.0000000180025095e-35 1.0000000180025095e-35 1.0000000180025095e-35 1.0000000180025095e-35 1.0000000180025095e-35 1.0000000180025095e-35 1.0000000180025095e-35 1.0000000180025095e-35 0.44722222222222224 1.0000000180025095e-35 1.0000000180025095e-35 1.0000000180025095e-35 1.0000000180025095e-35 1.0000000180025095e-35 0.24126984126984127 1.0000000180025095e-35 0.64583333333333337 1.0000000180025095e-35 1.0000000180025095e-35 0.2834821428571429 0.24126984126984127 0.64583333333333337 1.0000000180025095e-35 1.0000000180025095e-35 1.0000000180025095e-35 0.24126984126984127 0.22649572649572652 0.58571428571428574 0.43303571428571436
decision_type=2 2 2 2 2 2 2 2 2 2 2 2 2 2 2 2 2 2 2 2 2 2 2 2 2 2 2 2 2 2
left_child=1 2 6 -2 5 -4 14 8 -8 10 11 -10 -6 19 21 -7 -17 18 -11 20 -9 -1 -21 -19 25 26 -16 -26 29 -29
right_child=3 -3 4 -5 12 15 7 13 9 17 -12 -13 -14 -15 24 16 -18 23 -20 22 -22 -23 -24 -25 27 -27 -28 28 -30 -31
leaf_value=-0.053211389575833969 -0.073142229191799413 -0.050074089919807552 0.012505262773755993 0.045509269678773348 0.016090921487737102 0.013905074106283789 -0.063060781331052695 -0.052574548248622614 0.013036462869294763 -0.025458892470685252 -0.078096667327651942 0.032016533580020538 0.046236676867974676 0.05550779608204022 -0.067585591420203747 -0.15290764017513012 -0.030348961943887254 -0.056181109753122974 0.030321875977427328 -0.0068354021963416833 0.043705605136269927 0.023613618084747132 0.052015178629961793 -0.25572599905211318 0.023904099551026292 -0.053067232034094081 0.00049914087508499635 -0.0017299698599860154 0.041180239746072864 -0.022343432584684259
leaf_weight=4.4008273460203773 7.3296546635683617 79.422037253389135 101.46083846339025 1138.2476853430271 57.063615403370932 5.1678393287584212 10.303998802555723 3.2735374958720085 389.50423811934888 46.253114509861916 4.8936966587789348 172.2169592268765 154.36744644679129 11.077655553817747 6.8425466313492498 4.8413163945078832 6.0947130396962166 1.3113609899301075 18.133558152243495 333.48562486399896 19.766811165958643 56.112321429420263 6.8885961563792071 0.76213350892066944 26.372826574370265 35.688458377495408 89.635906880605035 189.13293311744928 8.6389248792547715 69.950008132494986
leaf_count=637 3595 52956 571 3104 160 25 169 300 785 282 41 277 334 8 78 24 18 178 27 1070 19 116 12 5 144 2107 858 983 26 376
internal_value=0.0201644 0.00544231 0.00784747 0.044749 0.0257461 0.00351557 0.0039334 0.00790339 0.0134565 0.0147037 0.0180173 0.0188569 0.0381041 -0.00163568 -0.00436702 -0.0530646 -0.0847408 -0.0135377 -0.00973903 -0.00338039 0.0299877 0.0180104 -0.0056414 -0.130641 -0.00754529 -0.0174978 -0.00433096 -0.00307046 -0.00573034 -0.00729799
internal_weight=3058.64 1913.06 1833.64 1145.58 328.996 117.565 1504.65 1017.87 643.379 633.075 566.615 561.721 211.431 374.492 486.775 16.1039 10.936 66.4602 64.3867 363.415 23.0403 60.5131 340.374 2.07349 426.262 132.167 96.4785 294.095 267.722 259.083
internal_count=69285 62586 9630 6699 1132 638 8498 3173 1764 1595 1103 1062 494 1409 5325 67 42 492 309 1401 319 753 1082 183 4572 3043 936 1529 1385 1359
is_linear=0
shrinkage=0.05


Tree=76
num_leaves=31
num_cat=0
split_feature=14 2 29 8 6 27 15 17 6 28 27 8 30 4 30 32 4 6 31 6 4 30 26 8 6 6 6 27 28 32
split_gain=426.553 96.3055 47.9082 38.8174 35.6716 34.6924 25.824 25.7951 24.1296 19.956 35.2895 27.5893 20.857 15.1512 21.5197 14.7066 21.3096 13.6903 12.5054 11.9804 11.7257 18.8158 10.3494 9.85543 15.9905 9.49367 8.7029 8.27667 10.7392 10.2302
threshold=1.0000000180025095e-35 1.0000000180025095e-35 1.0000000180025095e-35 1.0000000180025095e-35 4.5000000000000009 1.0000000180025095e-35 1.0000000180025095e-35 1.0000000180025095e-35 9.5000000000000018 1.0000000180025095e-35 1.0000000180025095e-35 1.0000000180025095e-35 1.0000000180025095e-35 1.0000000180025095e-35 1.0000000180025095e-35 1.0000000180025095e-35 1.0000000180025095e-35 11.500000000000002 1.0000000180025095e-35 6.5000000000000009 1.0000000180025095e-35 1.0000000180025095e-35 1.0000000180025095e-35 1.0000000180025095e-35 8.5000000000000018 5.5000000000000009 6.5000000000000009 1.0000000180025095e-35 1.0000000180025095e-35 1.0000000180025095e-35
decision_type=2 2 2 2 2 2 2 2 2 2 2 2 2 2 2 2 2 2 2 2 2 2 2 2 2 2 2 2 2 2
left_child=1 2 4 -2 22 8 9 18 20 10 11 -6 15 14 -7 23 25 -12 -5 -8 -4 -22 27 -11 -25 -17 -16 29 -29 -1
right_child=3 -3 5 7 6 13 19 -9 -10 12 17 -13 -14 -15 26 16 -18 -19 -20 -21 21 -23 -24 24 -26 -27 -28 28 -30 -31
leaf_value=-0.056055647522590915 -0.072825465547413606 -0.050069216063773195 0.014843450213506311 0.04615870766160235 0.0020127478475269649 0.032582705987957448 -0.03445416141314641 -0.055073024441560973 -0.088981394171350522 0.0053656427920860629 0.019991689086725516 -0.053193725154587534 -0.069511071507238564 0.045892319020387512 -0.090710175293575765 0.0023634718091455724 -0.053315600635227514 -0.057111120818105182 -0.028448567639996748 -0.15905510210262563 0.0072854712650657558 -0.12033010649512628 0.056578337548293514 -0.0050115267177841469 -0.054267869902088664 0.044485886232678018 -0.0077702359922294578 -0.020782274665918948 0.0067808889548110389 -0.016826934400979533
leaf_weight=24.563629604293965 7.0018047993071368 75.555751046398655 97.702570468652993 1078.4145953506231 121.89199427515268 43.189007400535047 5.2068580966442806 6.3661954998970023 6.6619609827175728 258.66275019338354 540.27173282997683 27.776245684828609 10.397512689232824 147.91319965198636 5.176369236316531 18.83881969563663 8.1616050237789732 5.8065682910382739 5.631520051509141 3.0749237234704196 8.5196404177695495 4.3540553189814082 4.9901081323623648 202.80581986345351 17.928748123347759 46.353068396449089 8.1501770503818971 83.522461851593107 61.208848763722926 51.571578649571165
leaf_count=2535 3595 52956 533 2996 384 81 20 86 53 658 936 775 124 334 57 115 198 42 22 38 18 34 3 474 309 56 22 766 576 489
internal_value=0.0196317 0.0052362 0.0075394 0.0444267 0.00376806 0.025042 0.00703118 0.0451807 0.00335379 0.00761076 0.0132744 -0.0082323 0.000612564 0.0374768 0.0154386 0.00193376 0.0227821 0.0191699 0.0457704 -0.0809133 0.00892884 -0.0358969 -0.014537 -0.00125565 -0.00901682 0.0323235 -0.0400676 -0.0161485 -0.00912232 -0.0294956
internal_weight=2987.67 1890.26 1814.7 1097.41 1493.03 321.667 1267.18 1090.41 117.238 1258.89 695.747 149.668 563.148 204.429 56.5156 552.751 73.3535 546.078 1084.05 8.28178 110.576 12.8737 225.857 479.397 220.735 65.1919 13.3265 220.867 144.731 76.1352
internal_count=69285 62586 9630 6699 8498 1132 4129 3104 638 4071 2137 1159 1934 494 160 1810 369 978 3018 58 585 52 4369 1441 783 171 79 4366 1342 3024
is_linear=0
shrinkage=0.05


Tree=77
num_leaves=31
num_cat=0
split_feature=14 2 29 17 27 6 6 28 27 0 0 30 4 30 7 31 7 4 7 7 6 5 4 30 6 7 7 6 7 6
split_gain=411.069 90.8149 44.8809 35.1422 33.3708 32.4622 22.2588 16.0927 31.028 23.5199 20.1001 18.0095 14.8253 19.8358 14.4587 13.6486 13.3755 13.0616 13.2872 12.3244 12.2941 11.933 10.6472 17.1562 10.5951 9.64685 11.2375 11.1146 21.3138 12.0016
threshold=1.0000000180025095e-35 1.0000000180025095e-35 1.0000000180025095e-35 1.0000000180025095e-35 1.0000000180025095e-35 4.5000000000000009 9.5000000000000018 1.0000000180025095e-35 1.0000000180025095e-35 1.0000000180025095e-35 1.0000000180025095e-35 1.0000000180025095e-35 1.0000000180025095e-35 1.0000000180025095e-35 0.42481203007518803 1.0000000180025095e-35 0.24126984126984127 1.0000000180025095e-35 0.3585714285714286 0.35147058823529415 9.5000000000000018 1.0000000180025095e-35 1.0000000180025095e-35 1.0000000180025095e-35 6.5000000000000009 0.22649572649572652 0.29705882352941182 8.5000000000000018 0.41421568627450983 5.5000000000000009
decision_type=2 2 2 2 2 2 2 2 2 2 2 2 2 2 2 2 2 2 2 2 2 2 2 2 2 2 2 2 2 2
left_child=1 2 5 15 6 -1 22 8 16 20 -9 21 13 -6 -15 -2 -7 18 24 -11 -10 25 -4 -24 -18 -12 -27 29 -29 -28
right_child=3 -3 4 -5 12 7 -8 10 9 19 11 -13 -14 14 -16 -17 17 -19 -20 -21 -22 -23 23 -25 -26 26 27 28 -30 -31
leaf_value=-0.013911716010305381 0.045439154436073437 -0.050064516112266547 0.014190432534498962 -0.053199900840306583 0.031795861438859131 -0.061364366455974075 -0.086534374175381179 0.031483894886182168 -0.12046683508462075 0.02398168496462838 0.019358602758146957 -0.068568010624031242 0.045540518330224156 -0.093422703954018277 0.01115361650166212 -0.029858551628956079 -0.066803129276126902 0.0085249396812336585 -0.057085345536571554 0.0078097560903886108 -0.0047901219412748268 -0.087573644553758101 0.0069453979176294619 -0.11531928224643362 0.0060285791607842757 -0.021617130777057639 -0.015257772402107198 -0.0042045855138400715 -0.072612831511540077 0.0099067976398454702
leaf_weight=224.3019329784438 1035.2350005172193 71.877430000924505 97.104839863022789 9.178090241737662 42.073838301002979 11.009669980965553 6.5119284847751251 47.686343383044004 4.5293332133442146 361.65152500942349 54.786969957873225 10.086495476309208 141.75919414684176 6.2649982981383783 6.9641836318187416 6.0389528577215961 5.9223495163023463 82.559763617813587 18.739667901303619 174.90271726436913 4.6703549828380346 3.9501476641744366 8.4911909177899343 4.317435926757752 31.502829340286553 67.777488315477967 59.085366281680763 64.968562410678715 13.80143107101321 238.81035502441227
leaf_count=4369 3361 52956 533 3312 81 161 53 104 44 576 90 124 334 36 43 26 65 176 596 360 18 34 18 34 189 281 242 332 206 531
internal_value=0.0191237 0.00503976 0.0072478 0.0441427 0.0244344 0.00360875 0.00320554 0.00673701 0.0118189 0.0173509 0.000435275 -0.00244896 0.0369732 0.0149992 -0.0383664 0.0450017 -0.00834066 -0.00412479 -0.0227264 0.0187112 -0.0618651 -0.00112124 0.0085342 -0.0342855 -0.00549809 -0.000434444 -0.00287586 0.000495615 -0.0162046 0.00491357
internal_weight=2916.56 1866.11 1794.23 1050.45 313.488 1480.74 116.425 1256.44 695.488 545.754 560.953 513.267 197.062 55.303 13.2292 1041.27 149.734 138.725 56.1648 536.554 9.19969 503.18 109.913 12.8086 37.4252 499.23 444.443 376.666 78.77 297.896
internal_count=69285 62586 9630 6699 1132 8498 638 4129 2185 998 1944 1840 494 160 79 3387 1187 1026 850 936 62 1716 585 52 254 1682 1592 1311 538 773
is_linear=0
shrinkage=0.05


Tree=78
num_leaves=31
num_cat=0
split_feature=14 2 29 8 27 17 15 33 4 30 33 4 30 26 31 17 18 9 27 3 0 32 4 8 30 32 4 31 30 27
split_gain=395.533 85.6544 42.0121 36.5892 32.0663 23.0789 21.9172 27.8858 17.8759 16.6817 16.3297 14.4994 18.275 11.8573 11.521 9.93798 8.90233 7.10797 6.32478 11.1388 9.97894 5.98051 15.9373 6.7699 5.42804 4.41683 3.9932 9.30024 3.80655 3.20118
threshold=1.0000000180025095e-35 1.0000000180025095e-35 1.0000000180025095e-35 1.0000000180025095e-35 1.0000000180025095e-35 1.0000000180025095e-35 1.0000000180025095e-35 1.0000000180025095e-35 1.0000000180025095e-35 1.0000000180025095e-35 1.0000000180025095e-35 1.0000000180025095e-35 1.0000000180025095e-35 1.0000000180025095e-35 1.0000000180025095e-35 1.0000000180025095e-35 1.0000000180025095e-35 1.0000000180025095e-35 1.0000000180025095e-35 1.0000000180025095e-35 1.0000000180025095e-35 1.0000000180025095e-35 1.0000000180025095e-35 1.0000000180025095e-35 1.0000000180025095e-35 1.0000000180025095e-35 1.0000000180025095e-35 1.0000000180025095e-35 1.0000000180025095e-35 1.0000000180025095e-35
decision_type=2 2 2 2 2 2 2 2 2 2 2 2 2 2 2 2 2 2 2 2 2 2 2 2 2 2 2 2 2 2
left_child=1 2 6 -2 8 14 7 13 25 -10 -8 12 -6 15 24 16 17 18 20 26 -1 23 -23 -22 -5 28 27 -20 -4 -26
right_child=3 -3 4 5 11 -7 10 -9 9 -11 -12 -13 -14 -15 -16 -17 -18 -19 19 -21 21 22 -24 -25 29 -27 -28 -29 -30 -31
leaf_value=0.016882216617346964 -0.07357378492649938 -0.050059977113473264 0.024831689503026645 0.046572593338913788 0.031009267040298511 -0.054533319893395951 -0.014539038221800527 0.028358168350311533 0 -0.10237060547606205 -0.15637570356601244 0.045180767477463524 -0.036726746786189209 0.055061115701978226 -0.024091087568122969 -0.050454685186366248 -0.063635621604611517 -0.052627948055593655 0.0033909068178676416 -0.070803134255449929 -0.0020676457638861548 0.0091279150233655182 -0.054653531058805986 -0.017834122966758813 0.021387084374161154 -0.053293481468077143 0.0099381550843633312 -0.07041322146235876 0.004596365270457938 0.043997940389445059
leaf_weight=58.977504828479141 6.5817635377170509 68.377973117050715 38.788262338377535 924.2555920984596 41.011637571267784 5.824505887925624 4.559437402058391 108.03630100702867 8.8908086773008126 7.1940703839063636 3.6627515181899071 135.89245353452861 13.134960600407792 10.42282712459564 5.9512607418000689 9.1140525448136014 5.1506463855039319 5.8829910143977022 545.86207019421272 4.8165534327272317 148.54112705937587 117.13024666393176 10.676671650260685 125.82418021280318 35.398644277825952 2.5912338288035235 306.27771503757685 4.2916076241526744 58.167174388421699 28.308193946257234
leaf_count=748 3595 52956 92 2789 81 86 40 241 20 47 19 334 79 8 22 2299 53 259 1361 226 527 444 286 1261 123 68 696 30 411 84
internal_value=0.0186127 0.00484841 0.0069643 0.043824 0.0238293 0.0445981 0.00345508 0.00391378 0.00306303 -0.0458213 -0.0778972 0.0364614 0.0145648 0.0019613 0.0451801 0.00154828 0.00190447 0.00215947 0.00240398 0.00493442 -0.00232083 -0.0051385 0.003792 -0.00930038 0.0455981 0.0109706 0.00536178 0.002813 0.0126986 0.0314474
internal_weight=2849.6 1843.28 1774.9 1006.32 305.671 999.738 1469.23 1461 115.632 16.0849 8.22219 190.039 54.1466 1352.97 993.914 1342.55 1333.43 1328.28 1322.4 861.248 461.15 402.172 127.807 274.365 987.962 99.5467 856.431 550.154 96.9554 63.7068
internal_count=69285 62586 9630 6699 1132 3104 8498 8439 638 67 59 494 160 8198 3018 8190 5891 5838 5579 2313 3266 2518 730 1788 2996 571 2087 1391 503 207
is_linear=0
shrinkage=0.05


Tree=79
num_leaves=31
num_cat=0
split_feature=12 13 27 10 31 30 6 29 27 6 6 15 33 30 27 6 30 5 3 6 6 17 33 15 6 6 8 30 3 27
split_gain=247.198 135.162 70.9789 61.854 44.5954 40.7834 76.5105 39.8729 32.277 28.5892 20.4102 20.3257 30.3191 46.3716 21.8811 15.5151 22.6193 16.8665 13.1282 13.1197 14.1285 13.1149 12.7473 12.412 14.6972 16.8884 10.9736 16.6692 10.284 9.86799
threshold=1.0000000180025095e-35 1.0000000180025095e-35 1.0000000180025095e-35 1.0000000180025095e-35 1.0000000180025095e-35 1.0000000180025095e-35 3.5000000000000004 1.0000000180025095e-35 1.0000000180025095e-35 4.5000000000000009 7.5000000000000009 1.0000000180025095e-35 1.0000000180025095e-35 1.0000000180025095e-35 1.0000000180025095e-35 10.500000000000002 1.0000000180025095e-35 1.0000000180025095e-35 1.0000000180025095e-35 27.500000000000004 11.500000000000002 1.0000000180025095e-35 1.0000000180025095e-35 1.0000000180025095e-35 7.5000000000000009 6.5000000000000009 1.0000000180025095e-35 1.0000000180025095e-35 1.0000000180025095e-35 1.0000000180025095e-35
decision_type=2 2 2 2 2 2 2 2 2 2 2 2 2 2 2 2 2 2 2 2 2 2 2 2 2 2 2 2 2 2
left_child=1 3 4 7 5 -3 -7 9 10 29 -9 12 15 -14 -15 17 18 28 19 20 -17 23 -13 -2 25 -25 -10 -28 -11 -1
right_child=21 2 -4 -5 -6 6 -8 8 26 11 -12 22 13 14 -16 16 -18 -19 -20 -21 -22 -23 -24 24 -26 -27 27 -29 -30 -31
leaf_value=-0.028411451949868095 0.045924918604715287 -0.029990733526025888 0.046785159759079466 -0.050034018950910711 -0.8838930249122291 -0.058395053512166076 -0.9524019669783883 0.014259245873096505 0.043533410805530998 0.0062094454632096261 -0.034214132983266213 -0.013729637716361981 0.040463136723256909 -0.055854359796988939 -0.32237775621002396 -0.020977705605589068 0.046808533950791299 -0.09022031755045902 0.032832826227586785 0.058491497655238305 -0.075889649424581096 -0.055115855219459692 -0.13623016437193572 0.02013573362890398 0.050687396517823981 -0.2018174112981917 0.032425809493304765 -0.033827098373189805 -0.079847655442431886 -0.0061711419328415278
leaf_weight=75.036527825868689 653.49919748865068 15.497138282342352 283.24237712373724 50.266459830687381 0.15241529047489066 0.7535781976766891 0.34260725183412433 87.412132752942853 131.94400463683996 1072.2189132611966 28.881560654030181 4.5586528484709543 90.580668888636865 2.2995993879158041 1.1566534563899042 24.56297404691577 10.910028705373405 4.5698486868059254 6.9049839584622523 3.117590957437641 22.458930564229377 3.2604365724837399 3.9864642024040222 1.6425125114619723 3.4803976118564606 1.77005017362535 39.011029060930014 12.531081121414898 3.472117938916198 148.97025703534018
leaf_count=3573 2228 2498 1165 46719 27 329 25 834 402 6779 495 39 594 47 9 439 110 125 29 7 787 396 19 6 11 14 64 52 63 1400
internal_value=0.0180882 0.00976795 0.0408701 0.00465458 -0.0591165 -0.0509828 -0.344348 0.00620423 0.0228278 0.00282473 0.00221467 0.00577108 0.00630034 0.0335947 -0.145865 0.00406427 -0.0191058 0.00552242 -0.031727 -0.0406326 -0.0472263 0.0447261 -0.0710294 0.0452206 -0.0214475 -0.0950956 0.0358889 0.0163051 0.00593047 -0.0136242
internal_weight=2788.49 2124.84 299.988 1824.85 16.7457 16.5933 1.09619 1774.58 299.78 1474.8 116.294 1250.8 1242.25 94.0369 3.45625 1148.22 67.9545 1080.26 57.0445 50.1395 47.0219 663.653 8.54512 660.392 6.89296 3.41256 183.486 51.5421 1075.69 224.007
internal_count=69285 66630 4044 62586 2879 2852 354 15867 1847 14020 1329 9047 8989 650 56 8339 1372 6967 1262 1233 1226 2655 58 2259 31 20 518 116 6842 4973
is_linear=0
shrinkage=0.05


Tree=80
num_leaves=31
num_cat=0
split_feature=14 2 8 4 29 27 32 31 6 30 6 6 6 33 33 7 8 6 31 26 27 27 6 6 0 6 6 27 7 27
split_gain=351.577 79.4839 38.0571 33.0732 30.8384 20.9414 19.7998 15.7664 13.5064 13.3664 60.8539 25.2846 18.8839 13.3212 11.5835 17.2634 11.965 11.336 11.0617 10.6789 10.5908 10.2922 10.0343 10.5244 13.4184 8.50318 8.03687 7.88672 7.72684 7.64011
threshold=1.0000000180025095e-35 1.0000000180025095e-35 1.0000000180025095e-35 1.0000000180025095e-35 1.0000000180025095e-35 1.0000000180025095e-35 1.0000000180025095e-35 1.0000000180025095e-35 3.5000000000000004 1.0000000180025095e-35 11.500000000000002 10.500000000000002 16.500000000000004 1.0000000180025095e-35 1.0000000180025095e-35 0.14835164835164838 1.0000000180025095e-35 10.500000000000002 1.0000000180025095e-35 1.0000000180025095e-35 1.0000000180025095e-35 1.0000000180025095e-35 5.5000000000000009 8.5000000000000018 1.0000000180025095e-35 12.500000000000002 2.5000000000000004 1.0000000180025095e-35 0.31789473684210529 1.0000000180025095e-35
decision_type=2 2 2 2 2 2 2 2 2 2 2 2 2 2 2 2 2 2 2 2 2 2 2 2 2 2 2 2 2 2
left_child=1 3 -2 7 6 -6 9 8 -1 11 20 13 25 22 15 16 -10 19 26 -17 -11 -20 -5 -24 -25 27 -4 -13 29 -26
right_child=2 -3 18 4 5 -7 -8 -9 14 10 -12 12 -14 -15 -16 17 -18 -19 21 -21 -22 -23 23 24 28 -27 -28 -29 -30 -31
leaf_value=-0.026309573941182114 -0.075534868703001662 -0.050053248554454824 0.0045113114450328869 -0.00064645164432902409 -0.008338072561477226 0.04387247977496439 -0.055728512592814708 -0.071044678821241852 -0.069673021960234907 -0.071775210502933243 0.057005481237776094 -0.071687876292662697 0.031833746282919635 0.04338144515064668 0.024796096392444081 0.0012680626406465462 0.054271652340204368 -0.03767646564849908 -0.081219025867022954 0.050291269582912794 -0.18003631113943958 0.050971505913939036 0.023392577802007829 0.050855702852200535 0.03618711425915605 -0.10117227118004267 0.045039316312996708 -0.011619423608530294 -0.017875022791716547 -0.0099678312894182896
leaf_weight=39.51636786875315 6.6906775374955023 62.467328927479684 12.43139762431383 93.159536947496235 22.607929662801325 126.92429815791547 11.101027756463735 7.3518043785588807 2.1200489847688031 4.9149089334532636 9.8054939620196802 8.3536165580153501 10.835020050406454 41.987813301151618 59.979176036082208 922.79507640120573 22.44942182302475 18.479504753602669 3.3753717094659796 11.23490973189473 4.2429188173264265 2.5927014350891113 242.26070909574628 12.943321857601402 18.071071453392506 5.5280366726219645 899.54470410570502 15.852959737181664 44.578765287995338 17.754430934786797
leaf_count=3009 3657 52979 98 603 68 338 301 128 155 67 12 51 15 80 110 3659 18 344 16 10 31 6 412 13 38 35 2993 38 110 49
internal_value=0.0180301 0.00537465 0.0431766 0.00732604 0.015875 0.0359753 0.0103218 0.00187616 0.00237525 0.0117064 -0.0294956 0.013236 -0.0246293 0.0165008 0.00346899 0.00215905 0.0435324 0.00109087 0.0440432 0.0018588 -0.12213 -0.0237188 0.0138663 0.0178962 0.00362535 -0.0452245 0.0444875 -0.0323906 -0.00397686 0.0133033
internal_weight=2761.95 1837.32 924.635 1774.85 690.922 149.532 541.39 1083.93 1076.57 530.289 18.9633 511.325 40.5696 470.756 1037.06 977.079 24.5695 952.509 917.944 934.03 9.15783 5.96807 428.768 335.608 93.3476 29.7346 911.976 24.2066 80.4043 35.8255
internal_count=69443 62673 6770 9694 2261 406 1855 7433 7305 1554 110 1444 139 1305 4296 4186 173 4013 3113 3669 98 22 1225 622 210 124 3091 89 197 87
is_linear=0
shrinkage=0.05


Tree=81
num_leaves=31
num_cat=0
split_feature=14 2 8 4 29 17 19 27 6 30 6 6 6 28 27 7 28 6 31 31 7 33 26 6 8 6 27 28 6 29
split_gain=338.397 74.9141 35.9097 30.6604 29.5565 22.8475 20.2605 20.1735 12.5685 11.4391 55.8139 21.3944 17.2901 15.4342 14.0705 14.1365 12.1791 10.96 10.8322 10.5018 10.1124 11.6346 9.47915 9.18655 8.96836 8.87892 8.49457 9.53824 6.88809 6.87854
threshold=1.0000000180025095e-35 1.0000000180025095e-35 1.0000000180025095e-35 1.0000000180025095e-35 1.0000000180025095e-35 1.0000000180025095e-35 1.0000000180025095e-35 1.0000000180025095e-35 3.5000000000000004 1.0000000180025095e-35 11.500000000000002 10.500000000000002 16.500000000000004 1.0000000180025095e-35 1.0000000180025095e-35 0.24126984126984127 1.0000000180025095e-35 8.5000000000000018 1.0000000180025095e-35 1.0000000180025095e-35 0.162280701754386 1.0000000180025095e-35 1.0000000180025095e-35 4.5000000000000009 1.0000000180025095e-35 7.5000000000000009 1.0000000180025095e-35 1.0000000180025095e-35 11.500000000000002 1.0000000180025095e-35
decision_type=2 2 2 2 2 2 2 2 2 2 2 2 2 2 2 2 2 2 2 2 2 2 2 2 2 2 2 2 2 2
left_child=1 3 -2 6 9 18 8 -6 -1 11 26 13 16 14 15 -5 -13 19 -4 20 24 22 29 -16 -10 -17 -11 -28 -18 -22
right_child=2 -3 5 4 7 -7 -8 -9 17 10 -12 12 -14 -15 23 25 28 -19 -20 -21 21 -23 -24 -25 -26 -27 27 -29 -30 -31
leaf_value=-0.025329342418731571 -0.074929699630983143 -0.050049050091691971 0.044825390257921871 -0.070549294656175709 -0.0079119115189598358 -0.054116404658278286 -0.090835125830011881 0.043468693197415753 -0.071681821754666808 -0.070969246351158255 0.055558583746359802 -0.084824542245175508 0.030650794606619292 0.0046323542093432354 -0.012130353856717435 0.026577087366217247 -0.00022746092124510767 -0.010755948558590904 -0.021891395245315193 -0.073535861483689943 0.00080329026838531865 0.028635906604632839 0.049865273602211532 0.033550552635012491 0.043309732007045576 -0.0086988898172154546 -0.22789793855091223 -0.07423930124442818 -0.070195619915316379 0.013800026908158276
leaf_weight=39.638736284920014 6.414565926155773 59.425622828886844 867.97684638760984 5.727063334779813 22.634230216033757 5.9175936430692664 5.8615208198316386 121.82768279872835 1.8049541034270102 4.7335471857804823 9.5642577856779081 11.111762009561064 10.694562673568724 222.0497372020036 11.772835180163382 40.347947066649795 13.560190703719856 121.42404887033626 6.1112859994173041 4.2013001503655678 704.31454854190815 47.888299135491252 10.776061575859783 164.58303260616958 25.376780100166798 31.931660041213036 2.629242030903697 1.6767004569992421 4.7464720755815497 119.01841262355447
leaf_count=3068 3657 52979 2997 90 68 94 55 338 135 68 12 50 15 988 74 68 37 1026 22 38 2662 74 10 298 26 84 18 13 40 339
internal_value=0.0175027 0.00515975 0.0428349 0.00702452 0.0153453 0.0436947 0.00178956 0.035415 0.00229618 0.0099259 -0.0285762 0.0113141 -0.0237461 0.0142676 0.0226764 0.00498604 -0.0435419 0.0033551 0.0443581 0.00523166 0.005597 0.00467041 0.00329356 0.0304977 0.035632 0.0109869 -0.117614 -0.168491 -0.0184242 0.00268281
internal_weight=2705.74 1819.32 886.42 1759.9 679.591 880.006 1080.3 144.462 1074.44 535.129 18.6037 516.525 40.113 476.412 254.363 78.0067 29.4184 1034.8 874.088 913.38 909.179 881.997 834.109 176.356 27.1817 72.2796 9.03949 4.30594 18.3067 823.333
internal_count=69443 62673 6770 9694 2261 3113 7433 406 7378 1855 111 1744 142 1602 614 242 127 4310 3019 3284 3246 3085 3011 372 161 152 99 31 77 3001
is_linear=0
shrinkage=0.05


Tree=82
num_leaves=31
num_cat=0
split_feature=14 2 4 29 1 27 19 32 3 6 7 30 6 6 6 33 28 1 26 33 7 6 3 7 6 6 6 28 6 6
split_gain=325.751 70.6367 28.4148 28.2723 20.4199 19.4284 18.8081 18.3943 13.588 12.4294 11.9752 11.4735 50.714 19.2926 17.3509 12.1565 11.6811 9.41453 9.03394 8.69345 10.3576 10.3024 16.1165 8.9386 11.9467 8.38548 9.94257 8.19402 8.10847 7.75893
threshold=1.0000000180025095e-35 1.0000000180025095e-35 1.0000000180025095e-35 1.0000000180025095e-35 1.0000000180025095e-35 1.0000000180025095e-35 1.0000000180025095e-35 1.0000000180025095e-35 1.0000000180025095e-35 2.5000000000000004 0.61250000000000016 1.0000000180025095e-35 11.500000000000002 10.500000000000002 16.500000000000004 1.0000000180025095e-35 1.0000000180025095e-35 1.0000000180025095e-35 1.0000000180025095e-35 1.0000000180025095e-35 0.11805555555555557 10.500000000000002 1.0000000180025095e-35 0.162280701754386 3.5000000000000004 5.5000000000000009 8.5000000000000018 1.0000000180025095e-35 4.5000000000000009 2.5000000000000004
decision_type=2 2 2 2 2 2 2 2 2 2 2 2 2 2 2 2 2 2 2 2 2 2 2 2 2 2 2 2 2 2
left_child=1 2 6 7 9 -5 10 8 11 27 17 13 -13 15 16 25 -15 18 19 21 28 23 -23 24 -1 29 -27 -2 -21 -4
right_child=4 -3 3 5 -6 -7 -8 -9 -10 -11 -12 12 -14 14 -16 -17 -18 -19 -20 20 -22 22 -24 -25 -26 26 -28 -29 -30 -31
leaf_value=-0.052583615145870823 -0.042370330974794625 -0.050044975653997494 0.058826854834752251 -0.0075081099488996383 -0.085747575866928882 0.043055134208911161 -0.088782237763266603 -0.055553349734616113 -0.076735630117197681 0.043771679389209339 -0.076266025175603422 -0.11250758232597201 0.054149265388141826 -0.08071246017251707 0.035884652005508798 0.042525326739125201 -0.015219511785108344 -0.05281049667279554 0.049443912418364905 -0.1046767694902461 0.027421403357299274 -0.061743396613652704 0.049866889801641584 0.0012742034364822529 0.04466061986702774 0.022650545507079293 0.0032706638172525339 0.034268873533925236 0.024272957656603322 -0.0036175932552337843
leaf_weight=3.6635760864010107 6.9281177598168124 56.531887319113594 5.2712006643414488 22.658853539731354 3.0801102649420491 116.97144738398492 5.7015139991417518 10.619660402648149 4.3759249977301797 832.29482368848403 4.8311619425658128 8.9167968507390487 9.3288235366344434 11.094885531812908 10.004169240593908 39.31429396616295 17.675221014767885 7.6142127078492186 10.33574842661619 2.7703976270277044 54.220977496355772 13.967998222680764 4.1950951395556322 944.22070445434656 22.395369808305986 234.34386101365089 92.32015161588788 7.000413246860262 2.1562364883720875 85.663331208284944
leaf_count=734 2741 52979 62 68 14 338 55 301 245 3832 914 82 12 50 12 80 71 354 10 20 83 323 22 4751 147 394 205 183 20 341
internal_value=0.0169926 0.0049555 0.00673827 0.0148337 0.0425193 0.0348463 0.00170803 0.00954918 0.0108851 0.0429877 0.00219133 0.0116336 -0.027287 0.0130677 -0.0207844 0.015942 -0.0405128 0.00254824 0.00294764 0.00248796 0.0211068 0.00137311 -0.0359242 0.00207217 0.0309551 0.0134372 0.0171753 -0.00381901 -0.0482033 2.69571e-06
internal_weight=2650.47 1801.16 1744.63 668.559 849.303 139.63 1076.07 528.928 518.309 846.223 1070.37 513.933 18.2456 495.687 38.7743 456.913 28.7701 1065.54 1057.93 1047.59 59.1476 988.443 18.1631 970.28 26.0589 417.599 326.664 13.9285 4.92663 90.9345
internal_count=69443 62673 9694 2261 6770 406 7433 1855 1554 6756 7378 1309 94 1215 133 1082 121 6464 6110 6100 123 5977 345 5632 881 1002 599 2924 40 403
is_linear=0
shrinkage=0.05


Tree=83
num_leaves=31
num_cat=0
split_feature=14 2 8 4 29 17 27 19 32 3 31 17 31 30 6 6 6 28 27 28 0 27 6 6 0 6 6 6 6 15
split_gain=312.928 66.6159 32.4641 26.309 27.0157 21.1288 18.7049 17.4706 17.2393 12.7482 11.2134 10.9792 10.9065 10.5408 47.106 17.581 15.7429 11.6892 10.593 10.5776 9.85365 9.86964 16.6285 35.1551 9.5468 21.3118 8.95502 8.73029 12.9258 8.52391
threshold=1.0000000180025095e-35 1.0000000180025095e-35 1.0000000180025095e-35 1.0000000180025095e-35 1.0000000180025095e-35 1.0000000180025095e-35 1.0000000180025095e-35 1.0000000180025095e-35 1.0000000180025095e-35 1.0000000180025095e-35 1.0000000180025095e-35 1.0000000180025095e-35 1.0000000180025095e-35 1.0000000180025095e-35 11.500000000000002 10.500000000000002 16.500000000000004 1.0000000180025095e-35 1.0000000180025095e-35 1.0000000180025095e-35 1.0000000180025095e-35 1.0000000180025095e-35 8.5000000000000018 9.5000000000000018 1.0000000180025095e-35 9.5000000000000018 8.5000000000000018 2.5000000000000004 5.5000000000000009 1.0000000180025095e-35
decision_type=2 2 2 2 2 2 2 2 2 2 2 2 2 2 2 2 2 2 2 2 2 2 2 2 2 2 2 2 2 2
left_child=1 3 -2 7 8 12 -6 10 9 13 11 26 -4 15 -15 17 19 18 -5 -17 -19 -22 27 -24 25 -20 -1 -23 -29 -28
right_child=2 -3 5 4 6 -7 -8 -9 -10 -11 -12 -13 -14 14 -16 16 -18 20 24 -21 21 22 23 -25 -26 -27 29 28 -30 -31
leaf_value=0.0045997953122555871 -0.073012687135659934 -0.050041014047926803 0.044202873125491204 0.0070481819797241028 -0.0071254296992554244 -0.053862586791333503 0.042631466701148327 -0.086830761661760625 -0.055340808977437962 -0.076357323861745263 -0.069237676474268581 -0.050774100271983702 -0.023448294559022247 -0.10997390898128739 0.052771454120199568 -0.07686578102681442 0.034677956588172187 0.036883464423818922 -0.14475525625262606 -0.014479332882198215 0.018974253744717361 0.068860718705159515 -0.15113470057717937 -0.0029996148133095112 0.031875218330880306 0.061280013042615968 -0.00830649315584224 -0.023660357056073736 0.01328790329302649 -0.12028188164072878
leaf_weight=931.58404144609813 6.0611933992186087 53.778946453938261 797.00595348142087 73.952629223931581 22.681917129084468 5.57570881769061 112.34487180225551 5.5424498873762778 10.139589704573153 4.1826739702373734 5.4714109448250374 9.5875817473279294 5.9870746508240691 8.6726125974673796 9.099907882511614 11.068758688867094 9.8392843902111036 23.958699404960498 2.4150014929473391 17.65098062902689 62.801973484456539 4.7075773477554312 5.781830959022046 13.007454305887222 162.51994263380766 2.5892064571380615 118.02304351516068 38.141413040459156 62.349580243229866 1.7152742096222926
leaf_count=3771 3657 52979 2997 182 68 94 338 55 301 245 117 2481 22 82 12 50 12 68 24 71 165 4 28 33 298 1 984 188 91 25
internal_value=0.0164831 0.00475581 0.0421587 0.00645996 0.0143308 0.0430235 0.0342696 0.00162858 0.00918036 0.0104583 0.00208962 0.0024586 0.0436976 0.0111748 -0.0266339 0.0125455 -0.0198538 0.0153095 0.02282 -0.0385592 0.0067009 0.00282508 -0.00535159 -0.0486664 0.0297786 -0.0381421 0.00294501 0.00238391 -0.000731813 -0.00992465
internal_weight=2598.24 1783.61 814.63 1729.83 657.906 808.569 135.027 1071.92 522.879 512.74 1066.38 1060.91 802.993 508.557 17.7725 490.784 38.559 452.225 241.477 28.7197 210.749 186.79 123.988 18.7893 167.524 5.00421 1051.32 105.199 100.491 119.738
internal_count=69443 62673 6770 9694 2261 3113 406 7433 1855 1554 7378 7261 3019 1309 94 1215 133 1082 505 121 577 509 344 61 323 25 4780 283 279 1009
is_linear=0
shrinkage=0.05


Tree=84
num_leaves=31
num_cat=0
split_feature=12 13 27 7 7 7 10 27 29 8 18 33 7 4 30 7 8 5 7 31 7 15 27 31 7 33 3 7 30 7
split_gain=208.295 94.7638 87.8305 92.1197 63.8675 62.5716 47.8072 22.3874 36.3173 19.0412 17.2665 17.6721 16.0387 13.5949 20.4192 17.4344 12.1415 11.4515 11.2184 10.7114 13.2405 10.4698 18.385 10.3646 9.99431 8.92555 8.31548 7.20751 7.0959 9.73311
threshold=1.0000000180025095e-35 1.0000000180025095e-35 1.0000000180025095e-35 0.36939571150097467 0.24126984126984127 0.31789473684210529 1.0000000180025095e-35 1.0000000180025095e-35 1.0000000180025095e-35 1.0000000180025095e-35 1.0000000180025095e-35 1.0000000180025095e-35 0.58571428571428574 1.0000000180025095e-35 1.0000000180025095e-35 0.42481203007518803 1.0000000180025095e-35 1.0000000180025095e-35 0.11805555555555557 1.0000000180025095e-35 0.46862745098039221 1.0000000180025095e-35 1.0000000180025095e-35 1.0000000180025095e-35 0.41421568627450983 1.0000000180025095e-35 1.0000000180025095e-35 0.44097222222222227 1.0000000180025095e-35 0.46862745098039221
decision_type=2 2 2 2 2 2 2 2 2 2 2 2 2 2 2 2 2 2 2 2 2 2 2 2 2 2 2 2 2 2
left_child=1 6 3 4 -3 -6 7 23 10 -7 11 12 17 14 -10 -16 -4 24 -13 21 -21 -2 -23 25 26 -1 -9 -17 -5 -30
right_child=19 2 16 28 5 9 -8 8 13 -11 -12 18 -14 -15 15 27 -18 -19 -20 20 -22 22 -24 -25 -26 -27 -28 -29 29 -31
leaf_value=-0.00080873505532138277 0.044958597289674211 -0.039600406728536985 -0.073637996795581195 -0.0063478277423649476 -0.96860450763079664 -0.056931890626497832 -0.050016489104447032 0.0081470601515895216 0.02970405860238275 -0.46134468679223961 -0.07639839582398196 -0.046486441575685641 -0.090289814423061776 0.042136561007457447 -0.092407884679046481 0.050356763970544963 0.046305033596413775 -0.083070173002159603 0.031067040168336092 0.050818698746912361 -0.12359142755047324 -0.14160054370491373 0.050548493334948742 -0.084595534201337336 -0.0071831507261878166 -0.061240836131085802 -0.067537266738065552 -0.072546411770679262 -0.48040538616041606 -0.048992979081263432
leaf_weight=595.44894321303582 528.06496976688504 1.1628192680655038 2.117902096360921 10.134458680084204 0.52931297139730293 0.4520671964273788 39.2206753998762 714.72644088591915 39.110280450666323 0.83959248848259449 6.2597541006980455 4.8992888322100034 4.4232386015355578 108.00872859498486 7.5133445672690851 4.8042345754802227 227.488899089396 3.6599417342804363 91.66523083881475 2.2106601462583049 2.1209425583365373 2.0683842170983544 3.0908955931663513 3.7600693678250527 132.44817476870958 6.1637275950051835 3.6364984511747016 1.5739618758670983 0.17858229437843043 0.44559654119075276
leaf_count=11136 2629 42 320 2264 20 260 46792 2104 80 15 59 40 211 355 45 5 861 81 172 7 21 15 11 152 582 589 235 35 14 291
internal_value=0.0159819 0.00859004 0.0378422 -0.0848867 -0.330212 -0.514285 0.00456173 0.005801 0.00997993 -0.321713 0.00629958 0.0068427 0.00456177 0.0319579 0.0112019 -0.040837 0.0451933 0.00505441 0.0271227 0.043629 -0.0345529 0.0442656 -0.0265133 -0.00194849 0.00543505 -0.00142972 0.0077623 0.0198833 -0.0165585 -0.178841
internal_weight=2548.23 2010.67 243.349 13.7424 2.98379 1.82097 1767.32 1728.1 1122.73 1.29166 961.719 955.459 858.894 161.011 53.0018 13.8915 229.607 854.471 96.5645 537.556 4.3316 533.224 5.15928 605.373 850.811 601.613 718.363 6.3782 10.7586 0.624179
internal_count=69443 66760 4087 2906 337 295 62673 15881 4004 275 3484 3425 3213 520 165 85 1181 3002 212 2683 28 2655 26 11877 2921 11725 2339 40 2569 305
is_linear=0
shrinkage=0.05


Tree=85
num_leaves=31
num_cat=0
split_feature=14 2 17 29 30 1 19 33 26 18 6 33 28 6 6 17 7 7 4 30 31 9 7 28 4 30 7 4 30 7
split_gain=290.333 59.9085 25.1225 23.5144 30.4352 14.5798 13.6954 12.2234 10.5584 10.2525 10.0254 9.90687 8.47707 16.5925 13.7605 8.31436 7.75019 18.5225 7.654 7.09817 7.42395 6.07385 5.68826 14.3161 25.7797 24.7088 8.46144 31.6378 7.89877 7.33072
threshold=1.0000000180025095e-35 1.0000000180025095e-35 1.0000000180025095e-35 1.0000000180025095e-35 1.0000000180025095e-35 1.0000000180025095e-35 1.0000000180025095e-35 1.0000000180025095e-35 1.0000000180025095e-35 1.0000000180025095e-35 4.5000000000000009 1.0000000180025095e-35 1.0000000180025095e-35 7.5000000000000009 5.5000000000000009 1.0000000180025095e-35 0.39444444444444454 0.31789473684210529 1.0000000180025095e-35 1.0000000180025095e-35 1.0000000180025095e-35 1.0000000180025095e-35 0.42481203007518803 1.0000000180025095e-35 1.0000000180025095e-35 1.0000000180025095e-35 0.44097222222222227 1.0000000180025095e-35 1.0000000180025095e-35 0.64583333333333337
decision_type=2 2 2 2 2 2 2 2 2 2 2 2 2 2 2 2 2 2 2 2 2 2 2 2 2 2 2 2 2 2
left_child=1 3 5 6 -5 19 7 8 9 15 -9 12 14 16 18 21 17 -14 -6 20 -2 22 -1 24 25 -24 27 -25 29 -28
right_child=2 -3 -4 4 11 -7 -8 10 -10 -11 -12 -13 13 -15 -16 -17 -18 -19 -20 -21 -22 -23 23 26 -26 -27 28 -29 -30 -31
leaf_value=0.0044381713816986669 0.04457458854219299 -0.050035278988674971 -0.052638990212116321 0.033915360615628484 -0.066997005281120972 -0.07515773301746409 -0.084330028171444055 -0.023129622616269725 0.054062619652212276 -0.070560038018221263 0.026455957172325385 -0.12745131776278537 -0.0016591506185945873 -0.081622391980226083 0.022461292465380762 -0.050386598991513681 0.024096293459481916 -0.15146829610592938 0.011388762668542567 0.024549480480860295 -0.01519893364871933 -0.052425432591584199 -0.057085749889489501 0.0099313768953204623 0.014218568016382167 0.024094902118702369 0.0090573564177564552 -0.11255969514246872 -0.06911324673028639 0.060501970262914151
leaf_weight=1073.1139771390008 682.82955582113937 49.238955935812555 7.0094801832456133 154.44221535790712 7.5921277049928886 2.6172130256891242 4.4230084975715718 11.523314966587348 9.8271562457084638 4.8308773529715827 87.257514861412346 1.5083863921463478 12.546455533942209 8.0058718472719175 55.745944757945836 7.4263738558511241 15.438616134924812 2.4611322486307463 5.2547132577747107 49.848580287391087 5.2174761956557623 4.9806088340701526 45.360347924986854 21.689673695713285 34.869840070605278 11.798028980381785 127.74954564822838 6.9512594118714324 3.0695702154189339 7.3172337710857382
leaf_count=4374 3030 53007 3301 442 324 12 47 46 9 54 212 10 53 45 201 2261 24 14 20 314 20 247 531 36 64 64 512 32 36 5
internal_value=0.0153508 0.00433928 0.0414884 0.00589177 0.0196559 0.0423807 0.00341562 0.00368277 0.00244789 0.00207117 0.0206647 -0.000628044 0.00116611 -0.0176187 0.0117049 0.00233306 -0.000751139 -0.0263445 -0.0349122 0.0427993 0.0441204 0.00262666 0.0028333 -0.00381916 -0.0196499 -0.0403193 0.00491397 -0.0198091 0.0100447 0.0118523
internal_weight=2521.95 1774.42 747.522 1725.18 262.995 740.513 1462.19 1457.77 1358.98 1349.16 98.7808 108.553 107.045 38.4521 68.5928 1344.33 30.4462 15.0076 12.8468 737.896 688.047 1336.9 1331.92 258.805 92.0282 57.1584 166.777 28.6409 138.136 135.067
internal_count=69347 62670 6677 9663 1133 3376 8530 8483 8225 8216 258 691 681 136 545 8162 91 67 344 3364 3050 5901 5654 1280 659 595 621 68 553 517
is_linear=0
shrinkage=0.05


Tree=86
num_leaves=31
num_cat=0
split_feature=14 2 8 19 15 33 27 18 6 8 6 32 27 28 27 6 4 6 6 6 28 6 6 6 4 6 28 27 6 6
split_gain=278.603 56.5313 21.9068 17.4586 17.2745 24.7881 18.4185 13.4919 12.3892 10.0524 12.6338 19.2965 12.8043 11.0807 16.2985 22.6059 20.929 10.9748 13.4707 9.17253 9.15526 7.83925 7.64065 12.3027 12.5339 9.7616 7.47551 27.8248 20.4145 9.80982
threshold=1.0000000180025095e-35 1.0000000180025095e-35 1.0000000180025095e-35 1.0000000180025095e-35 1.0000000180025095e-35 1.0000000180025095e-35 1.0000000180025095e-35 1.0000000180025095e-35 4.5000000000000009 1.0000000180025095e-35 6.5000000000000009 1.0000000180025095e-35 1.0000000180025095e-35 1.0000000180025095e-35 1.0000000180025095e-35 11.500000000000002 1.0000000180025095e-35 8.5000000000000018 5.5000000000000009 13.500000000000002 1.0000000180025095e-35 6.5000000000000009 7.5000000000000009 8.5000000000000018 1.0000000180025095e-35 4.5000000000000009 1.0000000180025095e-35 1.0000000180025095e-35 4.5000000000000009 3.5000000000000004
decision_type=2 2 2 2 2 2 2 2 2 2 2 2 2 2 2 2 2 2 2 2 2 2 2 2 2 2 2 2 2 2
left_child=1 3 -2 4 5 7 -7 9 -8 13 26 12 -12 14 19 16 17 18 -16 22 -13 -6 25 24 -24 -1 27 -11 -29 -28
right_child=2 -3 -4 -5 21 6 8 -9 -10 10 11 20 -14 -15 15 -17 -18 -19 -20 -21 -22 -23 23 -25 -26 -27 29 28 -30 -31
leaf_value=-0.052570482374414744 -0.061639175761637681 -0.050031525928057277 0.041867565360933411 -0.083834246651917521 -0.028725660640131837 -0.064233110020001663 -0.014934978894558274 -0.078613160076026603 0.038555103238631476 -0.0536589634693901 -0.028412065343490989 -0.052217557688432351 -0.0041738704498997551 0.0023564688298673749 -0.082518047646627735 -0.10429880156267715 0.030224647087728197 -0.12615843232106105 0.024742629515968798 0.044479046937832362 0.046103616108497378 -0.12678859015508745 0.0092375036453915104 -0.0006799736867838589 -0.082078638505713522 0.014694800918823593 0.041518200793934555 -0.021582270526496774 0.015476312968547155 0.0082639394606560026
leaf_weight=5.7920664757839395 5.1365714045969062 46.840968918753788 712.07771124504507 5.4243957742582998 5.8412538026459497 5.1073625234421334 12.124117392580954 4.8402148368768385 99.685674585402012 22.71479490265483 70.367458027787507 2.6316807307302978 241.66433293838054 308.02281292004045 4.4156948261661446 3.3732604878023258 202.10026818420738 2.481902969069778 8.6272567138075811 12.342356398701666 22.594752907752991 3.1425010403618217 5.7523471508175144 51.524327922612429 10.76737886108458 76.206722824368626 23.835948339197785 51.792902981163934 131.43671407364309 319.06806975696236
leaf_count=1121 3582 53007 3095 56 28 50 41 56 238 1833 755 74 678 1903 283 21 530 22 16 25 24 40 22 128 61 181 159 366 191 761
internal_value=0.0148566 0.00415483 0.0411247 0.00563652 0.0059214 0.00628743 0.0285036 0.00464543 0.0327496 0.0049017 0.00137534 -0.00624004 -0.00964225 0.00942028 0.0150941 0.0239311 0.0259257 -0.0299884 -0.0115676 0.00306344 0.0358101 -0.0631863 -0.000342764 -0.0127311 -0.0502648 0.00993152 0.00605581 -0.0014717 0.00499775 0.0105781
internal_weight=2477.73 1760.52 717.214 1713.68 1708.25 1699.27 116.917 1582.35 111.81 1577.51 886.107 337.258 312.032 691.406 383.384 220.998 217.625 15.5249 13.043 162.385 25.2264 8.98375 150.043 68.0441 16.5197 81.9988 548.848 205.944 183.23 342.904
internal_count=69347 62670 6677 9663 9607 9539 329 9210 279 9154 4841 1531 1433 4313 2410 872 851 321 299 1538 98 68 1513 211 83 1302 3310 2390 557 920
is_linear=0
shrinkage=0.05


Tree=87
num_leaves=31
num_cat=0
split_feature=14 2 17 29 30 15 8 19 18 27 5 7 6 28 7 6 6 8 6 6 4 30 6 6 28 6 8 8 28 7
split_gain=266.352 53.383 23.8131 21.831 28.0029 25.417 15.0156 11.9063 10.6124 9.47206 14.4729 15.0077 15.8606 9.42351 15.7596 18.7167 10.3275 15.7332 9.71441 9.6375 9.25205 12.2767 8.75612 8.46843 7.96545 15.4462 8.63916 7.53959 22.9047 11.7777
threshold=1.0000000180025095e-35 1.0000000180025095e-35 1.0000000180025095e-35 1.0000000180025095e-35 1.0000000180025095e-35 1.0000000180025095e-35 1.0000000180025095e-35 1.0000000180025095e-35 1.0000000180025095e-35 1.0000000180025095e-35 1.0000000180025095e-35 0.41421568627450983 8.5000000000000018 1.0000000180025095e-35 0.31789473684210529 8.5000000000000018 4.5000000000000009 1.0000000180025095e-35 5.5000000000000009 8.5000000000000018 1.0000000180025095e-35 1.0000000180025095e-35 11.500000000000002 3.5000000000000004 1.0000000180025095e-35 4.5000000000000009 1.0000000180025095e-35 1.0000000180025095e-35 1.0000000180025095e-35 0.39444444444444454
decision_type=2 2 2 2 2 2 2 2 2 2 2 2 2 2 2 2 2 2 2 2 2 2 2 2 2 2 2 2 2 2
left_child=1 3 6 5 -5 7 -2 8 9 23 11 13 24 20 15 -15 -16 18 -18 -19 21 -11 -22 -1 25 -13 -26 28 -6 -29
right_child=2 -3 -4 4 27 -7 -8 -9 -10 10 -12 12 -14 14 16 -17 17 19 -20 -21 22 -23 -24 -25 26 -27 -28 29 -30 -31
leaf_value=-0.051861728437669521 -0.067551452170399137 -0.050027855901595863 -0.052683245694375797 0.032978913759073573 0.022332142518611965 -0.099508230171712245 0.042137321248558651 -0.080811337578864204 -0.069987814551193114 0.0062599364921357425 -0.089478762217460733 -0.043950672180712476 -0.069482237541353242 -0.0046479602116297116 0.052217717769017014 -0.07054201623606543 -0.0034577083049939354 -0.00096971184739423231 0.031282955348669116 -0.054951343755023176 0.026807044793991999 0.036926270458387443 -0.046438003789257554 -0.00097702247599816485 -0.024078889661340308 0.0021105981725069527 0.02006758308326977 -0.042075982976711133 -0.080767630776176394 0.007368451645958396
leaf_weight=8.3155731684528273 3.1223907690437036 44.559695739066228 6.7458477286127154 147.94549337122589 51.534999646246433 6.0082979118451467 679.16203381028026 4.1689718763809642 4.8584303029347202 290.15921400394291 3.877541407942771 27.341397591750138 9.5367743186652643 101.48456250224262 14.445036534452809 12.05040199914947 27.40115512534976 86.939384087920189 75.46452961768955 9.129815746098755 144.94386370945722 36.776141742477193 4.1848407834768286 459.03226129256655 14.234746834728865 54.343438409268856 49.807508902624249 22.149591343011707 6.0045409557642406 26.34788939030841
leaf_count=2252 371 53007 3301 442 298 56 3005 47 56 733 71 392 110 526 34 107 54 149 109 112 338 44 12 3013 129 114 72 182 61 150
internal_value=0.0143914 0.00398767 0.0407088 0.00540534 0.0189241 0.00302793 0.0416336 0.00345724 0.00370308 0.00395438 0.00679115 0.00718216 -0.00704565 0.00993392 0.00339536 -0.0116518 0.0114042 0.00843563 0.0220245 -0.00611018 0.0144228 0.00971207 0.0247453 -0.00188458 -0.00295172 -0.0133043 0.0102451 -0.000682147 0.0115523 -0.0152073
internal_weight=2432.08 1743.05 689.03 1698.49 253.983 1444.5 682.284 1438.5 1434.33 1429.47 962.12 958.243 155.264 802.979 326.915 113.535 213.38 198.935 102.866 96.0692 476.064 326.935 149.129 467.348 145.727 81.6848 64.0423 106.037 57.5395 48.4975
internal_count=69347 62670 6677 9663 1133 8530 3376 8474 8427 8371 3106 3035 817 2218 1091 633 458 424 163 261 1127 777 350 5265 707 506 201 691 359 332
is_linear=0
shrinkage=0.05


Tree=88
num_leaves=31
num_cat=0
split_feature=12 27 2 29 5 31 18 33 30 4 17 28 8 30 29 8 29 33 17 3 26 31 5 9 32 8 4 28 30 30
split_gain=175.826 63.019 33.7004 27.8103 14.7408 13.7345 12.8392 12.7292 11.9323 15.3961 9.6729 8.59187 37.8739 11.1661 9.35725 9.75095 8.58654 8.44922 8.30682 7.6932 7.04216 6.51478 6.48662 6.41839 5.43912 14.5054 12.5415 5.43866 5.73439 4.78112
threshold=1.0000000180025095e-35 1.0000000180025095e-35 1.0000000180025095e-35 1.0000000180025095e-35 1.0000000180025095e-35 1.0000000180025095e-35 1.0000000180025095e-35 1.0000000180025095e-35 1.0000000180025095e-35 1.0000000180025095e-35 1.0000000180025095e-35 1.0000000180025095e-35 1.0000000180025095e-35 1.0000000180025095e-35 1.0000000180025095e-35 1.0000000180025095e-35 1.0000000180025095e-35 1.0000000180025095e-35 1.0000000180025095e-35 1.0000000180025095e-35 1.0000000180025095e-35 1.0000000180025095e-35 1.0000000180025095e-35 1.0000000180025095e-35 1.0000000180025095e-35 1.0000000180025095e-35 1.0000000180025095e-35 1.0000000180025095e-35 1.0000000180025095e-35 1.0000000180025095e-35
decision_type=2 2 2 2 2 2 2 2 2 2 2 2 2 2 2 2 2 2 2 2 2 2 2 2 2 2 2 2 2 2
left_child=1 2 5 4 6 11 7 18 -5 -10 21 12 17 16 -15 -16 24 22 19 20 23 27 29 -3 25 -13 -26 -2 -29 -1
right_child=10 3 -4 8 -6 -7 -8 -9 9 -11 -12 13 -14 14 15 -17 -18 -19 -20 -21 -22 -23 -24 -25 26 -27 -28 28 -30 -31
leaf_value=-0.00050421149811399402 0.029460876934527716 0.010245112066283845 -0.05002161709434369 0.040662743333066853 -0.087579641231844765 -0.099167104033129422 -0.07016400266832451 0.027569906310539394 -0.030635332257883854 0.033026745495498881 -0.054226671716884937 0.012137386072695546 -0.051242865719288488 -0.076514483013197812 -0.085947239073956155 -0.0021456340646096141 0.028865709049471441 -0.06353747854749453 -0.050836175089981908 -0.065613889201951617 0.053762347586356007 -0.022270903207208866 -0.070001870497565497 -0.056507241414278514 0.015193225915884487 -0.016048822344890287 -0.052470026965973117 0.046912086256823998 0.020149430851995588 0.020178796501398342
leaf_weight=122.03349412983516 62.361986303818412 998.27371963456972 39.902372864671634 123.40562778740423 3.7759569023619397 3.6462784433970219 4.8126725153997532 112.14953883248381 15.077769318944773 25.604712914791889 2.5803798017150248 87.19285250233952 44.11354089982342 6.6029864785959935 3.903328377287834 30.860334023833275 35.308609828352928 4.93037930864375 5.6009489432326509 3.3274271507398216 9.2757070660591108 3.8186451549408948 2.9884455763967699 3.602082989178597 112.75999907916412 95.756873196922243 7.2786206649616352 360.52290715149138 21.285546338185668 36.211367498326581
leaf_count=1183 419 5419 50604 479 83 104 71 323 563 100 396 508 2391 170 46 68 55 50 2612 229 9 17 60 141 381 506 281 1692 103 284
internal_value=0.0139315 0.00739121 -0.00554729 0.0136728 0.0109037 -0.00255598 0.0112319 0.011579 0.0329204 0.00941825 0.0420664 -0.00195633 -0.0100645 0.00253325 -0.0219826 -0.0115914 0.00553306 0.000866995 0.00982013 0.010156 0.0104065 0.0426233 0.00284335 0.0100041 0.00281148 -0.00261277 0.0110822 0.0431829 0.045422 0.00422652
internal_weight=2388.97 1938.4 633.489 1304.91 1140.82 593.587 1137.04 1132.23 164.088 40.6825 450.569 589.941 210.277 379.664 41.3666 34.7637 338.297 166.164 1020.08 1014.48 1011.15 447.989 161.233 1001.88 302.988 182.95 120.039 444.17 381.808 158.245
internal_count=69347 66720 56691 10029 8887 6087 8804 8733 1142 663 2627 5983 3968 2015 284 114 1731 1577 8410 5798 5569 2231 1527 5560 1676 1014 662 2214 1795 1467
is_linear=0
shrinkage=0.05


Tree=89
num_leaves=31
num_cat=0
split_feature=12 13 27 10 7 7 29 30 15 33 30 30 6 27 19 26 33 17 0 1 31 6 18 17 15 27 31 4 27 27
split_gain=168.98 80.9149 57.388 35.7608 23.0186 39.4926 19.2667 25.4382 22.8701 16.57 26.8839 11.8418 11.7666 11.6608 10.5447 9.65607 9.3031 9.12728 9.08019 8.64348 8.507 8.40366 7.82695 7.01259 6.32312 10.9368 6.40585 6.24989 8.94897 6.48781
threshold=1.0000000180025095e-35 1.0000000180025095e-35 1.0000000180025095e-35 1.0000000180025095e-35 0.2834821428571429 0.24126984126984127 1.0000000180025095e-35 1.0000000180025095e-35 1.0000000180025095e-35 1.0000000180025095e-35 1.0000000180025095e-35 1.0000000180025095e-35 4.5000000000000009 1.0000000180025095e-35 1.0000000180025095e-35 1.0000000180025095e-35 1.0000000180025095e-35 1.0000000180025095e-35 1.0000000180025095e-35 1.0000000180025095e-35 1.0000000180025095e-35 4.5000000000000009 1.0000000180025095e-35 1.0000000180025095e-35 1.0000000180025095e-35 1.0000000180025095e-35 1.0000000180025095e-35 1.0000000180025095e-35 1.0000000180025095e-35 1.0000000180025095e-35
decision_type=2 2 2 2 2 2 2 2 2 2 2 2 2 2 2 2 2 2 2 2 2 2 2 2 2 2 2 2 2 2
left_child=1 3 4 6 5 -3 8 -8 9 14 12 20 -11 -14 15 22 18 24 -9 -4 -6 -13 23 -1 26 -26 -2 29 -29 -20
right_child=17 2 19 -5 11 -7 7 16 -10 10 -12 21 13 -15 -16 -17 -18 -19 27 -21 -22 -23 -24 -25 25 -27 -28 28 -30 -31
leaf_value=0.0016730307589223504 0.043555761089326267 -0.0054557447707069932 0.044891401747535614 -0.050000180378383254 -0.014347882537675575 -0.47322616540149753 0.031435042099582165 -0.075278241960157255 -0.095132765832120908 -0.019003941005711216 -0.12682055495597316 -0.054257502742975416 -0.064177833365183137 0.039821086973810982 -0.079601715298291659 0.053557129384024842 -0.13075314536150151 -0.053968302979443321 0.0022151877848133744 -0.069586014009515876 -0.28942427806124688 -0.34613756311307364 -0.067585752582791495 -0.050345617002235103 -0.087939404512529282 0.050420013760654907 -0.020744201436590667 -0.015607658633784627 0.037183258476845601 -0.037060982208716724
leaf_weight=1316.8533234408824 420.10551123716868 0.96879735303809755 191.17788809293415 30.645868284686003 12.04908604046795 0.83857843492296524 139.69926564372145 3.790882733417674 5.9897303851321331 11.210710276907774 2.8610964067047453 0.50838353892322707 2.7885002127732141 71.565015519387089 4.004793796921148 8.8563172221183759 1.3564105936093245 2.4660338180547106 49.997916116146371 1.6513124182820309 0.27812233794247809 0.48627314876648597 4.1121806594310319 6.5004018686013287 2.5122293438762417 3.2806729972362518 3.8934351726202285 11.898071080446242 24.572106290608644 13.297585948836057
leaf_count=10837 2184 37 1173 46781 2444 19 550 670 56 101 51 326 445 161 47 9 29 396 411 10 24 17 70 2261 16 14 17 33 81 77
internal_value=0.0134622 0.00709701 0.0365457 0.00351517 -0.0571843 -0.224175 0.00449234 0.0174626 0.00228055 0.00268995 0.0236528 -0.0343401 0.0287044 0.035906 0.00130643 0.00154987 -0.00113908 0.0417032 0.00056627 0.0439049 -0.0208242 -0.199476 0.00120212 0.00141676 0.0422546 -0.0095448 0.0429637 0.00346047 0.0199474 -0.00603289
internal_weight=2350.22 1917.96 207.958 1710 15.1292 1.80738 1679.35 244.612 1434.74 1428.75 88.4253 13.3219 85.5642 74.3535 1340.33 1336.32 104.913 432.258 103.557 192.829 12.3272 0.994657 1327.47 1323.35 429.792 5.7929 423.999 99.7657 36.4702 63.2955
internal_count=69347 66720 4050 62670 2867 56 15889 1851 14038 13982 758 2811 707 606 13224 13177 1301 2627 1272 1183 2468 343 13168 13098 2231 30 2201 602 114 488
is_linear=0
shrinkage=0.05


Tree=90
num_leaves=31
num_cat=0
split_feature=14 2 4 6 32 19 3 6 28 27 30 0 6 0 6 6 7 7 7 7 27 27 6 31 7 29 28 7 6 28
split_gain=242.402 45.779 21.5161 16.849 15.7086 13.7286 12.9694 12.083 10.8335 24.1699 23.3873 17.5551 18.4484 12.6461 11.0531 10.6393 10.2014 12.7926 9.80766 18.7322 15.0702 14.1203 8.85822 8.08793 8.08366 15.0135 7.96454 7.70147 7.39665 15.5561
threshold=1.0000000180025095e-35 1.0000000180025095e-35 1.0000000180025095e-35 2.5000000000000004 1.0000000180025095e-35 1.0000000180025095e-35 1.0000000180025095e-35 8.5000000000000018 1.0000000180025095e-35 1.0000000180025095e-35 1.0000000180025095e-35 1.0000000180025095e-35 9.5000000000000018 1.0000000180025095e-35 10.500000000000002 2.5000000000000004 0.41421568627450983 0.35504201680672276 0.44722222222222224 0.41421568627450983 1.0000000180025095e-35 1.0000000180025095e-35 7.5000000000000009 1.0000000180025095e-35 0.2834821428571429 1.0000000180025095e-35 1.0000000180025095e-35 0.35504201680672276 4.5000000000000009 1.0000000180025095e-35
decision_type=2 2 2 2 2 2 2 2 2 2 2 2 2 2 2 2 2 2 2 2 2 2 2 2 2 2 2 2 2 2
left_child=1 2 5 26 6 7 8 15 9 13 18 12 -11 27 -13 -1 17 24 19 -10 -21 -20 -19 28 25 -15 -2 -4 29 -17
right_child=3 -3 4 -5 -6 -7 -8 -9 10 11 -12 14 -14 16 -16 23 -18 22 21 20 -22 -23 -24 -25 -26 -27 -28 -29 -30 -31
leaf_value=-0.055657733604140537 -0.056607510917607545 -0.050019193137419551 -0.0042221030620059529 0.041277415501611132 -0.0536847933444526 -0.081337091975217365 -0.074760144239560802 -0.014322931782298404 0.0087521679642330579 -0.1302761486102933 -0.080955944594219342 0.032738912172128196 0.017426267296207137 -0.071969442651981894 -0.022569550805056279 -0.024304064822962317 0.017946926453011828 -0.012918165930199871 0.076096367800570983 -0.014887379482188044 -0.12718177097281352 0.0049255903419752056 -0.088246878001931053 -0.066470188344200917 0.009243367686863348 0.045960279528168259 0.026860006089075107 0.054571199652302928 0.0059130809087799639 0.0052383855585153155
leaf_weight=7.723236779740545 6.4407923162798379 38.964609966031276 9.1633245402481425 604.81543692576815 8.9120437670499069 5.0997042253147802 4.1569971976568914 116.89143819955643 209.80472747096792 3.4982758890837413 7.4990947101032353 228.0861270390451 5.3027534037828445 9.4927442753687483 9.388119697570799 68.337020578968804 22.524197863414884 6.4145338833332088 12.466873228549957 9.0942456573247892 4.4509980157017699 15.827885448932648 10.040158305317162 4.1320951664238228 26.761318282224238 3.7560254633426657 5.1142646883963607 14.129944071173666 714.56333770067431 127.98043224809226
leaf_count=2046 2747 53181 49 3807 301 51 253 1029 517 28 62 615 8 71 22 1487 35 13 21 30 21 107 50 78 65 3 170 10 2186 583
internal_value=0.0132634 0.00354572 0.00479948 0.0401345 0.0121719 0.000418251 0.0131329 0.000820547 0.0137361 0.019493 0.0059906 0.0279779 -0.0413077 -0.000932898 0.0305494 0.00273959 -0.0104853 -0.0218372 0.00858674 0.00507001 -0.0518911 0.0363174 -0.0589375 0.00323364 -0.00655577 -0.0384892 -0.0196303 0.0314292 0.00355112 -0.00504335
internal_weight=2320.83 1704.46 1665.5 616.37 620.77 1044.73 611.858 1039.63 607.701 348.558 259.144 246.275 8.80103 102.282 237.474 922.736 78.989 56.4648 251.645 223.35 13.5452 28.2948 16.4547 915.013 40.0101 13.2488 11.5551 23.2933 910.881 196.317
internal_count=69646 62922 9741 6724 2281 7460 1980 7409 1727 969 758 673 36 296 637 6380 237 202 696 568 51 128 63 4334 139 74 2917 59 4256 2070
is_linear=0
shrinkage=0.05


Tree=91
num_leaves=31
num_cat=0
split_feature=14 2 8 17 8 6 6 1 29 28 19 30 16 28 7 6 30 27 5 3 3 30 17 33 7 33 27 28 7 6
split_gain=231.455 43.2589 26.5108 16.056 15.1566 22.3162 14.216 18.286 12.2548 18.1019 11.102 9.71725 9.52927 8.63134 8.53082 11.886 13.1598 7.9548 7.90861 15.3091 13.6396 7.18128 6.94933 6.87393 5.64185 7.48531 5.30703 34.2717 8.52237 8.08459
threshold=1.0000000180025095e-35 1.0000000180025095e-35 1.0000000180025095e-35 1.0000000180025095e-35 1.0000000180025095e-35 8.5000000000000018 4.5000000000000009 1.0000000180025095e-35 1.0000000180025095e-35 1.0000000180025095e-35 1.0000000180025095e-35 1.0000000180025095e-35 1.0000000180025095e-35 1.0000000180025095e-35 0.18465909090909094 4.5000000000000009 1.0000000180025095e-35 1.0000000180025095e-35 1.0000000180025095e-35 1.0000000180025095e-35 1.0000000180025095e-35 1.0000000180025095e-35 1.0000000180025095e-35 1.0000000180025095e-35 0.41421568627450983 1.0000000180025095e-35 1.0000000180025095e-35 1.0000000180025095e-35 0.58571428571428574 5.5000000000000009
decision_type=2 2 2 2 2 2 2 2 2 2 2 2 2 2 2 2 2 2 2 2 2 2 2 2 2 2 2 2 2 2
left_child=1 4 -2 21 6 10 -1 8 18 17 12 -11 14 24 15 16 -6 -10 19 23 -20 -4 26 -8 25 -7 27 -16 29 -29
right_child=2 -3 3 -5 5 13 7 -9 9 11 -12 -13 -14 -15 22 -17 -18 -19 20 -21 -22 -23 -24 -25 -26 -27 -28 28 -30 -31
leaf_value=-0.014915113266517519 -0.077751956337214212 -0.05001569492003495 0.042903484766151551 -0.053065449497003529 -0.089412319404496704 -0.018526709517022164 0.0099746263662274445 -0.059036368148398022 0.011854383009256156 0.01065175353183726 -0.080284932516764204 -0.085666169985621932 -0.10098508283755175 -0.052014973224380624 -0.053712447207867976 0.036396096335075297 0.05868279887606092 0.043033970702334001 -0.07688724660732521 -0.078726608275697066 0.034169136299926184 0.020937974060419525 -0.050966075384876144 0.03216852373559248 -0.079200512721781177 0.036841395756493561 0.0055608819051041463 -0.0095133259827059856 0.041682021913902079 0.0091481130090038804
leaf_weight=52.922435088083148 4.7529128499445497 37.066812485398259 543.0085572199896 4.5208399910479775 4.2152257626876226 43.166970300488174 494.48820295976475 8.9268671446479839 28.367249412462115 5.5628415085375291 4.0033976095728567 4.9210263192653656 2.1844142833724609 22.037986828945577 29.730031885323115 36.049767903983593 2.3131983883213252 73.890584236010909 6.725239144638179 4.7274979029316446 4.6748628504574299 40.077160743065178 6.0924726949306196 37.556722426787019 3.1906689296010873 7.0950872451066962 522.54413232300431 104.38879978936166 13.511714365333317 130.66881715320051
leaf_count=2462 3624 53181 2798 94 123 290 1266 193 54 12 41 22 15 362 791 58 6 296 63 97 20 208 1589 119 142 7 953 423 20 317
internal_value=0.0128179 0.00339568 0.0397142 0.0406665 0.00459328 0.000375863 0.0100261 0.0119976 0.0129587 0.0279736 0.00267554 -0.0345499 0.00306702 -0.0256817 0.00333635 0.0251473 -0.0368522 0.0343914 0.00986926 0.0107454 -0.0313123 0.041395 0.00218457 0.0115428 -0.0148077 -0.0106951 0.00259017 -0.00298593 0.0030811 0.000858412
internal_weight=2283.38 1691.02 592.359 587.607 1653.96 931.193 722.764 669.841 660.914 112.742 855.702 10.4839 851.699 75.4907 849.514 42.5782 6.52842 102.258 548.173 536.772 11.4001 583.086 806.936 532.045 53.4527 50.2621 800.843 278.299 248.569 235.058
internal_count=69646 62922 6724 3100 9741 5137 4604 2142 1949 384 4336 34 4295 801 4280 187 129 350 1565 1482 83 3006 4093 1385 439 297 2504 1551 760 740
is_linear=0
shrinkage=0.05


Tree=92
num_leaves=31
num_cat=0
split_feature=14 2 8 4 17 28 30 19 7 7 7 7 7 16 17 31 3 30 26 9 15 33 33 7 7 7 7 7 7 30
split_gain=221.069 40.8927 25.0435 18.05 15.1369 12.282 19.0898 12.0315 11.1791 11.2282 10.5763 15.456 11.4471 8.5765 8.15461 7.65205 7.46466 7.20213 7.09057 6.52326 6.61741 11.5868 5.74356 7.60914 10.0409 5.58748 4.87513 4.48517 4.15618 8.63307
threshold=1.0000000180025095e-35 1.0000000180025095e-35 1.0000000180025095e-35 1.0000000180025095e-35 1.0000000180025095e-35 1.0000000180025095e-35 1.0000000180025095e-35 1.0000000180025095e-35 0.3585714285714286 0.39444444444444454 0.44722222222222224 0.41421568627450983 0.46862745098039221 1.0000000180025095e-35 1.0000000180025095e-35 1.0000000180025095e-35 1.0000000180025095e-35 1.0000000180025095e-35 1.0000000180025095e-35 1.0000000180025095e-35 1.0000000180025095e-35 1.0000000180025095e-35 1.0000000180025095e-35 0.11805555555555557 0.39444444444444454 0.10263157894736843 0.162280701754386 0.29705882352941182 0.11805555555555557 1.0000000180025095e-35
decision_type=2 2 2 2 2 2 2 2 2 2 2 2 2 2 2 2 2 2 2 2 2 2 2 2 2 2 2 2 2 2
left_child=1 3 -2 7 17 8 10 13 25 -10 11 16 -12 14 15 18 -7 -4 19 20 22 -22 26 -24 -25 -5 28 -15 29 -1
right_child=2 -3 4 5 -6 6 -8 -9 9 -11 12 -13 -14 27 -16 -17 -18 -19 -20 -21 21 -23 23 24 -26 -27 -28 -29 -30 -31
leaf_value=-0.061656062226100511 -0.077661345530842973 -0.050012233952272236 0.042546214228126336 -0.02813076976051276 -0.052887966784162403 0.0062169045209254387 -0.074413970200097865 -0.078343842749722656 -0.024906421535072956 0.013272109102423157 0.10461234801147053 -0.049240294488999886 0.019936760872231271 -0.003470536092888585 -0.050788369551305071 -0.064932681240735438 -0.084740280373758137 0.020308908756165294 0.047372023241918686 -0.05326074988549645 0.00095149280145799715 -0.10377735213551319 -0.043686815324035927 0.041584900574203526 -0.010555157149410431 0.024748822871000036 0.00057527676091847363 -0.14151804506692089 0.038253196738172249 0.045498254124011914
leaf_weight=3.6694092048564935 4.5262626069597891 35.261421890580095 520.75481595378369 5.0896215362008652 4.3144557122141114 214.82818866497837 7.6787283187732092 4.8200625558383754 25.494682284072042 78.575224855914712 4.8093209862709072 13.827272988855837 23.441872924566269 0.94005708396434728 7.5399150202865703 4.3233051551505914 2.2689928649924687 39.273703333921731 8.3997290898114425 5.4446383618051177 7.4488274902105314 4.073721170425415 4.3814536537975064 29.679783582687378 13.376818072050808 230.1088317707181 919.15760566829704 1.5996840610168872 15.819204904139042 3.830563772469759
leaf_count=659 3624 53181 2798 145 94 791 78 51 85 166 8 53 120 3 2535 67 141 208 10 270 54 19 40 44 29 694 3501 20 26 132
internal_value=0.0123964 0.0032542 0.039328 0.00439964 0.0402685 0.0112512 0.00322344 0.000384737 0.0175637 0.00391297 0.00552835 0.00199258 0.0344011 0.000754517 0.000982343 0.00136617 0.0052601 0.040988 0.00164961 0.00126722 0.00156471 -0.0360892 0.00200386 0.0189786 0.0253757 0.0236013 0.00114874 -0.0908314 0.0237213 -0.00687339
internal_weight=2244.76 1675.89 568.869 1640.63 564.343 606.123 266.854 1034.5 339.268 104.07 259.176 230.924 28.2512 1029.68 1027.14 1019.61 217.097 560.029 1015.28 1006.88 1001.44 11.5225 989.915 47.4381 43.0566 235.198 942.477 2.53974 23.3192 7.49997
internal_count=69646 62922 6724 9741 3100 2281 1191 7460 1090 251 1113 985 128 7409 7386 4851 932 3006 4784 4774 4504 73 4431 113 73 839 4318 23 817 791
is_linear=0
shrinkage=0.05


Tree=93
num_leaves=31
num_cat=0
split_feature=14 10 17 4 27 28 0 7 6 7 6 1 30 6 6 7 6 31 30 30 6 16 32 7 7 7 7 7 6 6
split_gain=211.245 28.8736 18.2895 14.4811 14.5458 24.0759 18.4387 15.5984 14.7855 11.4008 10.6934 10.6588 10.2525 9.69456 9.19869 12.026 9.08788 8.0984 8.08022 8.03791 8.92643 7.5723 7.31134 6.75975 6.55687 6.52602 20.5125 10.1485 22.5668 8.14311
threshold=1.0000000180025095e-35 1.0000000180025095e-35 1.0000000180025095e-35 1.0000000180025095e-35 1.0000000180025095e-35 1.0000000180025095e-35 1.0000000180025095e-35 0.44722222222222224 9.5000000000000018 0.3585714285714286 10.500000000000002 1.0000000180025095e-35 1.0000000180025095e-35 8.5000000000000018 13.500000000000002 0.35504201680672276 2.5000000000000004 1.0000000180025095e-35 1.0000000180025095e-35 1.0000000180025095e-35 5.5000000000000009 1.0000000180025095e-35 1.0000000180025095e-35 0.46862745098039221 0.18465909090909094 0.41421568627450983 0.46862745098039221 0.31789473684210529 8.5000000000000018 9.5000000000000018
decision_type=2 2 2 2 2 2 2 2 2 2 2 2 2 2 2 2 2 2 2 2 2 2 2 2 2 2 2 2 2 2
left_child=1 3 11 13 7 6 8 14 -6 -10 23 18 -9 16 22 -16 -1 21 -2 25 -21 -18 24 -8 -5 27 -27 28 -7 -29
right_child=2 -3 -4 4 5 19 10 12 9 -11 -12 -13 -14 -15 15 -17 17 -19 -20 20 -22 -23 -24 -25 -26 26 -28 29 -30 -31
leaf_value=-0.055138524473507013 0.042008656063657994 -0.049987196459748182 -0.05205968371619582 -0.0727606143563264 -0.10921996582153673 0.004799032573701038 0.033185997911359143 0.048126102262555426 -0.11276667135240695 0.057296440134357342 -0.02354713346913323 -0.068861872371304603 -0.11047514932954539 -0.013331855534463114 -0.092368813322148413 0.055305772543810416 0.0030394609673655999 -0.063796569306172765 0.018275333440628618 -0.0078936242338391409 -0.16393353246944312 -0.087795957188829543 -0.05360426458446943 -0.01006437204977044 -0.0048194720085062608 -0.11048444741156185 0.0055279622255088494 0.0083903420849268957 -0.074947393288436859 0.042478914334913062
leaf_weight=6.8866149715031488 500.07400826411322 25.205514368077274 5.4545035326154894 3.6261277706944375 4.3902337924810109 52.560646717029158 203.60522819496691 19.750484370160851 1.3011218624887986 3.950948802055791 9.2673583980649692 2.2333216667175284 1.0632972041494202 115.49842385441298 1.5728401684318658 10.612922692787832 903.3906722618849 4.5763771507772608 38.740032477144268 2.3177459399448703 1.5150731470203025 2.2898480303119859 8.6394296479411405 9.4310969933867437 154.71441759163281 5.0708368956111398 15.204619608935898 65.568038267549127 10.660452377516775 23.928443404380232
leaf_count=2055 3059 46984 3348 462 216 236 590 312 28 16 22 12 78 1342 64 72 4885 85 305 16 20 18 301 25 4732 29 110 125 71 28
internal_value=0.0119555 0.00310915 0.0389316 0.00392511 0.0100418 0.0154477 0.0260425 -0.00100594 -0.0415959 0.0149366 0.0289802 0.0398508 0.0399506 0.000318721 -0.00576863 0.036144 0.00203845 0.00247217 0.0403036 0.00154683 -0.0699708 0.00280828 -0.00883229 0.0312686 -0.00638303 0.00313821 -0.0235019 0.00667965 -0.00864977 0.0175138
internal_weight=2213.1 1666.6 546.502 1641.39 608.751 408.772 231.946 199.98 9.6423 5.25207 222.304 541.047 20.8138 1032.64 179.166 12.1858 917.144 910.257 538.814 176.826 3.83282 905.681 166.98 213.036 158.341 172.993 20.2755 152.718 63.2211 89.4965
internal_count=69646 62922 6724 15938 7553 1532 897 6021 260 44 637 3376 390 8385 5631 136 7043 4988 3364 635 36 4903 5495 615 5194 599 139 460 307 153
is_linear=0
shrinkage=0.05


Tree=94
num_leaves=31
num_cat=0
split_feature=14 10 6 4 27 28 0 7 6 30 29 28 19 7 29 6 6 6 28 6 7 29 7 30 6 32 16 31 6 7
split_gain=201.448 27.3073 14.3374 13.3366 13.4941 22.6837 17.1164 14.1639 13.6134 11.1967 11.3267 25.1349 11.1501 10.5437 10.0377 9.98752 8.96223 8.69657 8.46367 8.42332 11.0923 7.43896 7.53851 7.2848 8.19654 7.03584 6.65565 6.66717 6.57191 12.7757
threshold=1.0000000180025095e-35 1.0000000180025095e-35 3.5000000000000004 1.0000000180025095e-35 1.0000000180025095e-35 1.0000000180025095e-35 1.0000000180025095e-35 0.44722222222222224 9.5000000000000018 1.0000000180025095e-35 1.0000000180025095e-35 1.0000000180025095e-35 1.0000000180025095e-35 0.3585714285714286 1.0000000180025095e-35 10.500000000000002 8.5000000000000018 2.5000000000000004 1.0000000180025095e-35 13.500000000000002 0.35504201680672276 1.0000000180025095e-35 0.46862745098039221 1.0000000180025095e-35 5.5000000000000009 1.0000000180025095e-35 1.0000000180025095e-35 1.0000000180025095e-35 4.5000000000000009 0.46862745098039221
decision_type=2 2 2 2 2 2 2 2 2 2 2 2 2 2 2 2 2 2 2 2 2 2 2 2 2 2 2 2 2 2
left_child=1 3 9 12 7 6 8 19 -6 18 -11 -12 16 -10 -9 21 17 -1 -2 25 -21 22 -8 -7 -25 -5 27 28 29 -19
right_child=2 -3 -4 4 5 23 15 14 13 10 11 -13 -14 -15 -16 -17 -18 26 -20 20 -22 -23 -24 24 -26 -27 -28 -29 -30 -31
leaf_value=-0.054945205180632464 -0.024203998674629523 -0.049983856130939829 0.040385599503719269 -0.0060686469877413883 -0.10602019743394092 0.003001878467448997 0.026757605227863981 0.045345664668277302 -0.10818194515359698 -0.020094822242045965 -0.24277314794077937 -1.8400752590840552 -0.07695667337752557 0.056768680314989689 -0.13112548477619645 -0.02202289408414896 -0.01251427534673611 0.0073939600923541311 0.034886815258886886 -0.089891264349189523 0.053538660526799488 0.044128397673660918 -0.024261691797121187 -0.0074836621589106913 -0.15740592917573093 -0.053433109805243455 -0.080999035170713662 -0.063864951407243478 0.0054747997696352607 -0.01822355457541705
leaf_weight=6.5732544774655244 10.676869579045164 23.977790959994309 499.62763235725288 158.26827947603306 4.2992513846838829 171.90219890960725 131.13852366060019 19.857426333881453 1.2891652874532153 0.6870752915565379 0.43862240907037631 0.016705206595361233 4.6388459198642513 3.7924048668937758 0.82903657911810924 9.4102078191935998 114.76024901296478 101.38722253788728 13.973149129364174 1.5365821946179483 10.420338130672461 68.204599381424487 7.6455307751893988 2.3228915269719432 1.4998130990425123 8.2437710184603912 2.356933213537558 3.7077850427012882 704.05507675564149 93.55382546398323
leaf_count=2055 2934 46984 3105 5194 216 599 296 332 28 182 278 7 51 16 58 22 1335 1689 218 64 72 299 20 16 20 301 18 79 2629 529
internal_value=0.011535 0.00297444 0.038509 0.00375327 0.0096756 0.0149537 0.0254381 -0.000962893 -0.0406308 0.00213553 -0.150174 -0.340734 0.000302487 0.0146932 0.0381893 0.0283063 0.000652897 0.0023111 0.0092726 -0.00550573 0.035005 0.0305977 0.0239418 0.0014792 -0.0666924 -0.00841966 0.0027281 0.00294816 0.00322498 -0.00489784
internal_weight=2181.09 1655.67 525.42 1631.69 600.66 401.505 225.78 199.155 9.38082 25.7924 1.1424 0.455328 1031.03 5.08157 20.6865 216.399 1026.39 911.634 24.65 178.469 11.9569 206.989 138.784 175.725 3.8227 166.512 905.061 902.704 898.996 194.941
internal_count=69646 62922 6724 15938 7553 1532 897 6021 260 3619 467 285 8385 44 390 637 8334 6999 3152 5631 136 615 316 635 36 5495 4944 4926 4847 2218
is_linear=0
shrinkage=0.05


Tree=95
num_leaves=31
num_cat=0
split_feature=14 2 29 4 17 18 1 27 13 28 26 28 6 6 19 9 4 30 28 6 3 0 30 6 33 3 0 5 30 29
split_gain=176.581 36.2984 18.7743 19.5745 16.3086 12.0955 10.9054 8.58463 17.6807 13.3991 7.62609 7.51948 14.2043 12.1828 7.3379 6.32385 5.76014 10.3375 23.9325 9.03971 14.9714 9.96065 8.93925 27.9109 9.10942 8.36682 8.72225 5.68353 5.64373 5.20683
threshold=1.0000000180025095e-35 1.0000000180025095e-35 1.0000000180025095e-35 1.0000000180025095e-35 1.0000000180025095e-35 1.0000000180025095e-35 1.0000000180025095e-35 1.0000000180025095e-35 1.0000000180025095e-35 1.0000000180025095e-35 1.0000000180025095e-35 1.0000000180025095e-35 7.5000000000000009 4.5000000000000009 1.0000000180025095e-35 1.0000000180025095e-35 1.0000000180025095e-35 1.0000000180025095e-35 1.0000000180025095e-35 9.5000000000000018 1.0000000180025095e-35 1.0000000180025095e-35 1.0000000180025095e-35 11.500000000000002 1.0000000180025095e-35 1.0000000180025095e-35 1.0000000180025095e-35 1.0000000180025095e-35 1.0000000180025095e-35 1.0000000180025095e-35
decision_type=2 2 2 2 2 2 2 2 2 2 2 2 2 2 2 2 2 2 2 2 2 2 2 2 2 2 2 2 2 2
left_child=1 2 5 11 6 10 7 8 -2 29 14 13 -13 -4 15 16 17 19 -19 21 -21 -1 24 -24 25 26 -18 -23 -14 -10
right_child=4 -3 3 -5 -6 -7 -8 -9 9 -11 -12 12 28 -15 -16 -17 22 18 -20 20 -22 27 23 -25 -26 -27 -28 -29 -30 -31
leaf_value=-0.044649653801378038 0.037593406570930556 -0.050004937403306943 -0.089577029084977167 0.033391700667385012 -0.05190052027699147 -0.071948204275857242 -0.068582372983133799 0.043677985794433029 -0.088879871741221139 0.012170664266644258 0.053277212309936886 0.024259210072838943 -0.0087280635472915501 -0.0032872687649588383 -0.076014665009835197 -0.051964782363808151 0.026683103809346072 0.032479986790467243 -0.065138412982360727 -0.036289658668630279 0.048392003559117922 0.0010869903748550328 -0.10570139202200879 0.042679654951963034 0.035372615620593253 -0.076561382784980592 0.0045012369227442435 -0.075802019889094366 -0.073203117449489194 0.045579152543353763
leaf_weight=12.214935172349213 151.6696564196609 31.024640990741318 4.5346749977907157 107.3458689651452 5.0666307610081267 5.4442601533373809 2.3703808337450019 315.87034281626984 5.1127563990303306 29.661394610535353 7.3906864523887625 63.190318281762302 11.186863180249931 41.091823515016586 2.9680373474257058 5.2875506567652328 50.229887006804347 51.650794436223805 7.1350387192796907 35.424430180573836 6.1075597740709773 760.05940810593893 6.5649768232833576 6.1046385169029236 29.226693323580548 2.9978704508393994 377.03290504496545 2.400903088040649 4.8785006217658511 0.82617538333579421
leaf_count=723 1018 53150 310 426 3386 66 13 1963 195 183 8 133 23 235 41 983 152 235 151 493 29 3951 99 11 85 223 1288 22 31 44
internal_value=0.0115825 0.00355124 0.00459003 0.0177348 0.0372441 0.00235853 0.0381396 0.0386447 0.0301505 -0.00154666 0.00265627 0.00427087 0.0135823 -0.011892 0.00237949 0.00255246 0.00276719 0.000364868 0.0206141 -0.00109317 -0.023816 0.000124693 0.00721798 -0.0341898 0.00836154 0.0065248 0.00711072 0.000843229 -0.0283714 -0.0700458
internal_weight=2142.07 1631.49 1600.47 232.228 510.577 1368.24 505.511 503.14 187.27 35.6003 1362.8 124.882 79.2557 45.6265 1355.41 1352.44 1347.15 874.993 58.7858 816.207 41.532 774.675 472.157 12.6696 459.487 430.261 427.263 762.46 16.0654 5.93893
internal_count=69670 62868 9718 1158 6802 8560 3416 3403 1440 422 8494 732 187 545 8486 8445 7462 5604 386 5218 522 4696 1858 110 1748 1663 1440 3973 54 239
is_linear=0
shrinkage=0.05


Tree=96
num_leaves=31
num_cat=0
split_feature=14 2 8 4 32 6 6 27 13 28 19 6 7 28 27 7 7 6 7 7 28 0 28 27 5 8 28 0 26 5
split_gain=168.229 34.2996 22.211 16.8984 14.7281 9.28945 9.12329 8.90321 21.6523 13.0488 8.31061 7.22037 8.57317 9.95222 12.2642 8.1443 7.07359 8.58821 20.4713 9.42635 8.25498 7.6616 6.37088 10.5218 5.92989 9.8482 9.0396 7.65788 5.45117 5.28369
threshold=1.0000000180025095e-35 1.0000000180025095e-35 1.0000000180025095e-35 1.0000000180025095e-35 1.0000000180025095e-35 5.5000000000000009 9.5000000000000018 1.0000000180025095e-35 1.0000000180025095e-35 1.0000000180025095e-35 1.0000000180025095e-35 2.5000000000000004 0.21525096525096529 1.0000000180025095e-35 1.0000000180025095e-35 0.58571428571428574 0.46862745098039221 7.5000000000000009 0.37797619047619052 0.2752525252525253 1.0000000180025095e-35 1.0000000180025095e-35 1.0000000180025095e-35 1.0000000180025095e-35 1.0000000180025095e-35 1.0000000180025095e-35 1.0000000180025095e-35 1.0000000180025095e-35 1.0000000180025095e-35 1.0000000180025095e-35
decision_type=2 2 2 2 2 2 2 2 2 2 2 2 2 2 2 2 2 2 2 2 2 2 2 2 2 2 2 2 2 2
left_child=1 3 -2 6 5 -5 10 8 -4 -10 11 -1 13 14 -13 28 17 22 19 -19 -18 -20 23 -7 25 -8 -27 -26 29 -14
right_child=2 -3 7 4 -6 16 24 -9 9 -11 -12 12 15 -15 -16 -17 20 18 21 -21 -22 -23 -24 -25 27 26 -28 -29 -30 -31
leaf_value=-0.054763090211904758 -0.077369858870788621 -0.050001475530397188 0.037833245743305211 -0.00044503160454281319 -0.054544487963655165 -0.00072804852846899786 -0.0749009040152539 0.043040844210717341 -0.060276534196828629 0.010857644317585161 -0.073082046156963371 -0.05825203706646212 -0.00030485774168626027 0.033583393070387435 0.012076508027469374 0.02733431095184263 -0.061536870485217582 0.01480504423270106 0.060324483759916038 -0.0082024670756484959 0.0080472245081559743 0.023338882909000224 0.013862908630053107 0.040088182686691773 0.051329601890014814 -0.0018102574912226511 -0.060983539093132824 -0.054467444324441575 0.045489778893426182 -0.074208339908958407
leaf_weight=5.5765334807510945 4.2123021175211752 29.513543915119953 145.81574594974518 115.61688061861787 8.3753918088041228 19.191440081223845 8.582174194743855 303.63307724799961 8.2223794246092421 29.697165492922068 3.6983497490873551 7.4620707219582973 826.58750091382535 44.904121200263035 36.370929857250303 27.812645134923514 6.2042549215257177 79.369409365579486 19.723777055740356 101.34379729442298 13.533760517835617 48.596175204962492 75.787685226649046 88.425234601832926 5.6998560084030014 28.204366319580004 8.3669554865919036 2.4290253389626741 6.4775011651217929 2.4157027574256054
leaf_count=2034 3674 53150 929 756 316 47 117 1915 98 186 50 210 3989 200 110 137 24 256 9 302 25 119 125 315 9 278 221 41 8 20
internal_value=0.0111702 0.00339671 0.0367903 0.00438804 0.0112265 0.0121985 0.000504022 0.0377796 0.0290804 -0.00456556 0.00162084 0.00191063 0.00224369 0.0170424 8.19116e-05 0.000721792 0.0154324 0.016769 0.0107179 0.00189995 -0.0138199 0.0340311 0.0249817 0.0328053 -0.0196324 -0.0267139 -0.0153748 0.0196264 -0.00016384 -0.000521707
internal_weight=2111.85 1620.27 491.581 1590.76 576.168 567.792 1014.59 487.368 183.735 37.9195 961.305 957.607 952.03 88.7371 43.833 863.293 452.176 432.438 249.033 180.713 19.738 68.32 183.404 107.617 53.2824 45.1535 36.5713 8.12888 835.481 829.003
internal_count=69670 62868 6802 9718 2294 1978 7424 3128 1213 284 6758 6708 4674 520 320 4154 1222 1173 686 558 49 128 487 362 666 616 499 50 4017 4009
is_linear=0
shrinkage=0.05


Tree=97
num_leaves=31
num_cat=0
split_feature=12 13 27 2 32 29 4 8 28 6 15 6 6 7 26 6 7 19 8 6 7 15 7 5 6 33 28 28 27 7
split_gain=114.06 47.4672 58.495 32.4191 26.9541 16.9749 17.6365 13.0149 9.93691 17.554 12.1581 10.5284 7.26738 12.2972 7.06567 6.77244 6.78961 6.33441 6.12769 6.1251 5.84941 20.8013 8.01053 7.40637 6.81606 6.97656 6.69185 5.7126 25.5117 24.3882
threshold=1.0000000180025095e-35 1.0000000180025095e-35 1.0000000180025095e-35 1.0000000180025095e-35 1.0000000180025095e-35 1.0000000180025095e-35 1.0000000180025095e-35 1.0000000180025095e-35 1.0000000180025095e-35 4.5000000000000009 1.0000000180025095e-35 7.5000000000000009 6.5000000000000009 0.39444444444444454 1.0000000180025095e-35 3.5000000000000004 0.42481203007518803 1.0000000180025095e-35 1.0000000180025095e-35 4.5000000000000009 0.3585714285714286 1.0000000180025095e-35 0.64583333333333337 1.0000000180025095e-35 23.500000000000004 1.0000000180025095e-35 1.0000000180025095e-35 1.0000000180025095e-35 1.0000000180025095e-35 0.2834821428571429
decision_type=2 2 2 2 2 2 2 2 2 2 2 2 2 2 2 2 2 2 2 2 2 2 2 2 2 2 2 2 2 2
left_child=1 3 4 5 12 14 15 -2 9 -9 -10 -12 13 19 17 -7 -17 20 -4 -3 27 22 23 24 25 -22 -24 28 29 -1
right_child=7 2 18 -5 -6 6 -8 8 10 -11 11 -13 -14 -15 -16 16 -18 -19 -20 -21 21 -23 26 -25 -26 -27 -28 -29 -30 -31
leaf_value=-0.061822278744202569 -0.12121582823968431 -0.26555705426124682 -0.060561480031577776 -0.049998020644865901 -0.28299660244461394 -0.064178800152562041 0.032131803509686668 -0.045569645061942499 0.043664740019239583 0.032597116705678622 -0.12615723485440175 0.049896579934326349 0.019921289436036375 -0.028552512686018224 0.052948011070414004 -0.0020199785441137332 0.023587469173776809 -0.073406652087734017 0.042539984720488748 -0.10208858447832983 -0.0037367731937692919 -0.16186791024770175 -0.062466969688493995 -0.085446437786069557 0.059302807125482505 0.02278722689419295 0.052519443982069897 -4.1214837024329753e-05 0.014351837284046341 -0.00055186435805783035
leaf_weight=21.650951202784199 1.2636994543172466 0.90866442112018786 1.4438188725252974 28.076044258545153 1.3367853220552213 3.5179246787447473 103.09011532738805 8.9353112010285241 269.82520955149084 36.375423110090196 1.969427848234772 1.4747860878705976 3.03013881383231 5.5070772407016193 6.7829111218452445 81.508598539512604 37.900421094149351 2.7820160683477289 139.83123671263456 1.6297688456834292 500.60386118822498 2.017228730255737 1.4235829596291267 2.656204428523778 4.5002691745758048 26.069510166533291 10.639792462694459 352.91929552674992 358.92322858585976 64.979425312718377
leaf_count=937 531 283 315 53150 13 296 426 85 1803 240 16 8 9 2573 8 317 119 41 882 44 2864 24 769 29 2 58 31 1970 983 844
internal_value=0.0107656 0.00578341 0.032332 0.0032487 -0.0716814 0.00419433 0.0168804 0.0382368 0.0388746 0.0171649 0.0424717 -0.0507014 -0.0458992 -0.0707449 0.00207927 0.00408443 0.00610493 0.00182277 0.0414785 -0.161613 0.00197913 -0.00199869 -0.00140405 -0.00231576 -0.00189752 -0.00242252 0.0388681 0.00470932 0.00847322 -0.0158759
internal_weight=2083.57 1763.73 153.687 1610.04 12.4124 1581.97 226.017 319.844 318.58 45.3107 273.269 3.44421 11.0756 8.04551 1355.95 122.927 119.409 1349.17 141.275 2.53843 1346.38 547.91 545.893 533.83 531.174 526.673 12.0634 798.473 445.554 86.6304
internal_count=69670 66987 4119 62868 2922 9718 1158 2683 2152 325 1827 24 2909 2900 8560 732 436 8552 1197 327 8511 3777 3753 2953 2924 2922 800 4734 2764 1781
is_linear=0
shrinkage=0.05


Tree=98
num_leaves=31
num_cat=0
split_feature=14 2 8 29 4 18 17 27 15 31 26 6 7 19 17 7 7 0 4 6 8 6 7 6 27 6 7 7 6 6
split_gain=152.39 30.6465 19.5953 15.593 16.5765 11.355 11.2645 8.03242 14.4831 10.931 6.64663 6.38052 6.19668 5.96092 5.8343 6.00503 7.35368 10.3071 20.0509 5.57725 13.9463 7.12681 5.43309 7.92216 5.18999 15.4742 7.88891 5.15033 12.4427 4.5981
threshold=1.0000000180025095e-35 1.0000000180025095e-35 1.0000000180025095e-35 1.0000000180025095e-35 1.0000000180025095e-35 1.0000000180025095e-35 1.0000000180025095e-35 1.0000000180025095e-35 1.0000000180025095e-35 1.0000000180025095e-35 1.0000000180025095e-35 3.5000000000000004 0.42481203007518803 1.0000000180025095e-35 1.0000000180025095e-35 0.64583333333333337 0.3585714285714286 1.0000000180025095e-35 1.0000000180025095e-35 7.5000000000000009 1.0000000180025095e-35 9.5000000000000018 0.35147058823529415 13.500000000000002 1.0000000180025095e-35 9.5000000000000018 0.36939571150097467 0.44722222222222224 5.5000000000000009 7.5000000000000009
decision_type=2 2 2 2 2 2 2 2 2 2 2 2 2 2 2 2 2 2 2 2 2 2 2 2 2 2 2 2 2 2
left_child=1 3 -2 5 11 10 7 8 9 -4 13 -5 19 14 15 16 22 18 -18 -13 -21 -22 23 -1 25 26 -6 -14 -29 -30
right_child=2 -3 6 4 24 -7 -8 -9 -10 -11 -12 12 27 -15 -16 -17 17 -19 -20 20 21 -23 -24 -25 -26 -27 -28 28 29 -31
leaf_value=0.005040919278849941 -0.076703534594405307 -0.04999455806718342 0.032432032808014523 -0.063975660821934843 0.00086631513500097903 -0.071340279589335046 -0.052306881185460945 0.042742872218445631 -0.091412523514501895 -0.063777600479618446 0.052782763614403684 0.0053678508023449634 0.043585140947180051 -0.072185075386347122 -0.050246299427338395 0.038414978854017769 -0.071181448753057194 -0.0043480894879201577 0.037820684957076467 0.02572024370096811 -0.092351356998805478 -0.011530120866542164 0.0467930788150418 -0.076241848155110439 0.038261339858426446 0.055673426359468453 -0.080422616977272626 0.033492221225040017 -0.091236073405774401 -0.010207174248910477
leaf_weight=776.19924588041613 3.8219151636985762 26.708563488151412 164.70505678933114 3.3567429655231527 11.655179870314898 5.2491431813687077 3.5050693228840819 278.78273221757263 2.4521076828241339 2.993827372789382 6.4718250036239615 62.230587912956253 16.453203091397882 2.6901458227075628 5.2758522145450106 11.455875147017649 4.8591010054806238 496.41404261032585 31.502782778814435 7.8948560170829305 6.9430666733533144 4.5187816442921758 7.7450858168303958 2.9986246256157747 73.079165789298713 11.921301197260616 3.9965249300003043 14.036516932770612 3.2660098262131205 3.8004966992884874
leaf_count=3628 3674 53150 1109 296 43 66 95 1893 17 14 8 220 30 41 2289 58 39 2355 34 14 61 22 12 30 351 17 15 30 31 28
internal_value=0.0103708 0.00310464 0.0358614 0.00400628 0.0162506 0.00198313 0.0368151 0.0375132 0.0289397 0.0307078 0.00227006 0.0038927 0.00581423 0.00202518 0.00217547 0.00238398 0.00207055 -0.00246488 0.0232252 -0.00191709 -0.0253542 -0.0605694 0.00514174 0.0047265 0.0312842 0.0127668 -0.0198963 0.0226191 0.00623617 -0.0478039
internal_weight=2056.98 1600.72 456.261 1574.01 223.152 1350.86 452.439 448.934 170.151 167.699 1345.61 122.5 119.144 1339.14 1336.45 1331.17 1319.72 532.776 36.3619 81.5873 19.3567 11.4618 786.943 779.198 100.652 27.573 15.6517 37.5562 21.103 7.06651
internal_count=69670 62868 6802 9718 1158 8560 3128 3033 1140 1123 8494 732 436 8486 8445 6156 6098 2428 73 317 97 83 3670 3658 426 75 58 119 89 59
is_linear=0
shrinkage=0.05


Tree=99
num_leaves=31
num_cat=0
split_feature=12 13 27 2 32 18 4 32 8 3 6 3 8 30 19 15 27 9 6 7 6 6 7 6 30 7 7 7 8 7
split_gain=104.54 41.7782 54.1198 28.9763 17.1975 14.6225 14.6456 13.5871 11.7229 9.81968 8.03256 10.8005 9.7367 7.47046 6.95306 6.85309 8.19046 6.68181 6.61438 6.87683 6.29874 6.293 6.14737 9.29022 9.06126 6.63055 7.89039 6.05668 5.36988 5.3427
threshold=1.0000000180025095e-35 1.0000000180025095e-35 1.0000000180025095e-35 1.0000000180025095e-35 1.0000000180025095e-35 1.0000000180025095e-35 1.0000000180025095e-35 1.0000000180025095e-35 1.0000000180025095e-35 1.0000000180025095e-35 9.5000000000000018 1.0000000180025095e-35 1.0000000180025095e-35 1.0000000180025095e-35 1.0000000180025095e-35 1.0000000180025095e-35 1.0000000180025095e-35 1.0000000180025095e-35 5.5000000000000009 0.28991596638655465 10.500000000000002 9.5000000000000018 0.21525096525096529 4.5000000000000009 1.0000000180025095e-35 0.58571428571428574 0.55050505050505061 0.162280701754386 1.0000000180025095e-35 0.37797619047619052
decision_type=2 2 2 2 2 2 2 2 2 2 2 2 2 2 2 2 2 2 2 2 2 2 2 2 2 2 2 2 2 2
left_child=1 3 4 5 13 6 10 9 -2 18 14 12 -12 -3 17 -10 -17 22 -8 21 -14 -20 23 24 -1 26 -24 -25 -4 -21
right_child=8 2 28 -5 -6 -7 7 -9 15 -11 11 -13 20 -15 -16 16 -18 -19 19 29 -22 -23 25 27 -26 -27 -28 -29 -30 -31
leaf_value=-0.076705921263207605 -0.11847920358121294 -0.032136302865064983 -0.059131211209306402 -0.049991081420413169 -0.21869162329205724 -0.078263372713618995 0.0011861445280501042 -0.054393122826647489 0.038997064002521606 -0.072792056612405162 -0.070100817295858806 0.045810117164430793 -0.0052346464370093097 -0.17823473378763569 -0.070052756321170459 -0.079332379254516916 0.050044559294741553 -0.052802497156912431 0.026265373778359771 0.0042268283976990709 -0.061837229643719099 -0.0086729041198483122 0.00025051897782372344 0.042360332675846046 0.041017643800424136 0.025387276212948274 -0.10177217036494364 0.011351341129127758 0.041812015234552434 0.018245330115096853
leaf_weight=5.049220478947972 1.1906677611077601 9.8790309190589998 1.3187093488813832 25.407694204390282 1.6400848459452397 5.3957550786435595 111.9946459896164 7.9214564377907655 291.18593179713935 3.4216247578151515 10.117394661996512 5.7506193090230218 29.968878030311316 0.95360527070806789 3.3700067806057623 2.6792932972311965 2.2308229953050613 5.562118990084854 144.06113397888839 162.67678562458605 5.8762177968164897 14.12693417817354 823.30797758733388 21.473058984382078 2.4009951433981769 26.570467844430823 1.889526554616167 59.310830540955067 128.65160229708999 116.89389631524682
leaf_count=744 531 2558 315 53150 13 70 525 316 2121 252 137 30 230 351 50 17 14 1077 440 441 256 59 4285 66 124 115 23 228 882 250
internal_value=0.00998085 0.00528623 0.0312287 0.00296535 -0.0682066 0.00382455 0.00410898 0.010575 0.0373762 0.0115072 0.000482687 -0.0187046 -0.0267955 -0.0451961 0.00152903 0.0380086 -0.0204684 0.00178542 0.0120341 0.0148082 -0.0145423 0.0231417 0.00210951 0.014672 -0.0386958 0.000807421 1.50724e-05 0.0196042 0.0407795 0.0100905
internal_weight=2032.28 1734.99 142.443 1592.55 12.4727 1567.14 1561.74 561.096 297.287 553.175 1000.65 51.7131 45.9625 10.8326 948.934 296.096 4.91012 945.564 549.753 437.759 35.8451 158.188 940.002 88.2341 7.45022 851.768 825.198 80.7839 129.97 279.571
internal_count=69670 66987 4119 62868 2922 9718 9648 2283 2683 1967 7365 653 623 2909 6712 2152 31 6662 1715 1190 486 499 5585 1162 868 4423 4308 294 1197 691
is_linear=0
shrinkage=0.05


Tree=100
num_leaves=31
num_cat=0
split_feature=14 1 10 8 6 8 29 30 31 6 28 17 6 27 29 31 27 28 32 29 6 6 18 15 33 33 30 27 6 6
split_gain=157.858 22.0252 18.9914 21.545 29.0819 16.1412 14.1243 11.588 13.2573 10.9477 12.8735 10.9439 7.89335 7.69877 68.2601 6.98732 6.89886 31.1222 14.6391 31.2638 19.6869 6.71264 6.63059 6.04945 7.29208 5.64012 12.696 8.90919 5.63378 5.20213
threshold=1.0000000180025095e-35 1.0000000180025095e-35 1.0000000180025095e-35 1.0000000180025095e-35 3.5000000000000004 1.0000000180025095e-35 1.0000000180025095e-35 1.0000000180025095e-35 1.0000000180025095e-35 8.5000000000000018 1.0000000180025095e-35 1.0000000180025095e-35 11.500000000000002 1.0000000180025095e-35 1.0000000180025095e-35 1.0000000180025095e-35 1.0000000180025095e-35 1.0000000180025095e-35 1.0000000180025095e-35 1.0000000180025095e-35 5.5000000000000009 7.5000000000000009 1.0000000180025095e-35 1.0000000180025095e-35 1.0000000180025095e-35 1.0000000180025095e-35 1.0000000180025095e-35 1.0000000180025095e-35 4.5000000000000009 9.5000000000000018
decision_type=2 2 2 2 2 2 2 2 2 2 2 2 2 2 2 2 2 2 2 2 2 2 2 2 2 2 2 2 2 2
left_child=1 2 3 4 -1 -2 22 8 11 15 23 -7 -8 14 -9 16 17 -5 19 21 -20 28 25 24 29 -6 27 -27 -19 -11
right_child=5 -3 -4 9 6 7 12 13 -10 10 -12 -13 -14 -15 -16 -17 -18 18 20 -21 -22 -23 -24 -25 -26 26 -28 -29 -30 -31
leaf_value=-0.062271653930798934 -0.077391617521069433 -0.059921346112413211 -0.049962370375863985 -0.053513528712062934 0.0063702472058314672 0.040346346057582576 0.029760127243857449 -0.33189245786483645 -0.055815196036780368 -0.031932167008881608 -0.059058285307951409 -0.052314889419288607 -0.073307622301840139 0.037575922431998685 0.015257100728176624 -0.06568389023452062 0.0024104089785586796 -0.058729298201354745 -0.002077911348769414 0.017605103937715916 0.044367605129623351 -0.060955203218696435 -0.094344257306233359 -0.11074449640990335 0.041748633518293984 -0.062630312103885449 -0.10718025563570532 0.042424150904912923 -0.018402529574335576 0.002017450922013476
leaf_weight=13.995744709740391 3.1332255528541273 14.697793090657795 17.673527172970353 32.261811356118415 507.44715838917182 380.46546304831281 98.221219268685672 1.5325483437627578 3.6649898011237374 21.385583236580715 17.488653916865587 3.2006033007055512 1.8814565571374249 12.358697736635806 17.241048925556242 4.1861483383108853 519.16214884479996 10.11603992176242 70.611486960202456 55.100331828929484 33.682911530137062 15.071630127727984 1.5870052950922389 1.4296396006830026 6.7173969745635977 2.1579855686868568 1.641553781373658 28.760611152509227 60.731498282402754 23.81820381351281
leaf_count=2103 3567 543 46732 2107 6288 2796 957 18 18 169 367 87 92 83 115 89 1255 139 297 87 28 109 37 15 6 499 33 108 189 248
internal_value=0.00831274 0.000975225 0.0015552 0.00215194 0.00899918 0.0354583 0.0105554 0.0363063 0.0386654 -0.00299765 -0.0218371 0.0395707 0.0278108 0.0069361 -0.0132168 -0.00133048 -0.000990911 -0.00735421 -0.00127971 -0.0117853 0.0129202 -0.0306391 0.00736466 -0.00961769 -0.00680276 0.00766624 0.0278406 0.0350578 -0.0241752 -0.0140363
internal_weight=1981.42 1559.83 1545.13 1527.46 655.693 421.597 641.697 418.463 387.331 871.763 70.8395 383.666 100.103 31.1323 18.7736 800.924 796.738 277.576 245.314 141.02 104.294 85.9192 541.594 53.3508 51.9212 540.007 32.5602 30.9186 70.8475 45.2038
internal_count=69181 62497 61954 15222 10117 6684 8014 3117 2901 5105 805 2883 1049 216 133 4300 4211 2956 849 524 325 437 6965 438 423 6928 640 607 328 417
is_linear=0
shrinkage=0.05


Tree=101
num_leaves=31
num_cat=0
split_feature=14 2 1 8 6 7 8 29 30 17 27 32 29 6 7 7 7 6 27 29 7 6 7 6 6 7 7 7 30 6
split_gain=149.38 24.4251 21.3555 21.5253 27.2386 16.2121 15.2289 13.0126 11.2097 10.1032 8.07076 21.6703 29.3834 25.3112 20.5194 13.9088 9.53674 8.84991 7.15496 52.9666 6.63662 6.23756 16.101 6.10778 6.03336 6.02985 5.71281 5.40066 9.6339 4.89537
threshold=1.0000000180025095e-35 1.0000000180025095e-35 1.0000000180025095e-35 1.0000000180025095e-35 3.5000000000000004 0.21525096525096529 1.0000000180025095e-35 1.0000000180025095e-35 1.0000000180025095e-35 1.0000000180025095e-35 1.0000000180025095e-35 1.0000000180025095e-35 1.0000000180025095e-35 7.5000000000000009 0.42481203007518803 0.39444444444444454 0.42481203007518803 5.5000000000000009 1.0000000180025095e-35 1.0000000180025095e-35 0.10263157894736843 6.5000000000000009 0.44097222222222227 3.5000000000000004 7.5000000000000009 0.2834821428571429 0.58571428571428574 0.162280701754386 1.0000000180025095e-35 8.5000000000000018
decision_type=2 2 2 2 2 2 2 2 2 2 2 2 2 2 2 2 2 2 2 2 2 2 2 2 2 2 2 2 2 2
left_child=1 2 3 4 -1 23 -2 20 9 -8 11 12 14 25 -7 29 -17 -16 19 -10 -6 -12 -23 -5 -19 -14 -18 -25 -29 -13
right_child=6 -3 -4 5 7 10 8 -9 18 -11 21 15 13 -15 17 16 26 24 -20 -21 -22 22 -24 27 -26 -27 -28 28 -30 -31
leaf_value=-0.061537584190540742 -0.077366365771205231 -0.049985659564257712 -0.05963796294245377 -0.059232015980349134 -0.057418690586153211 -0.0551579841279514 0.038974854425134431 0.0274998604749301 -0.2716953144373806 -0.052168024601770835 0.0032303195949786633 0.036602919484495011 -0.047287348495932691 -0.092163157896007764 -0.059281676973107433 -0.054825032514532968 -0.0035598620272748053 0.019916245484500023 0.037055294202069149 0.014711103530633133 0.0081013844892373742 -0.0053567469246048197 -0.082342495955790157 0.041304052391967751 -0.052991518958673794 0.022846142745536254 0.065667781137736025 0.02038218654233015 -0.044665041760394646 -0.060925058098013379
leaf_weight=13.31662028073333 2.9813707467401391 23.18964073821553 14.045783878682412 2.4194057934801085 3.8816393616143605 69.792575438332278 369.53976673120633 97.391915329732001 1.7734363572672034 3.0528903678059569 299.51233810384292 30.969944304320961 3.2824591770768157 5.8634568299166849 5.9252882532309767 9.1048691209871304 57.142347812652588 19.437880133977163 11.91712419036776 16.993695426732302 529.75988769927062 227.44874096661806 6.9921032458078107 23.331847530324012 3.3101929276017463 43.68708047887776 3.1340257152914992 46.41673582047224 6.4743629246950141 1.3299124818295229
leaf_count=1843 3567 52874 543 119 202 1452 2814 397 18 87 805 243 26 75 520 124 259 143 83 115 1533 615 102 29 207 163 9 132 53 29
internal_value=0.00801674 0.000931146 0.00170658 0.00227795 0.00919729 -0.00287241 0.034999 0.0106917 0.0358328 0.0382253 -0.00503618 -0.0123927 -0.0243894 0.00568291 -0.0405291 0.00545383 -0.0071582 -0.00489716 0.00676201 -0.0124571 0.0076228 -0.00154965 -0.00765836 0.0187708 0.00926646 0.0179252 4.15802e-05 0.0212607 0.0124034 0.0325542
internal_weight=1953.42 1547.16 1523.97 1509.93 644.35 865.576 406.258 631.033 403.277 372.593 786.933 252.98 151.299 52.833 98.4659 101.681 69.3812 28.6734 30.6843 18.7671 533.642 533.953 234.441 78.6424 22.7481 46.9695 60.2764 76.2229 52.8911 32.2999
internal_count=69181 62497 9623 9080 3975 5105 6684 2132 3117 2901 4772 3250 2586 264 2322 664 392 870 216 133 1735 1522 717 333 350 189 268 214 185 272
is_linear=0
shrinkage=0.05


Tree=102
num_leaves=31
num_cat=0
split_feature=12 13 27 2 29 7 15 33 33 15 27 28 31 8 7 7 7 32 27 7 7 7 26 7 30 7 27 7 7 30
split_gain=102.156 40.3797 53.2298 23.1792 17.1003 15.6533 14.6609 18.7388 18.4571 13.391 15.5159 11.0541 9.19575 8.75872 20.9786 17.7497 12.3466 12.4878 41.4693 14.8403 9.52992 9.45064 8.6496 10.4991 8.36438 10.5553 9.49847 13.0444 7.91131 7.15848
threshold=1.0000000180025095e-35 1.0000000180025095e-35 1.0000000180025095e-35 1.0000000180025095e-35 1.0000000180025095e-35 0.2834821428571429 1.0000000180025095e-35 1.0000000180025095e-35 1.0000000180025095e-35 1.0000000180025095e-35 1.0000000180025095e-35 1.0000000180025095e-35 1.0000000180025095e-35 1.0000000180025095e-35 0.10263157894736843 0.162280701754386 0.64583333333333337 1.0000000180025095e-35 1.0000000180025095e-35 0.39444444444444454 0.42481203007518803 0.42481203007518803 1.0000000180025095e-35 0.51666666666666672 1.0000000180025095e-35 0.26969696969696971 1.0000000180025095e-35 0.44097222222222227 0.11805555555555557 1.0000000180025095e-35
decision_type=2 2 2 2 2 2 2 2 2 2 2 2 2 2 2 2 2 2 2 2 2 2 2 2 2 2 2 2 2 2
left_child=1 3 5 4 6 -3 8 -8 13 11 -11 -2 -13 14 -1 -15 17 18 20 -19 -17 -21 23 29 26 -26 27 -6 -10 -20
right_child=9 2 -4 -5 24 -7 7 -9 28 10 -12 12 -14 15 -16 16 -18 19 22 21 -22 -23 -24 -25 25 -27 -28 -29 -30 -31
leaf_value=-0.06767302601728141 0.014023580178704715 -0.19588292490578729 0.040637297381872751 -0.049982049394251972 0.012470934735028083 -0.044503011421321577 -0.006616374653258237 -0.16944763959017425 -0.036883910894818586 -0.15565600620016107 0.04987327005830583 0.043409454734813994 -0.049849818325541709 0.043674929348562541 0.0047448070293132387 -0.048472079558611957 0.047857562838473637 0.032675244126335178 -0.0059945316392826528 -0.054562436678783827 -0.012745328352694485 0.0012606270902755957 0.052532990995598154 -0.093992499224180251 -0.02776330724859415 0.012623015734710964 0.034422446237403335 -0.094487255347939503 0.028194549070045424 0.018038519558632955
leaf_weight=10.18956812948454 41.126446908368962 2.0823392644670085 114.52323923786389 22.060222567437449 27.165369961876426 9.4413951838687336 4.512422389118 2.902045370079577 4.9860491593135512 1.9266035165637723 1.7342131733894348 218.15265594725861 2.662823347374796 18.059642364212777 511.03677720308769 74.934712829301134 10.265531172713962 39.423002322087996 421.66796032199636 8.6912335690576565 24.923028682998847 58.816237966762856 6.646134912967681 3.2716078367084256 20.021196979272645 84.03236658568494 74.7803477011621 3.1745139108970752 70.546787538100034 33.423471297137439
leaf_count=1189 820 61 1174 52874 79 2800 42 18 50 15 12 1789 13 120 2541 1481 70 267 1249 123 818 239 9 47 207 475 315 35 190 59
internal_value=0.00772503 0.00312207 0.0303264 0.000888439 0.00163058 -0.0720468 -0.000497475 -0.0705588 -9.59978e-05 0.0365175 -0.0582852 0.0378465 0.0422804 -0.00157983 0.00332686 -0.00523347 -0.00652982 -0.00736234 -0.0103287 0.00830257 -0.0395624 -0.00592591 -0.00404919 -0.00487184 0.0149018 0.00484546 0.0248499 0.0012358 0.0238877 -0.00422801
internal_weight=1927.18 1661.58 126.047 1535.53 1513.47 11.5237 1304.3 7.41447 1296.88 265.603 3.66082 261.942 220.815 1221.35 521.226 700.123 682.063 671.797 564.867 106.93 99.8577 67.5075 465.009 458.363 209.174 104.054 105.12 30.3399 75.5328 455.091
internal_count=69181 66532 4035 62497 9623 2861 8512 60 8452 2649 27 2622 1802 8212 3730 4482 4362 4292 3663 629 2299 362 1364 1355 1111 682 429 114 240 1308
is_linear=0
shrinkage=0.05


Tree=103
num_leaves=31
num_cat=0
split_feature=14 1 10 8 6 8 29 30 31 17 6 28 6 27 29 31 18 6 26 29 6 28 27 15 27 32 6 30 6 6
split_gain=133.224 19.5805 16.212 16.5955 24.3584 14.2297 11.8969 10.9479 12.1351 9.6929 9.51928 12.4025 7.23919 6.66934 40.9895 6.6691 6.13103 5.45973 5.2768 6.02554 14.667 9.46433 7.60519 7.42977 7.79547 34.0802 14.066 7.35076 6.64704 5.19142
threshold=1.0000000180025095e-35 1.0000000180025095e-35 1.0000000180025095e-35 1.0000000180025095e-35 3.5000000000000004 1.0000000180025095e-35 1.0000000180025095e-35 1.0000000180025095e-35 1.0000000180025095e-35 1.0000000180025095e-35 8.5000000000000018 1.0000000180025095e-35 11.500000000000002 1.0000000180025095e-35 1.0000000180025095e-35 1.0000000180025095e-35 1.0000000180025095e-35 9.5000000000000018 1.0000000180025095e-35 1.0000000180025095e-35 7.5000000000000009 1.0000000180025095e-35 1.0000000180025095e-35 1.0000000180025095e-35 1.0000000180025095e-35 1.0000000180025095e-35 5.5000000000000009 1.0000000180025095e-35 6.5000000000000009 7.5000000000000009
decision_type=2 2 2 2 2 2 2 2 2 2 2 2 2 2 2 2 2 2 2 2 2 2 2 2 2 2 2 2 2 2
left_child=1 2 3 4 -1 -2 16 8 9 -7 15 17 -8 14 -9 18 -6 -12 19 23 21 27 -22 24 25 29 -27 -21 -29 -5
right_child=5 -3 -4 10 6 7 12 13 -10 -11 11 -13 -14 -15 -16 -17 -18 -19 -20 20 22 -23 -24 -25 -26 26 -28 28 -30 -31
leaf_value=-0.060435200787711599 -0.07776798676367902 -0.059259282774879345 -0.049950600397309454 -0.02651481940943469 0.0067618231580777351 0.039089186599759455 0.027678471663472488 -0.22734587044048957 -0.051135455869026306 -0.052095360069612053 -0.025713698335967997 -0.058880314510030708 -0.071128326956030039 0.035993386068432852 0.013090388853739858 -0.065255927374091388 -0.092465322656229199 0.0066528072755665862 0.044539651314127904 0.015563853421381833 -0.10886660090611236 0.026430920132483861 -0.0025276225794875536 -0.058453622215888207 0.0012342417640454676 -0.0030689136883038843 0.036249623502807825 -0.071530124769933687 -0.0024645067641007896 -0.05855482149203866
leaf_weight=12.741170008841435 2.8150765926111481 13.418493719131218 15.214412992616415 85.504404595354572 533.61726317359717 339.54682309832424 92.777151493995916 1.9795997254550481 3.8217211887240401 2.9267524834722272 24.778005328262225 16.123285700101405 1.8795251758419897 11.111965971998872 16.226414065808058 4.0203205478028385 1.5506644145934831 27.42259244422894 6.3629058338701716 15.955594353377819 3.6980043845251194 63.33129720762372 3.0951748602092266 5.9433292800094923 465.04166837502271 71.001113072270527 33.444901809329167 6.4070677136769518 7.6569205783307552 14.881254172883926
leaf_count=2103 3567 543 46732 1871 6928 2796 957 18 18 87 179 367 92 83 115 89 37 259 10 64 28 98 8 37 1128 485 101 175 29 177
internal_value=0.00743659 0.000850086 0.0013841 0.00190641 0.00797754 0.0339921 0.00936324 0.034833 0.037317 0.038307 -0.00265751 -0.0205582 0.025704 0.00547364 -0.013136 -0.00110128 0.00647165 -0.00870298 -0.000770124 -0.00114288 0.0103013 0.0154695 -0.0605638 -0.00283958 -0.00234454 -0.0104718 0.00951885 -0.00763989 -0.0339924 -0.0312748
internal_weight=1904.29 1525.87 1512.45 1497.23 642.566 378.428 629.825 375.613 346.295 342.474 854.668 68.3239 94.6567 29.318 18.206 786.344 535.168 52.2006 782.324 775.961 100.144 93.3509 6.79318 675.817 669.873 204.832 104.446 30.0196 14.064 100.386
internal_count=69181 62497 61954 15222 10117 6684 8014 3117 2901 2883 5105 805 1049 216 133 4300 6965 438 4211 4201 402 366 36 3799 3762 2634 586 268 204 2048
is_linear=0
shrinkage=0.05


Tree=104
num_leaves=31
num_cat=0
split_feature=14 8 17 18 30 31 8 6 7 17 6 4 30 28 6 28 7 27 27 28 7 32 7 6 6 27 12 7 28 7
split_gain=125.823 13.4146 13.2558 12.0204 10.5581 11.2515 9.67988 26.6528 13.9722 9.12586 7.57431 14.9722 8.60565 10.5424 7.2229 12.1175 6.43281 12.5643 6.43063 19.594 12.3552 22.1535 20.9574 12.2226 10.753 6.19737 10.7687 5.79946 5.7719 8.46111
threshold=1.0000000180025095e-35 1.0000000180025095e-35 1.0000000180025095e-35 1.0000000180025095e-35 1.0000000180025095e-35 1.0000000180025095e-35 1.0000000180025095e-35 3.5000000000000004 0.21525096525096529 1.0000000180025095e-35 5.5000000000000009 1.0000000180025095e-35 1.0000000180025095e-35 1.0000000180025095e-35 8.5000000000000018 1.0000000180025095e-35 0.46862745098039221 1.0000000180025095e-35 1.0000000180025095e-35 1.0000000180025095e-35 0.42481203007518803 1.0000000180025095e-35 0.39444444444444454 4.5000000000000009 7.5000000000000009 1.0000000180025095e-35 1.0000000180025095e-35 0.41421568627450983 1.0000000180025095e-35 0.18465909090909094
decision_type=2 2 2 2 2 2 2 2 2 2 2 2 2 2 2 2 2 2 2 2 2 2 2 2 2 2 2 2 2 2
left_child=2 -2 3 6 5 9 7 -1 28 -3 11 -9 13 -13 18 27 -15 -18 19 -10 21 24 -23 -22 -21 26 -6 -16 29 -8
right_child=1 4 -4 -5 25 -7 8 10 14 -11 -12 12 -14 16 15 -17 17 -19 -20 20 23 22 -24 -25 -26 -27 -28 -29 -30 -31
leaf_value=-0.061470232393972105 -0.077692060766968288 0.038628671262703571 -0.0503497398854902 -0.077062988287280809 -0.12521920326693559 -0.046364445240511254 0.01949403820521102 -0.065966434702374691 -0.053436118880171857 -0.051956972094350018 0.0099460947373513249 0.022269713526346768 -0.055971017264803351 -0.020174823534282817 -0.0044159527525494645 -0.058717828737243662 0.080274496073073853 -0.058184529415853496 0.00080551639538584553 -0.021012930008536754 -0.0052731744259461545 0.038007029342250052 -0.054413660887238091 0.032168729434252329 -0.067625226785742995 0.035437609381683742 0.00064671193774759595 -0.082937722089549304 0.032194327048621928 -0.03304881532221482
leaf_weight=14.288912204414371 2.6803485668024214 326.74114122381434 12.545804058725478 4.8752345746324854 1.8864534143358493 4.0003737676888695 26.94516960834153 9.1057009186770284 22.753085320699029 2.7912674043327561 537.52695567536284 44.583886345877545 6.172155407286481 38.056097397988196 49.42594338580966 15.368215880356727 4.6360034462995818 2.5183932370273396 466.8464280217886 66.180430885171518 56.669448964297771 27.698155462741852 7.8651228228118262 35.390284650959074 15.234298988245426 10.731792876496913 16.278759676963091 2.4605304634897029 37.985827800352126 10.691698858514426
leaf_count=3008 3567 2796 24716 235 15 18 66 7956 727 87 21786 622 219 442 291 365 33 89 903 227 197 28 104 59 121 83 118 138 62 103
internal_value=0.00715803 0.0335073 0.000810889 0.00123852 0.0343332 0.0368453 0.00149413 0.00604286 -0.00205605 0.0378583 0.0075458 -0.00472861 0.00108294 0.005016 -0.00408114 -0.0197307 -0.0119887 0.0314531 -0.00257365 -0.00938147 -0.00458155 -0.0153662 0.0175438 0.00911702 -0.0297484 0.00531792 -0.0124586 -0.00816447 0.0184449 0.00454982
internal_weight=1880.93 365.11 1515.82 1503.28 362.43 333.533 1498.4 656.888 841.515 329.532 642.599 105.072 95.9665 89.7944 765.892 67.2547 45.2105 7.1544 698.637 231.791 209.038 116.978 35.5633 92.0597 81.4147 28.897 18.1652 51.8865 75.6227 37.6369
internal_count=69181 6684 62497 37781 3117 2901 37546 34155 3391 2883 31147 9361 1405 1186 3160 794 564 122 2366 1463 736 480 132 256 348 216 133 429 231 169
is_linear=0
shrinkage=0.05


Tree=105
num_leaves=31
num_cat=0
split_feature=14 1 10 8 18 33 15 17 17 19 7 7 7 32 7 5 3 3 32 7 7 8 7 8 7 28 7 7 13 7
split_gain=99.8243 19.4886 16.6249 13.3116 9.11611 9.8629 26.7427 6.94326 6.68071 6.15743 5.9232 8.84967 9.33758 19.918 5.51952 5.04956 10.5804 10.3815 4.49508 7.04267 11.1103 6.01552 8.75872 4.31353 3.72043 2.81993 3.76358 3.25119 6.72849 2.74678
threshold=1.0000000180025095e-35 1.0000000180025095e-35 1.0000000180025095e-35 1.0000000180025095e-35 1.0000000180025095e-35 1.0000000180025095e-35 1.0000000180025095e-35 1.0000000180025095e-35 1.0000000180025095e-35 1.0000000180025095e-35 0.44722222222222224 0.64583333333333337 0.51666666666666672 1.0000000180025095e-35 0.46862745098039221 1.0000000180025095e-35 1.0000000180025095e-35 1.0000000180025095e-35 1.0000000180025095e-35 0.39444444444444454 0.42481203007518803 1.0000000180025095e-35 0.36939571150097467 1.0000000180025095e-35 0.11805555555555557 1.0000000180025095e-35 0.3585714285714286 0.46862745098039221 1.0000000180025095e-35 0.37797619047619052
decision_type=2 2 2 2 2 2 2 2 2 2 2 2 2 2 2 2 2 2 2 2 2 2 2 2 2 2 2 2 2 2
left_child=1 2 4 -2 5 8 24 25 9 10 15 12 14 23 -12 17 -17 18 -1 21 -21 22 -20 -14 -7 27 -27 -5 -29 -26
right_child=3 -3 -4 7 -6 6 -8 -9 -10 -11 11 -13 13 -15 -16 16 -18 -19 19 20 -22 -23 -24 -25 29 26 -28 28 -30 -31
leaf_value=0.0053950489398175462 -0.076642242835472302 -0.059882142321814824 -0.049943675048579994 0.032074799247895212 -0.067306980076953168 -0.018703860524386745 -0.086028273627162116 -0.051716785028234097 -0.050712347828885257 -0.0685825850470827 -0.067338864582441191 0.040272657469173939 -0.16630318232758193 0.062697772085822723 -0.0021748631631800788 -0.072754738081200684 0.031852980803517672 -0.069031919191571783 -0.053462487383646909 -0.053985287736819501 0.026092369882202416 0.036437155034288751 0.039380894038531983 -0.070356797818216563 0.036124669401778019 0.028755477939624859 0.041835970404167977 -0.026993382751407304 0.033120685151900725 0.015545488741804789
leaf_weight=1160.3031503052334 2.7196251328386998 11.923690490424631 14.008052268589379 75.337231215555221 4.3655426721670656 4.0462255374295628 5.4671713719144455 2.3242994667962185 5.5556742195039979 2.8918477224651715 3.3073485848726696 10.646656826138495 1.3888159386115129 3.0177739411592475 161.10622447164496 5.8827951412822568 4.0828608999145217 4.6001461850537444 5.0172223269473744 7.6532816709950575 9.9463517758995295 41.086739685386419 5.1220746506005526 7.893339614267461 57.716946577973431 82.385391030926257 168.08853205759078 7.7425022507086405 11.625379818957299 22.718883190536872
leaf_count=8982 3591 507 46742 628 91 37 22 79 2520 51 182 40 53 2 921 319 39 672 211 124 55 112 67 146 575 717 1467 70 98 218
internal_value=0.00918317 0.00376621 0.00425723 0.0333059 0.00475289 0.00495934 0.0210222 0.03417 0.00395514 0.00416765 0.00431549 -0.00397057 -0.0066411 -0.0486474 -0.00349276 0.00556419 -0.0298586 0.00585097 0.00613219 0.0185495 -0.00871226 0.0279254 -0.00651889 -0.0849298 0.0279651 0.0347512 0.0375369 0.0273753 0.00906216 0.030321
internal_weight=1909.97 1559.75 1547.83 350.223 1533.82 1529.45 89.9492 347.503 1439.5 1433.95 1431.05 187.36 176.714 12.2999 164.414 1243.69 9.96566 1233.73 1229.13 68.8257 17.5996 51.226 10.1393 9.28216 84.4821 345.179 250.474 94.7051 19.3679 80.4358
internal_count=69338 62688 62181 6650 15439 15348 852 3059 14496 11976 11925 1344 1304 201 1103 10581 358 10223 9551 569 179 390 278 199 830 2980 2184 796 168 793
is_linear=0
shrinkage=0.05


Tree=106
num_leaves=31
num_cat=0
split_feature=14 2 1 29 4 27 7 30 7 17 18 33 15 32 28 4 7 7 7 7 26 7 28 28 27 7 7 4 7 7
split_gain=94.5999 22.335 18.7405 10.0751 10.6985 10.6797 14.2256 9.2344 8.54556 7.92501 7.81244 6.75199 23.1416 5.83691 11.8045 10.0302 13.323 11.293 6.07975 22.3092 5.03094 5.0354 15.948 8.29886 10.5 13.3857 15.0582 15.1215 9.11934 8.40076
threshold=1.0000000180025095e-35 1.0000000180025095e-35 1.0000000180025095e-35 1.0000000180025095e-35 1.0000000180025095e-35 1.0000000180025095e-35 0.39444444444444454 1.0000000180025095e-35 0.24126984126984127 1.0000000180025095e-35 1.0000000180025095e-35 1.0000000180025095e-35 1.0000000180025095e-35 1.0000000180025095e-35 1.0000000180025095e-35 1.0000000180025095e-35 0.39444444444444454 0.42481203007518803 0.64583333333333337 0.53589743589743599 1.0000000180025095e-35 0.42481203007518803 1.0000000180025095e-35 1.0000000180025095e-35 1.0000000180025095e-35 0.24126984126984127 0.30217391304347835 1.0000000180025095e-35 0.29705882352941182 0.39444444444444454
decision_type=2 2 2 2 2 2 2 2 2 2 2 2 2 2 2 2 2 2 2 2 2 2 2 2 2 2 2 2 2 2
left_child=1 2 3 10 -5 6 8 9 -6 -2 11 13 -13 18 -15 16 -16 -18 19 20 21 23 -23 24 25 -1 -27 -28 -25 -29
right_child=7 -3 -4 4 5 -7 -8 -9 -10 -11 -12 12 -14 14 15 -17 17 -19 -20 -21 -22 22 -24 28 -26 26 27 29 -30 -31
leaf_value=-0.062121488973414296 0.03615550709736471 -0.049973955380885976 -0.059566724470230606 0.0051848365285983578 0.0068406244429349648 0.038960575899540426 0.031907373797955829 0.0069061896781826811 -0.086807312805334158 -0.051208403990785162 -0.067255357373232377 0.026302768174542093 -0.078836185216126731 -0.054280139091111845 0.041804793746025699 -0.051694359719662478 -0.053872039972771894 0.013023490351898892 0.039220129531574645 -0.094193271091036368 0.052319292311099677 -0.024508177110501135 0.0064430322923102416 -0.013178873879633497 0.011026377357408539 0.018186359411765243 -0.066483531300616613 -0.024721953582699532 0.0026313856511742846 0.018751813159518741
leaf_weight=9.7066972778993641 304.4942205415864 19.204720343695953 11.400766422651939 117.81624244694831 4.2896874910220522 63.759593262337148 14.221428357064722 31.364016225379601 5.5952044799923897 2.6050962759509266 3.9191229317802927 67.319791438756511 5.663194039836525 6.1680356311262576 42.303470666287467 5.1064370232634237 7.0608027681009835 58.436129140085541 10.4934306271316 6.1108665382489553 4.8442483544349662 71.87769754420151 98.797201066510752 134.73508132522693 389.44027252157684 53.464835307153407 12.833762991416732 24.397972956299782 282.16682473220862 20.381445601582527
leaf_count=481 3014 52944 507 701 21 352 23 712 24 2924 54 204 22 350 115 268 105 152 732 133 7 917 341 1038 973 474 772 75 876 27
internal_value=0.00882149 0.0035963 0.00426835 0.00474758 0.0150387 0.0282435 -8.59454e-05 0.0327715 -0.0461511 0.0354111 0.00313772 0.003349 0.0181279 0.00247743 0.0130019 0.0166863 0.0199346 0.00579716 0.00135721 0.000998067 0.00152692 0.00130186 -0.00658944 0.00275517 0.00703144 -0.00584494 -0.000917492 -0.0186546 -0.0024772 -0.00492385
internal_weight=1889.98 1551.51 1532.31 1520.91 205.682 87.8659 24.1063 338.463 9.88489 307.099 1315.23 1311.31 72.983 1238.33 119.075 112.907 107.8 65.4969 1119.25 1108.76 1102.65 1097.8 170.675 927.127 510.225 120.785 111.078 57.6132 416.902 44.7794
internal_count=69338 62688 9744 9237 1121 420 68 6650 45 5938 8116 8062 226 7836 990 640 372 257 6846 6114 5981 5974 1258 4716 2802 1829 1348 874 1914 102
is_linear=0
shrinkage=0.05


Tree=107
num_leaves=31
num_cat=0
split_feature=14 2 1 8 29 4 6 27 6 30 6 18 6 7 3 7 32 4 27 6 28 7 28 7 8 17 7 6 8 8
split_gain=89.335 21.1112 17.6365 12.5312 9.27568 10.1622 10.7414 10.2727 19.6285 8.14953 7.97487 7.3315 7.31864 12.5168 7.49838 6.2479 8.59009 16.3338 7.66754 12.0067 11.9418 8.04415 6.43481 6.25532 7.68944 6.06744 6.03725 6.90734 6.05021 5.74032
threshold=1.0000000180025095e-35 1.0000000180025095e-35 1.0000000180025095e-35 1.0000000180025095e-35 1.0000000180025095e-35 1.0000000180025095e-35 9.5000000000000018 1.0000000180025095e-35 9.5000000000000018 1.0000000180025095e-35 7.5000000000000009 1.0000000180025095e-35 8.5000000000000018 0.44722222222222224 1.0000000180025095e-35 0.39444444444444454 1.0000000180025095e-35 1.0000000180025095e-35 1.0000000180025095e-35 4.5000000000000009 1.0000000180025095e-35 0.31789473684210529 1.0000000180025095e-35 0.24126984126984127 1.0000000180025095e-35 1.0000000180025095e-35 0.36939571150097467 3.5000000000000004 1.0000000180025095e-35 1.0000000180025095e-35
decision_type=2 2 2 2 2 2 2 2 2 2 2 2 2 2 2 2 2 2 2 2 2 2 2 2 2 2 2 2 2 2
left_child=1 2 4 -2 11 6 -6 8 10 25 -7 12 14 -14 15 16 18 22 19 -1 26 -22 -18 24 -21 -5 27 -20 -28 -25
right_child=3 -3 -4 9 5 7 -8 -9 -10 -11 -12 -13 13 -15 -16 -17 17 -19 20 23 21 -23 -24 29 -26 -27 28 -29 -30 -31
leaf_value=-0.054795820005064756 -0.076870121292846885 -0.049970024420983881 -0.059256630267227973 0.036218755366651777 0.0081811976886142865 -0.020061277487862201 -0.06554206215619178 0.038442177916472045 0.045036952637133976 0.008510855075425601 -0.11129368536719822 -0.066573716707047925 -0.0029492188182744204 -0.075912179013922693 -0.06557282721580196 -0.00025294474501249479 -0.052511668698519393 -0.052850667338278062 -0.013841327031717752 -0.070028606942545923 -0.012285913705350817 0.0088443070146950881 0.043151605638280827 0.012671656479453354 -0.00079241635634928363 -0.051392818899660075 0.018975216323499064 0.019823966216752229 -0.02377354111261484 -0.0074001540281358373
leaf_weight=10.372161900741046 2.6008534552456686 18.26949703504215 10.900120409816735 292.36497759819031 112.38864113151794 8.7286811750382203 5.156963782850652 61.447505573742092 12.036049246788023 30.651089682243764 3.3048139903694382 3.7652909612515932 226.17482334340457 6.0258068069815627 3.7458778971631537 352.91539856375312 1.8252775822766114 5.4590281923301509 16.145024937752169 6.6355076627805838 81.511407833895646 100.63675088435411 40.250541945919394 82.572519572451711 10.150814045686275 1.9765812028199423 14.994850140064953 264.02455475926399 18.437030926346779 62.599681317806244
leaf_count=1108 3591 52944 507 2759 647 33 54 352 17 226 18 54 1069 228 588 2572 200 249 149 73 389 172 76 163 66 74 26 490 42 402
internal_value=0.00848431 0.00344161 0.0040833 0.0321948 0.00454086 0.0144837 0.00493726 0.0275977 -7.0999e-05 0.0330715 -0.04523 0.00299706 0.00319876 -0.00484801 0.00494178 0.00519006 0.00787502 0.028413 0.00641256 -0.00267024 0.00957089 -0.00060889 0.0389783 0.000668085 -0.0282161 0.035627 0.015485 0.0178818 -0.004585 0.00401314
internal_weight=1868.07 1540.47 1522.21 327.594 1511.31 203.063 117.546 85.517 24.0695 324.993 12.0335 1308.24 1304.48 232.201 1072.28 1068.53 715.615 47.5348 668.08 172.331 495.75 182.148 42.0758 161.959 16.7863 294.342 313.601 280.17 33.4319 145.172
internal_count=69338 62688 9744 6650 9237 1121 701 420 68 3059 51 8116 8062 1297 6765 6177 3605 525 3080 1812 1268 561 276 704 139 2833 707 639 68 565
is_linear=0
shrinkage=0.05


Tree=108
num_leaves=31
num_cat=0
split_feature=14 1 10 8 29 30 33 7 27 12 7 15 18 7 7 33 15 30 27 32 29 30 7 7 7 32 26 27 7 17
split_gain=84.4006 16.2782 14.0093 11.7863 8.58144 11.5026 9.99541 9.26233 8.14312 41.0691 12.8361 11.3902 6.85785 6.8518 6.15845 6.01337 20.6934 17.1248 7.06436 5.83025 6.15364 11.9061 8.54203 5.29651 6.67899 18.3749 4.67315 4.48606 4.36067 4.19529
threshold=1.0000000180025095e-35 1.0000000180025095e-35 1.0000000180025095e-35 1.0000000180025095e-35 1.0000000180025095e-35 1.0000000180025095e-35 1.0000000180025095e-35 0.58571428571428574 1.0000000180025095e-35 1.0000000180025095e-35 0.44097222222222227 1.0000000180025095e-35 1.0000000180025095e-35 0.39444444444444454 0.2834821428571429 1.0000000180025095e-35 1.0000000180025095e-35 1.0000000180025095e-35 1.0000000180025095e-35 1.0000000180025095e-35 1.0000000180025095e-35 1.0000000180025095e-35 0.2834821428571429 0.64583333333333337 0.51666666666666672 1.0000000180025095e-35 1.0000000180025095e-35 1.0000000180025095e-35 0.12916666666666668 1.0000000180025095e-35
decision_type=2 2 2 2 2 2 2 2 2 2 2 2 2 2 2 2 2 2 2 2 2 2 2 2 2 2 2 2 2 2
left_child=1 2 4 -2 12 27 7 13 9 10 14 19 15 -7 -5 23 17 18 -17 20 21 22 -11 24 26 -26 29 -6 -20 -1
right_child=3 -3 -4 8 5 6 -8 -9 -10 11 -12 -13 -14 -15 -16 16 -18 -19 28 -21 -22 -23 -24 -25 25 -27 -28 -29 -30 -31
leaf_value=0.0020308073124427942 -0.076642735393570166 -0.058951878588870181 -0.049930063856029626 -0.17536587465875125 0.010956803350883129 -0.0052375682181508461 -0.13291972119532536 -0.13840887190960896 0.039046535202320196 -0.072580515554511796 0.01850267573210549 -0.078175205719036744 -0.065854722024850085 0.02208778109342488 -0.076133155117579954 -0.067381193507602077 -0.073462904753156449 -0.11221902662111512 -0.017283787132090101 0.050316491252408752 0.039844160846847478 -0.13348480222694178 0.023444273632665397 0.03759727099100816 -0.091746153520297566 0.061549921376364038 0.052182006534262061 0.033173963759134686 0.03607743917812211 -0.050200201229284869
leaf_weight=1203.0745322841685 2.4811974181648102 10.420818436861735 12.059205072422627 2.1977337440475804 34.539726630056975 59.879972881171852 1.3501151675009158 1.1254095203476016 189.36954426951706 2.4743153611198059 2.9100756281986833 2.3130392972379914 3.6303256504761512 37.15741593769053 5.6107801403850317 1.8086634927603871 5.8030058965086928 2.1886107642494599 4.0817198322620234 35.749982178211212 38.600402031559497 1.3557082526385773 33.840442994609475 10.377636967605211 5.9535059787449409 2.8957634828984737 4.6227287054061881 66.913747230253648 57.72032064513769 3.8461985870671915
leaf_count=10269 3591 507 46742 14 218 815 31 115 1884 29 43 14 83 324 29 506 22 38 33 345 346 9 346 760 175 2 7 336 135 1570
internal_value=0.00816029 0.00329374 0.00372147 0.031645 0.00415147 0.0137703 0.00168636 0.00355615 0.0325035 0.022589 -0.0709375 0.0313668 0.00267085 0.00522186 -0.104315 0.00286275 0.0169486 0.0249398 0.0296837 0.0336398 0.025811 0.0114113 0.0168697 0.00204274 0.00173969 -0.0415135 0.00205636 0.0256169 0.0325429 0.00186353
internal_weight=1846.35 1529.45 1519.03 316.903 1506.97 200.966 99.5129 98.1628 314.422 125.052 10.7186 114.334 1306 97.0374 7.80851 1302.37 71.6023 65.7993 63.6107 112.021 76.2709 37.6705 36.3148 1230.77 1220.39 8.84927 1211.54 101.453 61.802 1206.92
internal_count=69338 62688 62181 6650 15439 1839 1285 1254 3059 1175 86 1089 13600 1139 43 13517 734 712 674 1075 730 384 375 12783 12023 177 11846 554 168 11839
is_linear=0
shrinkage=0.05


Tree=109
num_leaves=31
num_cat=0
split_feature=14 2 8 6 6 5 7 4 3 33 27 12 7 6 6 15 6 30 7 33 30 15 27 6 32 19 3 17 7 6
split_gain=79.8149 19.1534 11.0834 10.1727 8.2573 11.0858 8.15007 13.077 9.242 11.4091 7.99922 36.807 10.4255 10.5341 18.5169 10.1633 7.24603 7.83987 9.20308 6.47398 27.3 21.215 6.81671 6.42777 5.87767 5.87746 5.80018 4.68159 4.38136 8.9938
threshold=1.0000000180025095e-35 1.0000000180025095e-35 1.0000000180025095e-35 2.5000000000000004 10.500000000000002 1.0000000180025095e-35 0.35147058823529415 1.0000000180025095e-35 1.0000000180025095e-35 1.0000000180025095e-35 1.0000000180025095e-35 1.0000000180025095e-35 0.44097222222222227 6.5000000000000009 4.5000000000000009 1.0000000180025095e-35 13.500000000000002 1.0000000180025095e-35 0.37797619047619052 1.0000000180025095e-35 1.0000000180025095e-35 1.0000000180025095e-35 1.0000000180025095e-35 4.5000000000000009 1.0000000180025095e-35 1.0000000180025095e-35 1.0000000180025095e-35 1.0000000180025095e-35 0.46862745098039221 6.5000000000000009
decision_type=2 2 2 2 2 2 2 2 2 2 2 2 2 2 2 2 2 2 2 2 2 2 2 2 2 2 2 2 2 2
left_child=1 3 -2 -1 5 19 8 -8 9 -6 11 12 13 14 -4 24 17 18 -9 25 21 23 -22 -21 -13 26 27 28 -5 -30
right_child=2 -3 10 4 6 -7 7 16 -10 -11 -12 15 -14 -15 -16 -17 -18 -19 -20 20 22 -23 -24 -25 -26 -27 -28 -29 29 -31
leaf_value=-0.057930825060800044 -0.076384000333294344 -0.04996390127383727 -0.27968477022648036 0.0058159953766873124 -0.075054499137333655 -0.076126502029549944 -0.061404052925978496 0.0038601822359742403 0.028331806968529008 0.025435617383827741 0.038578449114774198 0.025174746067860739 0.017805181077474651 -0.0058847473199675959 -0.076249086458905213 -0.068790961930200123 0.04066345357814085 0.039942966054906603 -0.074732624449187449 -0.0007715856656913808 -0.057581298072697677 -0.067172383133827479 -0.19882949879822534 0.039635528355991025 0.050298224476708481 -0.067594535090817143 -0.066770478792380947 -0.05085916570793593 0.00062082639461354637 -0.041735938569270874
leaf_weight=6.6470050892967256 2.3680198058573287 16.778985953598749 1.5051211323589067 1159.2225156200875 13.841951832058845 4.2085331505513741 7.4125556854414745 10.271990302950149 4.1506657265126696 3.5340960584580889 182.2649105861783 74.396395056974143 2.8741979431360951 2.4879413461312652 4.3690915629267693 2.4934480134397736 13.369016051292418 6.6419327687472096 5.8233898617327204 11.808890819607766 2.0938752572983494 5.7250956185162059 1.4639767948538067 58.352035285905004 34.018477626144886 2.8320091442437834 2.8478096778853788 3.7931165024638167 168.25474145851331 13.529436641139908
leaf_count=2235 3591 52944 17 4190 147 55 276 22 31 10 1884 730 43 7 19 14 18 12 35 28 31 21 10 216 345 51 312 1173 747 124
internal_value=0.0078321 0.00314375 0.0310989 0.00373617 0.00401031 0.00480087 -0.0134104 -0.000948663 -0.0385679 -0.0545843 0.0319391 0.0220255 -0.0641545 -0.0923726 -0.128846 0.0307661 0.0114624 -0.00569545 -0.0245728 0.00503993 0.0189121 0.0252695 -0.116236 0.0328283 0.0330665 0.00422338 0.00437517 0.0045267 0.00468411 -0.00253098
internal_weight=1829.38 1522.6 306.778 1505.82 1499.18 1434.13 65.0456 43.5189 21.5267 17.376 304.41 122.145 11.2364 8.36215 5.87421 110.908 36.1063 22.7373 16.0954 1429.92 79.4439 75.886 3.55785 70.1609 108.415 1350.48 1347.65 1344.8 1341.01 181.784
internal_count=69338 62688 6650 9744 7509 6958 551 363 188 157 3059 1175 86 43 36 1089 87 69 57 6903 306 265 41 244 1075 6597 6546 6234 5061 871
is_linear=0
shrinkage=0.05


Tree=110
num_leaves=31
num_cat=0
split_feature=14 1 10 18 29 6 27 12 7 32 32 31 29 7 16 7 6 3 6 7 6 27 32 4 8 7 7 6 7 0
split_gain=87.0233 14.5544 11.6619 9.74236 9.21438 13.5365 9.13215 30.7582 13.5773 31.6059 8.79863 19.122 9.74333 18.6249 8.39301 6.00145 7.5073 7.87333 5.69323 5.58126 9.59172 5.05168 9.24823 14.6698 12.4183 26.0818 23.8185 7.05591 7.42528 10.0025
threshold=1.0000000180025095e-35 1.0000000180025095e-35 1.0000000180025095e-35 1.0000000180025095e-35 1.0000000180025095e-35 10.500000000000002 1.0000000180025095e-35 1.0000000180025095e-35 0.46862745098039221 1.0000000180025095e-35 1.0000000180025095e-35 1.0000000180025095e-35 1.0000000180025095e-35 0.31789473684210529 1.0000000180025095e-35 0.38675213675213682 11.500000000000002 1.0000000180025095e-35 4.5000000000000009 0.64583333333333337 5.5000000000000009 1.0000000180025095e-35 1.0000000180025095e-35 1.0000000180025095e-35 1.0000000180025095e-35 0.3585714285714286 0.24126984126984127 5.5000000000000009 0.31789473684210529 1.0000000180025095e-35
decision_type=2 2 2 2 2 2 2 2 2 2 2 2 2 2 2 2 2 2 2 2 2 2 2 2 2 2 2 2 2 2
left_child=1 2 3 4 14 -6 7 8 9 18 11 12 13 -9 15 16 17 21 -2 -15 -21 22 24 -24 25 26 -1 -28 -29 -30
right_child=6 -3 -4 -5 5 -7 -8 10 -10 -11 -12 -13 -14 19 -16 -17 -18 -19 -20 20 -22 -23 23 -25 -26 -27 27 28 29 -31
leaf_value=-0.06824200837335527 -0.14508623627948797 -0.05792949357843985 -0.049920487737815336 -0.075769148873157763 0.014447586398314567 -0.069535542933026689 0.037857916001571346 -0.096580399770937478 0.020777759858595011 -0.38414182888623716 0.048791514111547862 -0.16643222489246268 0.039491693694051477 0.01830258112448711 -0.094787167050052412 -0.0044031938057710737 -0.024968553586179165 -0.066143754608538274 -0.031081522588747929 -0.38231015585169958 0.046845937460677049 0.0067688615257840553 0.031654438530877925 -0.052099549869882134 -0.023092666976968282 -0.074554952364400059 -0.053781013003601663 0.028280778701693224 -0.087376619099152023 0.0081196917072450716
leaf_weight=9.0842650457634573 1.5196108539021205 10.384598549222572 10.954746104966032 4.0219674828404086 186.09386086798622 4.9133730017347252 178.17646430272362 4.1237933882657662 2.9768364731535257 0.88432908244431008 33.422862311825156 1.36886496497027 37.610154800197051 33.634795861158636 2.2974179126322261 397.06832167049288 23.218126003746875 3.9865051841479717 3.9447410118009429 0.22626124712405626 0.28184419870376587 570.2220717719465 35.904491181718186 6.1058963867835692 71.20589495281456 9.9997660270892066 3.4964753601525436 67.394559154636227 2.9619508958421639 35.421673879027367
leaf_count=1177 280 543 46923 90 1632 184 2240 121 2519 8 355 20 430 641 14 4464 546 637 94 33 3 1790 276 286 1302 403 509 1194 750 67
internal_value=0.00606645 0.00102232 0.00144691 0.00184019 0.00205944 0.0122811 0.0306736 0.0199992 -0.0671451 -0.108418 0.0273524 0.0180645 0.021421 0.00364164 0.000482349 0.000660591 0.00305771 0.00385628 -0.0630842 0.0157859 -0.146984 0.00420146 -0.00185669 0.01946 -0.00634733 0.00293918 0.00949638 0.0159692 0.0182844 0.000716662
internal_weight=1752.91 1454.74 1444.35 1433.4 1429.37 191.007 298.171 119.994 9.32552 6.34868 110.669 77.2457 75.8768 38.2667 1238.37 1236.07 839.002 815.784 5.46435 34.1429 0.508105 811.797 241.575 42.0104 199.565 128.359 118.359 109.275 105.778 38.3836
internal_count=69531 62787 62244 15321 15231 1816 6744 4504 2901 382 1603 1248 1228 798 13415 13401 8937 8391 374 677 36 7754 5964 562 5402 4100 3697 2520 2011 817
is_linear=0
shrinkage=0.05


Tree=111
num_leaves=31
num_cat=0
split_feature=14 2 18 27 12 15 7 32 29 32 31 29 7 16 15 33 27 7 7 7 27 7 4 4 7 26 7 0 4 7
split_gain=81.7549 16.1424 9.15456 8.88061 27.6559 20.8531 11.4328 20.3787 8.06886 7.4151 16.0569 7.48894 8.56759 7.27113 5.68004 9.24923 9.29507 9.04236 6.11431 5.21327 4.65947 10.6552 7.42002 7.08666 9.45378 4.46647 4.81863 6.95705 5.46352 10.3749
threshold=1.0000000180025095e-35 1.0000000180025095e-35 1.0000000180025095e-35 1.0000000180025095e-35 1.0000000180025095e-35 1.0000000180025095e-35 0.46862745098039221 1.0000000180025095e-35 1.0000000180025095e-35 1.0000000180025095e-35 1.0000000180025095e-35 1.0000000180025095e-35 0.2834821428571429 1.0000000180025095e-35 1.0000000180025095e-35 1.0000000180025095e-35 1.0000000180025095e-35 0.36939571150097467 0.64583333333333337 0.58571428571428574 1.0000000180025095e-35 0.39444444444444454 1.0000000180025095e-35 1.0000000180025095e-35 0.24126984126984127 1.0000000180025095e-35 0.39444444444444454 1.0000000180025095e-35 1.0000000180025095e-35 0.10263157894736843
decision_type=2 2 2 2 2 2 2 2 2 2 2 2 2 2 2 2 2 2 2 2 2 2 2 2 2 2 2 2 2 2
left_child=1 2 8 4 6 9 7 -2 13 10 11 12 -6 14 15 18 -17 -16 25 -14 21 23 -22 -10 -25 26 28 -28 -1 -30
right_child=3 -3 -4 -5 5 -7 -8 -9 20 -11 -12 -13 19 -15 17 16 -18 -19 -20 -21 22 -23 -24 24 -26 -27 27 -29 29 -31
leaf_value=0.004361765163135415 -0.058939847279035465 -0.049957062661035223 -0.075517576974780704 0.037341725262212369 -0.073614444368733892 -0.12171169306926499 0.019902399221628116 -0.29481430044687029 -0.0021939615030381419 0.050267143949857977 -0.1347695843690053 0.041446104436859948 0.021433245151149406 -0.086755770699805862 -0.010697489326114468 -0.063987911165718322 0.022700247505467262 -0.1212382430395671 0.038443980109496741 -0.055138936843805345 0.003621108448141991 0.022533086934456589 0.031937755647123353 0.0096106142902114312 -0.087334009283451697 0.052130867135135317 0.022080690871895264 -0.0072825669353348962 -0.060445834448363933 -0.0027418639292765587
leaf_weight=516.24834545669728 5.5571773575720709 15.381617203922358 3.8355026930803424 171.77100777570377 2.8695649379806119 2.304163370281457 2.9534332326638832 1.0909705348312853 44.345583992777392 31.60695768892765 1.6012924349124649 34.894640257594801 32.152288059500279 2.386325867555569 8.0119970017112774 3.233837815525475 65.245914049562998 2.40140050521586 10.073608061298726 2.3752077095559789 41.945359421079047 42.075286739738658 51.704196433536708 4.2138485589530301 6.1888486836105585 3.9822849333286277 21.406323292176239 345.48096027839347 8.0301628047018294 251.33116685668938
leaf_count=3558 374 53127 63 2240 103 15 2519 8 316 353 20 424 630 19 41 46 197 25 785 58 164 264 329 27 29 6 49 2398 443 901
internal_value=0.00582324 0.000974012 0.00152172 0.0300942 0.0194843 0.0267311 -0.0617725 -0.0981069 0.00172948 0.0299891 0.021303 0.0247851 0.00921876 0.000254844 0.000424015 0.000737134 0.0185905 -0.0363288 -0.000319687 0.0161368 0.0113096 0.00361156 0.0192619 -0.0109224 -0.0480449 -0.000661055 -0.000845959 -0.00556743 0.00138684 -0.00453264
internal_weight=1736.7 1447.52 1432.14 289.177 117.406 107.804 9.60158 6.64815 1428.31 105.5 73.893 72.2917 37.3971 1237.83 1235.45 1225.03 68.4798 10.4134 1156.55 34.5275 190.473 96.8236 93.6496 54.7483 10.4027 1146.48 1142.5 366.887 775.61 259.361
internal_count=69531 62787 9660 6744 4504 1603 2901 382 9597 1588 1235 1215 791 8468 8449 8383 243 66 8140 688 1129 636 493 372 56 7355 7349 2447 4902 1344
is_linear=0
shrinkage=0.05


Tree=112
num_leaves=31
num_cat=0
split_feature=14 2 28 27 15 7 29 6 12 2 19 30 29 27 6 31 6 6 5 6 33 27 15 8 4 28 7 30 27 33
split_gain=76.7157 15.3198 11.0815 17.0505 65.8095 54.5797 71.9883 131.507 15.9513 16.0826 13.2564 8.31408 12.2054 14.706 7.95974 7.65098 8.55397 7.63277 11.6547 9.16917 8.28838 11.5927 12.9911 7.66482 8.53859 10.2881 15.9534 11.8891 11.253 10.0587
threshold=1.0000000180025095e-35 1.0000000180025095e-35 1.0000000180025095e-35 1.0000000180025095e-35 1.0000000180025095e-35 0.58571428571428574 1.0000000180025095e-35 3.5000000000000004 1.0000000180025095e-35 1.0000000180025095e-35 1.0000000180025095e-35 1.0000000180025095e-35 1.0000000180025095e-35 1.0000000180025095e-35 2.5000000000000004 1.0000000180025095e-35 5.5000000000000009 10.500000000000002 1.0000000180025095e-35 5.5000000000000009 1.0000000180025095e-35 1.0000000180025095e-35 1.0000000180025095e-35 1.0000000180025095e-35 1.0000000180025095e-35 1.0000000180025095e-35 0.46862745098039221 1.0000000180025095e-35 1.0000000180025095e-35 1.0000000180025095e-35
decision_type=2 2 2 2 2 2 2 2 2 2 2 2 2 2 2 2 2 2 2 2 2 2 2 2 2 2 2 2 2 2
left_child=1 14 3 4 5 10 7 8 -7 -10 -2 15 13 -13 -1 -4 -17 18 19 23 -21 -22 -23 24 -16 27 -27 -26 -28 -29
right_child=2 -3 11 -5 -6 6 -8 -9 9 -11 -12 12 -14 -15 17 16 -18 -19 -20 20 21 22 -24 -25 25 26 28 29 -30 -31
leaf_value=-0.05714623688041727 -0.0089030480914407961 -0.049952666621223621 0.040015356278531478 0.025218803305612394 -1.7532351832895836 -0.03707215987983075 0.0094166582086564338 -4.2196143966397717 -2.2068564754719824 -0.0086792389459938776 -0.40302705674775363 -0.17958715574196069 0.022993493318880256 0.038283933608909249 -0.064760418126435043 0.050640036395752902 -0.090435723519511069 -0.0154133608165754 -0.077377507293281356 0.0042297752327257569 -0.063813123659393137 0.036939095171709985 -0.048207900575202134 0.00030275645794442175 0.012328571949046851 -0.044007281757928556 0.08819703715177378 -0.027784747168446242 -0.059911129199568328 -0.18920959294450815
leaf_weight=5.7614496049936852 15.140329090652806 14.632703492869039 184.21762653478072 61.361893415189115 0.045425888150931182 0.063677488025860707 0.15012129675596952 0.025129308924078941 0.012151356786489487 0.014192494825692847 0.20651104312855828 1.8184489979248584 11.981111631619569 1.3330182326026261 8.1552166801411641 1.9348541125946201 2.3860228806734085 62.357165225723293 4.5438120642502318 892.14741109847091 3.5451491381973019 50.049541887827218 4.9065267890691748 307.59869471806451 44.214331239811145 33.277597401291132 4.2756775543093672 3.9915301080327472 1.8178716730326412 1.2692021289840338
leaf_count=2227 3175 53127 2252 910 2 125 63 3 1 29 36 16 98 13 467 7 14 555 60 3175 39 184 13 2331 204 279 2 30 84 10
internal_value=0.00558324 0.000929199 0.0294989 0.0133307 -0.0332132 -0.0270574 -0.724921 -1.61053 -0.52815 -1.3646 -0.014498 0.0356096 -1.53467e-05 -0.0874436 0.00145131 0.0384715 -0.0271766 0.00168946 0.00247423 0.00274289 0.00542613 0.0236583 0.0293206 -0.00356039 -0.0158146 -0.0113095 -0.0303806 0.00385983 0.0439047 -0.06711
internal_weight=1723.23 1442.54 280.691 77.0194 15.6575 15.6121 0.265272 0.115151 0.0900213 0.0263439 15.3468 203.671 15.1326 3.15147 1427.91 188.539 4.32088 1422.15 1359.79 1355.25 950.649 58.5012 54.9561 404.6 97.0014 88.8462 39.3711 49.4751 6.09355 5.26073
internal_count=69531 62787 6744 4344 3434 3432 221 158 155 30 3211 2400 127 29 9660 2273 21 7433 6878 6818 3411 236 197 3407 1076 609 365 244 86 40
is_linear=0
shrinkage=0.05


Tree=113
num_leaves=31
num_cat=0
split_feature=14 2 1 28 6 13 7 18 30 6 5 6 33 8 4 32 28 28 7 7 6 6 28 7 7 8 7 7 32 6
split_gain=72.6984 14.54 13.6215 10.345 9.11643 12.2645 13.2485 8.72055 7.99215 6.99932 10.9357 8.39849 7.88197 6.42129 19.1131 12.7384 12.4769 12.1979 14.8295 9.31561 8.58662 7.65552 9.58067 7.5276 7.10085 6.19612 5.98545 6.06505 5.73726 5.68978
threshold=1.0000000180025095e-35 1.0000000180025095e-35 1.0000000180025095e-35 1.0000000180025095e-35 3.5000000000000004 1.0000000180025095e-35 0.46862745098039221 1.0000000180025095e-35 1.0000000180025095e-35 10.500000000000002 1.0000000180025095e-35 5.5000000000000009 1.0000000180025095e-35 1.0000000180025095e-35 1.0000000180025095e-35 1.0000000180025095e-35 1.0000000180025095e-35 1.0000000180025095e-35 0.2834821428571429 0.162280701754386 7.5000000000000009 6.5000000000000009 1.0000000180025095e-35 0.42481203007518803 0.29705882352941182 1.0000000180025095e-35 0.42481203007518803 0.23303167420814483 1.0000000180025095e-35 6.5000000000000009
decision_type=2 2 2 2 2 2 2 2 2 2 2 2 2 2 2 2 2 2 2 2 2 2 2 2 2 2 2 2 2 2
left_child=1 2 7 4 5 6 -2 9 -5 10 11 -1 13 14 20 19 -17 24 -19 -15 -13 22 -21 28 -16 -8 27 -11 -20 -6
right_child=3 -3 -4 8 29 -7 25 -9 -10 26 -12 12 -14 15 17 16 -18 18 23 21 -22 -23 -24 -25 -26 -27 -28 -29 -30 -31
leaf_value=-0.0030390230486808424 -0.12234475755873708 -0.049948152268386607 -0.05762387955859171 0.037997661439956892 0.0083380618758819285 -0.0097153018332484312 -0.028350354095594128 -0.075457909011140606 0 -0.10284515313356089 -0.076168296252863976 0.0094217944628014055 0.023703471469315424 0.041148503167667702 0.025768457284308429 -0.052505881388951126 0.041453215926689491 -0.04749766783083318 0.0073360576102445675 0.017744331228600949 0.043558013237205914 -0.0080201718008990064 -0.0051111624504423603 -0.028706387909549793 0.0044578279211842852 -0.8003389275438183 -0.063386599111345074 -0.0065978594771575446 -0.051641192785217088 0.038359261714632956
leaf_weight=402.79597786799422 1.0710124400793564 13.920285649655851 9.7032582334359159 181.54693831171608 46.449422604135179 5.0105138748476747 0.036140811396762618 3.6338922819122663 14.987437139390748 1.6784402765333641 4.3655481179448534 29.059922001324594 56.445205258205533 12.476273674517868 64.717380560003221 3.9949314908590159 29.815602649003267 19.609601851552725 97.64270362816751 83.485456804279238 50.543849295005202 268.61923249938991 101.64421559683979 19.990281891077757 98.881544627249241 0.10697740316390991 5.6651723591494365 54.737652811454609 4.2939535910263649 23.948561148252338
leaf_count=5156 48 53127 543 2273 713 3265 63 56 127 37 130 55 234 20 269 130 35 84 206 212 70 1223 214 50 268 2 205 277 186 253
internal_value=0.00537834 0.000885365 0.00138305 0.0290237 0.0134271 -0.0445032 -0.186406 0.00178871 0.0351008 0.00198861 0.00274474 0.00300199 0.00558779 0.00443126 0.00928731 0.000693783 0.0303243 0.00359294 -0.00715239 -0.00145455 0.0311054 -0.00262794 0.00519338 -0.000656169 0.0128921 -0.623242 -0.0144238 -0.0094879 0.00484199 0.018562
internal_weight=1710.88 1437.72 1423.8 273.157 76.6226 6.22464 1.21413 1414.1 196.534 1410.46 1348.38 1344.02 941.22 884.775 384.739 500.036 33.8105 305.135 141.537 466.225 79.6038 453.749 185.13 121.927 163.599 0.143118 62.0813 56.4161 101.937 70.398
internal_count=69531 62787 9660 6744 4344 3378 113 9117 2400 9061 8542 8412 3256 3022 1188 1834 165 1063 526 1669 125 1649 426 442 537 65 519 314 392 966
is_linear=0
shrinkage=0.05


Tree=114
num_leaves=31
num_cat=0
split_feature=14 2 1 27 12 15 7 32 29 30 6 6 6 4 7 32 31 29 30 7 13 16 6 6 15 7 6 33 30 6
split_gain=68.0446 13.8027 12.8709 8.4852 25.2857 16.8982 9.5127 14.0134 7.44182 14.1792 16.5018 11.2062 10.6412 11.9591 7.76665 7.37399 13.3578 7.09209 9.08937 9.25525 8.91204 6.65118 5.63848 5.50979 4.99476 8.0885 6.93678 6.68959 17.9726 11.6607
threshold=1.0000000180025095e-35 1.0000000180025095e-35 1.0000000180025095e-35 1.0000000180025095e-35 1.0000000180025095e-35 1.0000000180025095e-35 0.46862745098039221 1.0000000180025095e-35 1.0000000180025095e-35 1.0000000180025095e-35 6.5000000000000009 9.5000000000000018 5.5000000000000009 1.0000000180025095e-35 0.46862745098039221 1.0000000180025095e-35 1.0000000180025095e-35 1.0000000180025095e-35 1.0000000180025095e-35 0.2834821428571429 1.0000000180025095e-35 1.0000000180025095e-35 4.5000000000000009 4.5000000000000009 1.0000000180025095e-35 0.36939571150097467 6.5000000000000009 1.0000000180025095e-35 1.0000000180025095e-35 4.5000000000000009
decision_type=2 2 2 2 2 2 2 2 2 2 2 2 2 2 2 2 2 2 2 2 2 2 2 2 2 2 2 2 2 2
left_child=1 2 8 4 6 15 7 23 21 11 12 -10 14 -14 22 16 17 18 19 -6 -20 24 -11 -2 27 26 -26 -1 29 -29
right_child=3 -3 -4 -5 5 -7 -8 -9 9 10 -12 -13 13 -15 -16 -17 -18 -19 20 -21 -22 -23 -24 -25 25 -27 -28 28 -30 -31
leaf_value=-0.00013710799053233839 -0.14074796484522883 -0.049943509111854453 -0.057368456515258827 0.03591981283256801 -0.071541454344817429 -0.099546023140517012 0.017760817445105097 -0.24281461255625469 0.029058694952388494 -0.079500360524694821 0.014492911125258291 -0.040042904603627416 -0.13075497668282293 -0.012322783510544888 0.023618401215197954 0.050234078002975885 -0.11429974696393359 0.040587277916267289 -0.24796600390546183 0.021437550201263755 -0.0064324594587392772 -0.082491898170364578 -0.016499435517272548 -0.02713325443590342 0.016270822676036044 -0.11404506359491154 -0.092269891658460085 -0.03050718056021225 -0.10187461906152656 0.030949176491723823
leaf_weight=1143.9741242724122 1.4507532810312094 13.24258647514216 9.2701305141526955 155.68649001051017 2.913098419958259 2.6338595058768979 2.7685987546265096 1.2481465265154836 88.96313264966011 4.7416438323562078 53.931553061120212 6.2668208926916114 4.7381593715399486 3.8904010523110628 9.2059405363397655 27.953638814389706 1.7976982694672177 31.807249532317655 0.65764197506359667 31.519441230324446 0.90396187643636949 2.4115613764151922 14.220966771245003 4.0476857885660138 6.1191851776093227 2.4128231016220516 1.9259894776623694 9.0031929356046003 3.0565720167942336 53.501838366035372
leaf_count=7708 280 53127 543 2240 100 15 2519 8 387 140 218 36 37 24 160 353 20 424 6 646 39 14 87 94 13 25 28 33 39 168
internal_value=0.00515904 0.000845803 0.00132094 0.0284117 0.0177494 0.0251521 -0.0600873 -0.0920868 0.00170801 0.0110264 -0.00311371 0.0245023 -0.0289293 -0.0774908 -0.014014 0.0285339 0.0198051 0.0233845 0.00816183 0.0135382 -0.109399 0.000289957 -0.0323129 -0.0574022 0.000454677 -0.0339337 -0.0097337 0.0007527 0.0162841 0.0220856
internal_weight=1696.26 1430.88 1417.63 265.388 109.702 100.187 9.51518 6.74659 1408.36 185.959 90.7287 95.23 36.7971 8.62856 28.1686 97.5527 69.5991 67.8014 35.9941 34.4325 1.5616 1222.41 18.9626 5.49844 1219.99 10.458 8.04517 1209.54 65.5616 62.505
internal_count=69531 62787 9660 6744 4504 1603 2901 382 9117 1089 666 423 448 61 387 1588 1235 1215 791 746 45 8028 227 374 8014 66 41 7948 240 201
is_linear=0
shrinkage=0.05


Tree=115
num_leaves=31
num_cat=0
split_feature=14 17 27 28 31 19 18 6 19 7 6 7 29 29 32 6 9 26 28 7 6 6 32 4 6 7 7 0 5 4
split_gain=49.4849 10.939 10.0216 11.7522 8.974 8.66259 8.31351 7.99165 7.14693 6.8939 6.36936 6.30628 6.18204 6.14372 9.38203 7.94411 4.80558 4.59703 4.22398 6.42922 4.47281 4.20841 6.23575 17.0697 5.43126 12.8934 11.5243 7.24888 7.59827 7.21065
threshold=1.0000000180025095e-35 1.0000000180025095e-35 1.0000000180025095e-35 1.0000000180025095e-35 1.0000000180025095e-35 1.0000000180025095e-35 1.0000000180025095e-35 3.5000000000000004 1.0000000180025095e-35 0.2834821428571429 2.5000000000000004 0.3585714285714286 1.0000000180025095e-35 1.0000000180025095e-35 1.0000000180025095e-35 6.5000000000000009 1.0000000180025095e-35 1.0000000180025095e-35 1.0000000180025095e-35 0.46862745098039221 4.5000000000000009 5.5000000000000009 1.0000000180025095e-35 1.0000000180025095e-35 6.5000000000000009 0.45804195804195807 0.44722222222222224 1.0000000180025095e-35 1.0000000180025095e-35 1.0000000180025095e-35
decision_type=2 2 2 2 2 2 2 2 2 2 2 2 2 2 2 2 2 2 2 2 2 2 2 2 2 2 2 2 2 2
left_child=1 4 3 5 6 7 8 -2 10 -9 -1 13 17 14 15 -5 18 21 19 -4 -21 -12 24 -24 -23 26 27 -26 -29 -28
right_child=2 -3 16 11 -6 -7 -8 9 -10 -11 12 -13 -14 -15 -16 -17 -18 -19 -20 20 -22 22 23 -25 25 -27 29 28 -30 -31
leaf_value=-0.057590865889503087 -0.087693093619265194 -0.050384775340755264 0.035568618795253713 -0.024199143487348494 -0.038399816299130515 -0.30684282907777766 -0.076332655077033795 -0.14852112015246377 -0.06941751324573428 0.0092355074778000066 0.00052841470326481699 0.033563682857388054 0.01478865223699451 0.034079718060854497 0.025549883847991513 -0.13988555122109581 -0.05798825797588595 0.051897404221203682 0.044705239215683361 -0.04021323805577548 0.023684643966633695 0.011857129674248925 0.03715368508978955 -0.0546015486334279 0.019205346649517847 -0.050107819944053777 -0.052183078810070373 0.0021076351726072779 -0.072786618043989726 0.096952913337120403
leaf_weight=3.8880499231308923 3.188146051947121 8.7749759595171763 45.655662986668176 7.9692505441489629 11.505691287791704 0.25189475109800596 3.0562720458401591 0.72337515677463571 3.1179643124487475 12.414307009348702 377.84254636302649 60.916676138029288 191.33500437581097 11.575727116316559 8.6393589600920677 1.8205302311107514 1.2999179712496687 5.2330863475799552 92.40033882518037 5.2715643260744383 5.6714500738307834 264.58503242964798 38.535112417303026 5.8233069346752009 65.938462644815445 11.09135627542855 0.95377935525902913 526.12355510925408 3.3982038684189311 5.0512251152540557
leaf_count=1017 3041 24828 596 75 404 34 226 121 76 152 9854 740 7348 124 111 22 13 9 1308 252 68 3811 145 213 10969 1555 341 1861 45 68
internal_value=0.00866604 0.00524316 0.0289277 0.0172599 0.00556549 -0.0214311 0.00590197 -0.0168117 0.00607004 0.000404868 0.00622777 0.0243216 0.00639436 0.00553635 -0.012374 -0.0458843 0.0372679 0.00516273 0.0381062 0.0273181 -0.00705976 0.00497372 0.00679586 0.0250873 0.00586999 0.00328296 0.00426916 0.00357262 0.00162469 0.073135
internal_weight=1784.05 1526.25 257.798 107.499 1517.48 16.5777 1505.97 16.3258 1502.92 13.1377 1499.8 90.9215 1495.91 30.0049 18.4291 9.78978 150.299 1304.58 148.999 56.5987 10.943 1299.34 921.5 44.3584 877.142 612.557 601.465 595.46 529.522 6.005
internal_count=69427 62770 6657 4420 37942 3348 37538 3314 37312 273 37236 1072 36219 332 208 97 2237 28871 2224 916 320 28862 19008 358 18650 14839 13284 12875 1906 409
is_linear=0
shrinkage=0.05


Tree=116
num_leaves=31
num_cat=0
split_feature=14 2 1 8 27 31 28 18 19 7 6 29 29 32 7 7 30 31 28 7 6 6 27 33 7 7 32 7 6 4
split_gain=46.9111 15.2056 11.5771 10.1773 9.45199 8.09351 8.04837 7.9031 6.68119 6.05165 5.75493 5.8379 5.68451 8.19518 5.92764 4.60328 4.30412 4.72017 4.20557 6.0323 4.08597 3.93392 3.88374 3.83755 5.40326 5.80321 16.3306 4.57917 6.49961 3.76922
threshold=1.0000000180025095e-35 1.0000000180025095e-35 1.0000000180025095e-35 1.0000000180025095e-35 1.0000000180025095e-35 1.0000000180025095e-35 1.0000000180025095e-35 1.0000000180025095e-35 1.0000000180025095e-35 0.3585714285714286 2.5000000000000004 1.0000000180025095e-35 1.0000000180025095e-35 1.0000000180025095e-35 0.29705882352941182 0.2834821428571429 1.0000000180025095e-35 1.0000000180025095e-35 1.0000000180025095e-35 0.46862745098039221 3.5000000000000004 4.5000000000000009 1.0000000180025095e-35 1.0000000180025095e-35 0.64583333333333337 0.51666666666666672 1.0000000180025095e-35 0.11805555555555557 4.5000000000000009 1.0000000180025095e-35
decision_type=2 2 2 2 2 2 2 2 2 2 2 2 2 2 2 2 2 2 2 2 2 2 2 2 2 2 2 2 2 2
left_child=1 2 5 -2 6 7 20 8 10 12 -1 23 13 14 15 -8 17 -11 19 -6 -5 -21 -7 24 25 -12 -27 28 -25 -24
right_child=3 -3 -4 4 18 22 9 -9 -10 16 11 -13 -14 -15 -16 -17 -18 -19 -20 21 -22 -23 29 27 -26 26 -28 -29 -30 -31
leaf_value=-0.053441567526651114 -0.073571482513366246 -0.049938300174473371 -0.054477094896624723 -0.079677477895357632 0.035056878461536309 -0.084136836831179646 -0.047989070028259299 -0.07663599785512791 -0.068626669171687277 0.041441996495311204 0.0047294137433484271 0.014807399356333302 0.033484628570153975 0.02485399678490656 0.0046306093847757485 -0.14959182924609718 -0.0029407658376216935 -0.029224550831200537 0.044472086918871306 -0.036941018681636649 -0.0050691718905879757 0.023049291704503053 -0.061931069951365804 -0.10908619440566975 0.042564672015007174 -0.088182260376237318 0.059230541404284034 0.02032466619796891 0.020291810906650422 0.0077396953251318533
leaf_weight=3.9937395499437107 2.4123762024955786 12.478804091471828 8.0028991808794654 2.1232977067120364 44.071227934211493 3.0813954382465427 4.6282107108272612 2.8699727127095676 2.9614022259484036 49.206588718108833 1205.7928565583425 187.92408588179387 11.202114446088673 8.4425483793020248 4.1125823692418635 1.4786979109048841 7.2811833638697854 2.467003419995307 88.375238695181906 5.3670651898719353 13.283689854200928 5.5400582011789083 3.0863257447781507 1.6872996253659942 9.3599301793146861 5.4244320347788726 2.8589666932821274 62.881407140055671 2.2503480147570372 5.1719623506069183
leaf_count=2143 3574 53011 537 71 549 97 34 52 41 618 5536 857 124 111 42 16 69 10 1202 72 97 68 33 14 81 135 3 195 26 9
internal_value=0.00830385 0.00500187 0.00545736 0.0283752 0.0293735 0.00577796 0.0179042 0.00609904 0.00625978 0.023693 0.0064102 0.00657261 0.00533313 -0.0115473 -0.0416629 -0.0728768 0.0329824 0.0380536 0.037707 0.0268173 -0.0154287 -0.00643112 -0.0362787 0.00537272 0.0047348 0.00444239 -0.0372332 0.0170429 -0.0351565 -0.0182809
internal_weight=1769.82 1519.83 1507.35 249.992 247.58 1499.34 104.226 1488 1485.13 88.8189 1482.17 1478.18 29.8642 18.662 10.2195 6.10691 58.9548 51.6736 143.354 54.9784 15.407 10.9071 11.3397 1290.26 1223.44 1214.08 8.2834 66.8191 3.93765 8.25829
internal_count=69427 62770 9759 6657 3083 9222 1192 9083 9031 1024 8990 6847 327 203 92 50 697 628 1891 689 168 140 139 5990 5755 5674 138 235 40 42
is_linear=0
shrinkage=0.05


Tree=117
num_leaves=31
num_cat=0
split_feature=14 2 1 27 19 31 18 32 19 17 6 33 27 7 6 1 7 0 7 5 7 7 6 6 27 30 31 4 7 7
split_gain=44.3991 14.3366 10.8859 9.57405 9.4908 7.43444 7.46378 7.04285 6.22464 5.74918 5.18232 4.52817 9.86559 5.51444 6.05635 4.19015 4.01001 3.72679 11.0665 9.96237 4.10153 4.39456 4.04099 15.267 3.65082 3.57725 4.61401 3.56311 3.15801 7.22476
threshold=1.0000000180025095e-35 1.0000000180025095e-35 1.0000000180025095e-35 1.0000000180025095e-35 1.0000000180025095e-35 1.0000000180025095e-35 1.0000000180025095e-35 1.0000000180025095e-35 1.0000000180025095e-35 1.0000000180025095e-35 3.5000000000000004 1.0000000180025095e-35 1.0000000180025095e-35 0.11805555555555557 4.5000000000000009 1.0000000180025095e-35 0.26969696969696971 1.0000000180025095e-35 0.24126984126984127 1.0000000180025095e-35 0.42481203007518803 0.37797619047619052 16.500000000000004 12.500000000000002 1.0000000180025095e-35 1.0000000180025095e-35 1.0000000180025095e-35 1.0000000180025095e-35 0.31414473684210531 0.35504201680672276
decision_type=2 2 2 2 2 2 2 2 2 2 2 2 2 2 2 2 2 2 2 2 2 2 2 2 2 2 2 2 2 2
left_child=1 2 5 4 7 6 8 10 9 11 -2 17 -13 14 -14 -5 -12 18 -1 22 21 28 23 -19 -7 26 -18 -26 -20 -30
right_child=3 -3 -4 15 -6 24 -8 -9 -10 -11 16 12 13 -15 -16 -17 25 19 20 -21 -22 -23 -24 -25 27 -27 -28 -29 29 -31
leaf_value=-0.056106982482302836 -0.033521072550968804 -0.049933310565430745 -0.054290402007731331 0.037168085388694455 -0.27650623145459963 -0.082378888359650404 -0.076602217560518507 0.039030516651437565 -0.067596514698640336 -0.050671917820019022 -0.018462889716435248 -0.060624812290271848 -0.096152518637438275 0.025738444399429294 0.021787962207343945 -0.05686411081031241 0.0266724255811852 0.0054074303368828458 0.026548930959584972 -0.070007399557071595 -0.013063630340267519 0.045567507055344875 0.047907252309057131 -0.081710512593780898 -0.061241996464702866 -0.0073904718800880571 -0.052366830834419065 0.0073862327720560592 -0.042675919124812105 0.024727330347924376
leaf_weight=4.9514111799944649 6.4608266280756643 11.87136308517074 7.6381460010306901 138.18335366564133 0.2659160397015502 2.9922787822142682 2.7311758836731306 26.918677590787411 2.8589598228572859 4.4325747331313314 8.7025023254846001 3.7658049053279674 1.9948642624076445 68.184381888248026 2.3639352507889271 1.1823035897687066 47.585990452382248 1302.4413822472561 30.622536230832338 4.4012231100350609 7.8731212653219691 18.750929124653339 5.5218588318675748 5.037828187167178 2.968107279331889 11.430945434702151 1.907827461749547 5.1495549455285072 6.3167463156860348 10.687482401728628
leaf_count=1108 3113 53011 537 2224 34 97 52 357 41 2457 194 54 18 230 26 13 588 4763 55 52 27 22 9 128 33 126 8 9 24 17
internal_value=0.00795419 0.00477059 0.00520371 0.0278101 0.0162612 0.00550857 0.00581424 0.0170486 0.00596716 0.00611032 0.00926106 0.00628188 0.0181444 0.0222481 -0.0321712 0.0363628 0.0132423 0.00563324 0.0161695 0.00499931 0.0210028 0.0250524 0.00525165 0.00507075 -0.035216 0.0177816 0.0236057 -0.0176897 0.0169571 -0.000292669
internal_weight=1756.19 1513.56 1501.68 242.638 103.273 1494.05 1482.94 103.007 1480.21 1477.35 76.0881 1472.91 76.309 72.5432 4.3588 139.366 69.6273 1396.6 79.2022 1317.4 74.2508 66.3777 1313 1307.48 11.1099 60.9248 49.4938 8.11766 47.6268 17.0042
internal_count=69427 62770 9759 6657 4420 9222 9083 4386 9031 8990 4029 6533 328 274 44 2237 916 6205 1253 4952 145 118 4900 4891 139 722 596 42 96 41
is_linear=0
shrinkage=0.05


Tree=118
num_leaves=31
num_cat=0
split_feature=12 15 7 28 13 27 6 7 6 1 17 31 32 19 10 29 30 6 7 27 6 4 33 33 0 27 28 4 6 7
split_gain=27.5509 17.8802 18.6806 16.2313 14.3008 16.4581 10.8905 10.2393 13.4297 10.0982 9.41845 6.80764 6.3936 5.76515 5.04914 5.15644 10.0438 7.6657 13.9272 6.65882 6.58366 9.77346 4.44953 4.22859 4.02105 3.99506 24.5938 8.98817 4.18935 8.42286
threshold=1.0000000180025095e-35 1.0000000180025095e-35 0.31789473684210529 1.0000000180025095e-35 1.0000000180025095e-35 1.0000000180025095e-35 4.5000000000000009 0.36939571150097467 4.5000000000000009 1.0000000180025095e-35 1.0000000180025095e-35 1.0000000180025095e-35 1.0000000180025095e-35 1.0000000180025095e-35 1.0000000180025095e-35 1.0000000180025095e-35 1.0000000180025095e-35 9.5000000000000018 0.31789473684210529 1.0000000180025095e-35 9.5000000000000018 1.0000000180025095e-35 1.0000000180025095e-35 1.0000000180025095e-35 1.0000000180025095e-35 1.0000000180025095e-35 1.0000000180025095e-35 1.0000000180025095e-35 6.5000000000000009 0.44097222222222227
decision_type=2 2 2 2 2 2 2 2 2 2 2 2 2 2 2 2 2 2 2 2 2 2 2 2 2 2 2 2 2 2
left_child=4 3 -3 6 9 7 22 8 -6 10 11 13 -10 14 15 -1 17 25 -19 -20 23 -22 -2 24 -18 26 27 -17 -28 -30
right_child=1 2 -4 -5 5 -7 -8 -9 12 -11 -12 -13 -14 -15 -16 16 20 18 19 -21 21 -23 -24 -25 -26 -27 28 -29 29 -31
leaf_value=0.0045788918175467463 -0.075363880728013199 -0.22003104160494491 0.0076988400725287055 0.037153422503282615 -0.19386054417257215 0.037041810533220747 0.01314163488487375 0.021169466328981867 0.0043147543688025411 -0.054109259089927253 -0.050348425125181367 -0.034212605056096461 -0.1351327465102112 -0.066593565023389797 -0.049765302527640443 -0.068114230361341108 -0.078786526638569165 0.010532836225050505 -0.059166623046721593 -0.28002695180053766 -0.077782969844659905 0.046383951265387788 0.049088843409011304 -0.10782053832657641 -0.00064365527379925055 0.03819255701083752 0.045140743400052731 -0.26526949981710574 -0.039823476144431075 0.047330672481170205
leaf_weight=1287.6450036161259 5.9857095713923654 1.4513938426971429 2.3342190533876419 130.5477539520034 1.6293307093383171 63.457040086912457 19.153909601620398 5.8284151804618887 3.6125794023828348 7.2893730995565411 7.6799725354067041 10.90534962651145 1.051534332334995 2.7634928297484285 4.1023173845751435 2.3200694210245305 1.6724029423785385 5.4575672067876431 0.72145822321181163 0.66223679529502988 1.7802181307633844 13.695512353908271 0.8039470687508582 0.95148907232214597 77.487290215678513 51.688005519099534 17.71655188800651 0.77056481881299976 5.2680474394001049 5.8257840963779017
leaf_count=11150 518 17 14 1838 276 1159 254 2524 44 537 24795 394 5 74 24220 27 518 35 23 6 56 151 8 27 347 291 47 34 32 6
internal_value=0.00761965 0.0273734 -0.0798301 0.0299749 0.00561783 0.0268414 -0.0061286 -0.0265024 -0.0706945 0.00455251 0.00483844 0.00512329 -0.0272389 0.0054136 0.00554904 0.0057037 0.0134865 0.025431 -0.0253871 -0.16648 0.00217964 0.0320274 -0.0605037 -0.00358333 -0.00231063 0.0295987 0.015651 -0.118128 0.0300555 0.00590079
internal_weight=1742.26 160.277 3.78561 156.491 1581.98 75.5789 25.9436 12.1219 6.29344 1506.4 1499.11 1491.43 4.66411 1480.53 1477.76 1473.66 186.017 90.4303 6.84126 1.3837 95.5869 15.4757 6.78966 80.1112 79.1597 83.589 31.901 3.09063 28.8104 11.0938
internal_count=69427 2649 31 2618 66778 4008 780 2849 325 62770 62233 37438 49 37044 36970 12750 1600 501 64 29 1099 207 526 892 865 437 146 61 85 38
is_linear=0
shrinkage=0.05


Tree=119
num_leaves=31
num_cat=0
split_feature=14 2 15 7 1 8 18 6 28 7 30 29 31 19 6 8 6 7 15 8 4 7 7 7 7 4 29 7 7 6
split_gain=39.5187 12.9678 10.3142 17.8594 9.63949 9.27579 6.98201 6.94198 8.58697 7.98822 7.82368 10.0417 6.22061 5.41755 5.23178 9.08807 14.178 11.0572 10.4705 8.35485 12.8759 8.44296 8.07231 6.55283 9.21857 7.24865 7.19307 6.39901 8.30007 6.08516
threshold=1.0000000180025095e-35 1.0000000180025095e-35 1.0000000180025095e-35 0.31789473684210529 1.0000000180025095e-35 1.0000000180025095e-35 1.0000000180025095e-35 6.5000000000000009 1.0000000180025095e-35 0.46862745098039221 1.0000000180025095e-35 1.0000000180025095e-35 1.0000000180025095e-35 1.0000000180025095e-35 5.5000000000000009 1.0000000180025095e-35 6.5000000000000009 0.21525096525096529 1.0000000180025095e-35 1.0000000180025095e-35 1.0000000180025095e-35 0.46862745098039221 0.39444444444444454 0.46410256410256417 0.44722222222222224 1.0000000180025095e-35 1.0000000180025095e-35 0.36939571150097467 0.44722222222222224 9.5000000000000018
decision_type=2 2 2 2 2 2 2 2 2 2 2 2 2 2 2 2 2 2 2 2 2 2 2 2 2 2 2 2 2 2
left_child=1 4 5 -4 6 -2 12 8 9 -7 -10 -12 13 14 19 23 -17 -18 27 20 -1 -22 -21 24 25 29 -27 -19 -29 -16
right_child=2 -3 3 -5 -6 7 -8 -9 10 -11 11 -13 -14 -15 15 16 17 18 -20 22 21 -23 -24 -25 -26 26 -28 28 -30 -31
leaf_value=-0.068967453142176241 -0.071838030261034705 -0.049925108040773193 -0.17218735758576392 0.022239546036271794 -0.053933521644237536 0.018853162665426838 -0.076581675880016145 0.042270562172127504 0.035004451631202818 -0.027209431164027693 -0.12518001583680702 0.01128365129678173 -0.032477562216587527 -0.065707101942435939 0.031183877636428353 0.012974987394703328 0.041672784738365012 -0.011256397429955741 -0.096753811842954937 0.014137944028868147 -0.011218802361593536 0.043029614154548486 -0.0017359512375608366 -0.01439991447243533 0.076736619860864594 0.0068641555847817094 0.02649903002563795 0.0061224314114454795 -0.044374627667617281 -0.0019907562004009625
leaf_weight=9.0280489657307026 2.278352639399599 10.916832641698418 1.7552828043699253 3.5533293578773737 6.9559226434357688 30.633767295861617 2.6061931557487688 70.481530286837369 97.978042447939515 13.570435264613478 1.6405185386538486 7.3279216093942523 10.883123658059047 2.6597119727521195 77.196528202854097 215.03837714064866 12.963808946311472 164.97446678229608 3.0979810724966219 133.78113469068194 77.542154526512604 7.8908586949110022 199.4088585600548 21.834946585819125 5.705164559185504 321.16459814831614 54.597240442410111 137.03579475148581 8.6398245661985111 16.802043500356376
leaf_count=1689 3574 53011 17 31 537 398 52 931 1414 207 17 68 139 41 115 488 19 673 50 1437 649 9 1461 64 16 1013 325 605 262 115
internal_value=0.0072963 0.00434236 0.0266329 -0.0421562 0.00474068 0.0282678 0.00501661 0.0293023 0.0232496 0.00469795 0.0309117 -0.0137344 0.00516113 0.00544047 0.00557028 0.00748613 0.00300462 -0.00355643 -0.00542813 0.000914153 -0.0122091 -0.00619795 0.00463641 0.012367 0.0135976 0.0128281 0.00971901 -0.00451268 0.00312125 0.0252491
internal_weight=1729.94 1500.72 229.219 5.30861 1489.81 223.911 1482.85 221.632 151.151 44.2042 106.946 8.96844 1480.24 1469.36 1466.7 1039.05 541.75 326.712 313.748 427.651 94.4611 85.433 333.19 497.301 475.466 469.76 375.762 310.65 145.676 93.9986
internal_count=69427 62770 6657 48 9759 6609 9222 3035 2104 605 1499 85 9170 9031 8990 3745 2097 1609 1590 5245 2347 658 2898 1648 1584 1568 1338 1540 867 230
is_linear=0
shrinkage=0.05


Tree=120
num_leaves=31
num_cat=0
split_feature=14 2 6 28 6 4 8 3 27 12 29 32 29 7 28 6 7 12 6 31 4 6 30 29 27 32 7 1 29 7
split_gain=43.4548 10.7872 10.5923 13.2375 16.0641 17.6629 9.67801 8.55155 7.58614 23.1771 7.38023 7.27334 9.21632 9.19357 6.37157 7.7646 6.14475 12.013 8.17402 6.08301 5.86116 16.7823 11.589 16.9717 21.2406 9.4204 7.69983 7.1023 6.64468 5.73095
threshold=1.0000000180025095e-35 1.0000000180025095e-35 8.5000000000000018 1.0000000180025095e-35 9.5000000000000018 1.0000000180025095e-35 1.0000000180025095e-35 1.0000000180025095e-35 1.0000000180025095e-35 1.0000000180025095e-35 1.0000000180025095e-35 1.0000000180025095e-35 1.0000000180025095e-35 0.29705882352941182 1.0000000180025095e-35 6.5000000000000009 0.46862745098039221 1.0000000180025095e-35 5.5000000000000009 1.0000000180025095e-35 1.0000000180025095e-35 2.5000000000000004 1.0000000180025095e-35 1.0000000180025095e-35 1.0000000180025095e-35 1.0000000180025095e-35 0.11805555555555557 1.0000000180025095e-35 1.0000000180025095e-35 0.29705882352941182
decision_type=2 2 2 2 2 2 2 2 2 2 2 2 2 2 2 2 2 2 2 2 2 2 2 2 2 2 2 2 2 2
left_child=1 2 7 -4 5 6 -5 20 9 -2 29 12 13 -11 15 16 18 -18 -10 -15 -1 27 25 -24 -25 26 -23 -22 -28 -6
right_child=8 -3 3 4 10 -7 -8 -9 14 11 -12 -13 -14 19 -16 -17 17 -19 -20 -21 21 22 23 24 -26 -27 28 -29 -30 -31
leaf_value=0.0011006056327329118 -0.051843987042325172 -0.049919782737809816 0.0007474519943828985 0.015010279329685936 -0.061540243052038507 -0.10121904755846003 -0.058175457511192179 -0.068195962833311294 0.037303021666038431 -0.06285009480694824 -0.080837772550708273 0.047935815623647765 0.035355766011962976 0.013578373784894272 0.041709425082025159 0.047130435765606021 0.0094018950647209061 -0.11245945177907338 -0.023164699536130557 -0.078013797741278076 -0.052245030976855747 -0.042587743466035277 -0.10667421068956254 -0.12664090377661044 0.022336543627308508 -0.05449894802481034 0.009802162387799249 0.12285971294132375 0.03414548337312031 -0.00031940829446616464
leaf_weight=833.26514554860478 11.776432943748658 10.407950050634097 149.92203837312991 8.8161145457997918 4.1040579000255084 11.750924097374083 9.2293079039081931 4.180029100200044 17.610584478723467 5.277311194317007 3.353217987343668 21.697979066520929 30.089498488141544 30.882333303197811 75.19498750981802 16.513527334667742 6.3602165180927823 2.9500691239227308 8.1663765078410524 1.9147586090075481 0.65781922428868611 6.5043979700421906 5.1694606235250857 2.8766785915941009 13.963233239017427 5.5470023300731546 268.90824933722615 4.3476330861449242 31.313302985392511 54.223650706815533
leaf_count=6007 2866 53174 754 30 78 56 154 640 285 120 25 341 446 644 1298 232 249 56 124 13 65 82 61 17 85 269 715 11 213 418
internal_value=0.00400997 0.000771624 0.00114436 -0.00839553 -0.0233839 -0.0535271 -0.0224043 0.00310189 0.0242582 0.0140703 -0.00880807 0.0227188 0.0146785 -0.00165417 0.032419 0.0188655 0.00553896 -0.0292368 0.0181254 0.00819365 0.00335706 0.00889708 0.00753315 -0.02752 -0.00314292 0.0100061 0.011176 0.0996894 0.0123439 -0.00464541
internal_weight=1656.97 1428.54 1418.13 241.399 91.4773 29.7963 18.0454 1176.73 228.434 101.638 61.6809 89.8619 68.1639 38.0744 126.796 51.6008 35.0872 9.31029 25.777 32.7971 1172.55 339.288 334.282 22.0094 16.8399 312.273 306.726 5.00545 300.222 58.3277
internal_count=69528 62854 9680 1515 761 240 184 8165 6674 4430 521 1564 1223 777 2244 946 714 305 409 657 7525 1518 1442 163 102 1279 1010 76 928 496
is_linear=0
shrinkage=0.05


Tree=121
num_leaves=31
num_cat=0
split_feature=14 6 28 6 4 8 0 3 17 27 13 28 7 7 6 29 28 6 13 7 27 28 8 4 6 28 0 6 7 6
split_gain=40.512 9.72907 11.833 14.7899 15.4092 9.20579 11.9857 7.95103 7.73064 7.31699 12.8784 9.82684 13.0121 9.37063 7.44308 6.86193 6.2978 7.52624 8.9941 22.568 5.97217 10.12 19.0421 9.16079 13.5197 11.6084 21.8196 9.81455 7.52641 8.41104
threshold=1.0000000180025095e-35 8.5000000000000018 1.0000000180025095e-35 9.5000000000000018 1.0000000180025095e-35 1.0000000180025095e-35 1.0000000180025095e-35 1.0000000180025095e-35 1.0000000180025095e-35 1.0000000180025095e-35 1.0000000180025095e-35 1.0000000180025095e-35 0.2834821428571429 0.31789473684210529 5.5000000000000009 1.0000000180025095e-35 1.0000000180025095e-35 6.5000000000000009 1.0000000180025095e-35 0.46862745098039221 1.0000000180025095e-35 1.0000000180025095e-35 1.0000000180025095e-35 1.0000000180025095e-35 2.5000000000000004 1.0000000180025095e-35 1.0000000180025095e-35 4.5000000000000009 0.46862745098039221 5.5000000000000009
decision_type=2 2 2 2 2 2 2 2 2 2 2 2 2 2 2 2 2 2 2 2 2 2 2 2 2 2 2 2 2 2
left_child=1 7 -3 4 5 6 -4 8 20 10 -2 12 -12 -14 -15 -5 17 18 19 -11 21 22 -1 -22 -25 26 -26 -27 29 -28
right_child=9 2 3 15 -6 -7 -8 -9 -10 16 11 -13 13 14 -16 -17 -18 -19 -20 -21 23 -23 -24 24 25 27 28 -29 -30 -31
leaf_value=-0.003666999084875314 0.024488639211059 0.00018730870018035623 -0.12528904561863285 -0.0047069680570280478 -0.095577945748140283 -0.058001739236284169 0.038725040519601038 -0.067435030137045326 -0.050328747213660978 0.039244115393673354 -0.26528276323122957 0.0023950853637800204 0.053181104034218933 -0.060660790457473517 -0.2857729245498189 -0.078648035053680676 0.041327831625815992 0.04697287406963669 0.014998530396512956 -0.18798021486932859 0.0021629773660006278 0.0031910708553333856 -0.053316647862771661 0.094850464707389767 -0.13484341511776751 -0.06536918583382624 0.0049089559368230545 0.0034865641495569915 -0.022399257259443615 0.036463981157459718
leaf_weight=90.231144304751069 73.166141841553326 151.45748543141235 1.2979288509959586 58.51973087056831 11.925720125698719 8.8048480344004929 7.47726925695315 4.0272725974355117 6.783933572980458 2.4585106311424161 0.72496242652232723 19.646697404492443 1.8140644505620001 4.3237852585079963 0.39458101743366558 3.3073875221889457 72.171720057209313 15.759564695414154 30.495207900909008 1.9492537193000314 529.93831269068323 295.39096035102557 24.570562757144216 5.0626304854231412 2.1512745948857619 5.4591246292693532 28.109917071647942 96.282845045265276 7.6906556114554396 85.400533921085298
leaf_count=19470 1007 7317 49 1097 397 154 20 674 24916 35 108 241 5 3063 6 120 1298 232 651 28 3672 3065 822 32 135 167 103 214 23 407
internal_value=0.00383693 0.000733634 -0.00838147 -0.022595 -0.0517179 -0.0218988 0.014294 0.00260784 0.00284848 0.0236573 0.01361 -0.0159543 -0.0656324 -0.0430273 -0.0801565 -0.00868255 0.0318368 0.0183008 0.00533059 -0.0613266 0.0031576 -0.0017036 -0.0143014 0.00578164 0.014111 0.0122887 0.0226003 -0.000209146 0.0254099 0.0286552
internal_weight=1646.79 1423.89 242.79 91.3329 29.5058 17.58 8.7752 1181.1 1177.07 222.904 100.07 26.9041 7.25739 6.53243 4.71837 61.8271 122.834 50.6625 34.903 4.40776 1170.29 410.193 114.802 760.095 230.157 225.094 123.352 101.742 121.201 113.51
internal_count=69528 62854 9154 1837 620 223 69 53700 53026 6674 4430 3423 3182 3074 3069 1217 2244 946 714 63 28110 23357 20292 4753 1081 1049 668 381 533 510
is_linear=0
shrinkage=0.05


Tree=122
num_leaves=31
num_cat=0
split_feature=14 2 6 28 6 8 27 13 28 6 30 6 29 28 6 13 6 18 30 15 5 27 28 8 29 30 28 8 6 6
split_gain=37.7263 10.0323 8.68435 11.0548 13.8868 7.12083 6.70118 12.0355 8.54895 7.44637 7.10663 9.42141 6.45596 5.89732 6.87567 7.73227 7.99453 5.88191 5.60662 5.53822 5.41951 5.42167 8.34168 20.0915 6.48445 8.77814 12.6251 6.82365 7.21347 6.61522
threshold=1.0000000180025095e-35 1.0000000180025095e-35 8.5000000000000018 1.0000000180025095e-35 9.5000000000000018 1.0000000180025095e-35 1.0000000180025095e-35 1.0000000180025095e-35 1.0000000180025095e-35 6.5000000000000009 1.0000000180025095e-35 3.5000000000000004 1.0000000180025095e-35 1.0000000180025095e-35 6.5000000000000009 1.0000000180025095e-35 4.5000000000000009 1.0000000180025095e-35 1.0000000180025095e-35 1.0000000180025095e-35 1.0000000180025095e-35 1.0000000180025095e-35 1.0000000180025095e-35 1.0000000180025095e-35 1.0000000180025095e-35 1.0000000180025095e-35 1.0000000180025095e-35 1.0000000180025095e-35 6.5000000000000009 2.5000000000000004
decision_type=2 2 2 2 2 2 2 2 2 2 2 2 2 2 2 2 2 2 2 2 2 2 2 2 2 2 2 2 2 2
left_child=1 2 17 18 -5 -2 7 19 9 10 11 -9 -6 14 15 16 -8 20 -4 -7 21 22 23 -1 29 -26 27 -27 -29 -23
right_child=5 -3 3 4 12 6 13 8 -10 -11 -12 -13 -14 -15 -16 -17 -18 -19 -20 -21 -22 24 -24 -25 25 26 -28 28 -30 -31
leaf_value=-0.0018783248513588341 -0.074955878782854687 -0.0499120384948228 -0.0040292957807464705 -0.050127561370401766 -0.0041980114508789754 0.027979736327908591 -0.12420848858963762 -0.039742033792903628 0.002297903889422909 0.014575023073324348 -0.0061414798612647176 -0.21178297651416425 -0.077432883188054177 0.041338996358849536 0.04680922014772923 0.015561455738894862 0.0082499241100552102 -0.074171309986844194 0.020456155258295999 -0.038746591810159575 -0.078111222282458884 0.052843462205993064 0.0028874261744747127 -0.053021196737353837 0.033433889621188144 0.02927610539632948 -0.13067007063769825 -0.086449880825987035 0.0053617548106476669 0.0036737603006146455
leaf_weight=87.274501848820364 1.8254547675996935 9.7140031821618305 120.9196002749959 28.7509102569893 58.129941528022755 67.758055926067755 2.1487614484503856 1.4068390144966572 19.601206095423549 2.1542582921683788 1.4877218129113314 1.8642331324517725 3.165351051837205 69.012375015066937 15.04210278065875 29.60049934219569 2.3954405700787902 2.4644063015875863 28.970125728636049 3.2446199767291537 2.0456800273386753 6.901881510653765 295.72550584506826 24.619637523996062 44.674378041177988 13.422214854508642 1.8043077424517822 3.2445361185818911 6.2142605632543564 679.84525006945478
leaf_count=1372 3588 53174 620 240 496 883 23 56 198 8 10 18 25 1184 232 428 33 54 134 13 115 599 1633 2132 271 104 22 24 11 1828
internal_value=0.00367398 0.000698962 0.0010488 -0.00761464 -0.0214606 0.0230612 0.0238964 0.0141827 -0.0145462 -0.0623125 -0.0971812 -0.13829 -0.0080001 0.0319043 0.018651 0.00622142 -0.0544095 0.0028286 0.000700874 0.0249185 0.00299244 0.00313611 -0.001511 -0.0131393 0.00564203 0.0202128 -0.00369763 0.00634579 -0.0261365 0.00416941
internal_weight=1635.43 1417.89 1408.17 239.936 90.0462 217.542 215.716 97.5169 26.5143 6.91305 4.75879 3.27107 61.2953 118.199 49.1868 34.1447 4.5442 1168.24 149.89 71.0027 1165.77 1163.73 407.62 111.894 756.107 69.3597 24.6853 22.881 9.4588 686.747
internal_count=69528 62854 9680 1515 761 6674 3086 1186 290 92 84 74 521 1900 716 484 56 8165 754 896 8111 7996 5137 3504 2859 432 161 139 35 2427
is_linear=0
shrinkage=0.05


Tree=123
num_leaves=31
num_cat=0
split_feature=12 27 13 28 6 31 6 29 15 33 33 6 1 6 6 7 7 8 13 2 31 33 28 13 6 6 28 27 7 5
split_gain=30.1897 11.8123 15.0165 9.72225 10.0749 9.33759 9.2216 6.75835 7.25588 15.4246 6.91446 8.0946 12.5495 7.75406 6.71476 6.70076 9.66814 6.17923 5.75341 5.70819 5.65815 5.57531 5.38819 4.51174 4.60762 4.47575 4.32041 4.27145 4.18993 4.06681
threshold=1.0000000180025095e-35 1.0000000180025095e-35 1.0000000180025095e-35 1.0000000180025095e-35 4.5000000000000009 1.0000000180025095e-35 3.5000000000000004 1.0000000180025095e-35 1.0000000180025095e-35 1.0000000180025095e-35 1.0000000180025095e-35 2.5000000000000004 1.0000000180025095e-35 5.5000000000000009 8.5000000000000018 0.41421568627450983 0.39444444444444454 1.0000000180025095e-35 1.0000000180025095e-35 1.0000000180025095e-35 1.0000000180025095e-35 1.0000000180025095e-35 1.0000000180025095e-35 1.0000000180025095e-35 6.5000000000000009 6.5000000000000009 1.0000000180025095e-35 1.0000000180025095e-35 0.58571428571428574 1.0000000180025095e-35
decision_type=2 2 2 2 2 2 2 2 2 2 2 2 2 2 2 2 2 2 2 2 2 2 2 2 2 2 2 2 2 2
left_child=1 5 7 4 -2 6 -1 8 10 -10 11 12 -3 -12 29 16 -16 22 19 21 -5 28 -9 -6 27 -20 -17 -25 -8 -13
right_child=3 2 -4 20 23 -7 18 17 9 -11 13 14 -14 -15 15 26 -18 -19 25 -21 -22 -23 -24 24 -26 -27 -28 -29 -30 -31
leaf_value=-0.051262061360307504 -0.048516913727895003 -0.055046954440041151 0.029852291536792211 0.034035308147143124 0.034157849130306471 -0.087401319819334508 -0.0020661285357188655 0.034079866488995574 0.025597747851459088 -0.13416324278237304 -0.0046609301693061895 0.0026753114491875952 0.098287110275841472 0.034493831474848295 -0.016168277644647656 0 0.018229554518378054 0.00052574054826262358 -0.064705497462394373 -0.049856670048721262 -0.03519230440820393 -0.062037825291402809 -0.022690781934108863 -0.0913170219277252 0.049804853780063607 0.0086403397818042935 -0.087742806792987876 -0.00479055969183913 0.028249405888675513 -0.085773470205619567
leaf_weight=10.144382690723431 7.7991985381995645 1.8334877239831247 55.913049827882787 109.96543531835414 14.586260562587995 3.3743832690270201 483.33684209329658 42.802596670066123 3.064625028797308 2.9566580057144165 20.418572001042776 631.82703900748311 4.808515117620118 33.103366240335163 82.603617997825495 2.0385720959457094 27.117617698342656 33.708232380915433 6.5552546311046154 6.2518608944883445 3.0181816448239251 3.8041917570226351 4.6140166099648914 2.0805813429615228 2.299532987177372 3.0248399053743924 4.4227154122199863 4.5355622349306941 11.661398441530762 1.2919689995469514
leaf_count=21716 537 1138 1194 1797 142 740 3356 865 7 14 85 5313 40 115 597 261 148 108 107 30844 15 56 67 21 32 10 79 70 38 16
internal_value=0.00351599 0.00138812 0.0047138 0.0253476 0.000672066 -0.00460878 -0.0040738 0.00314528 0.00177532 -0.0528599 0.002183 0.000952561 0.0558658 0.0195489 0.00046439 -0.0105834 -0.00766141 0.0169083 -0.00314169 -0.0024121 0.0321786 -0.00181545 0.0285415 0.0170306 -0.010941 -0.0415101 -0.0600373 -0.0321728 -0.00135037 0.00249268
internal_weight=1624.96 1480.68 952.525 144.285 31.3011 528.153 524.779 896.612 815.487 6.02128 809.465 755.944 6.642 53.5219 749.302 116.183 109.721 81.1248 514.634 505.054 112.984 498.802 47.4166 23.5019 8.91568 9.58009 6.46129 6.61614 494.998 633.119
internal_count=69528 66914 10047 2614 802 56867 56127 8853 7813 21 7792 7592 1178 200 6414 1085 745 1040 34411 34294 1812 3450 932 265 123 117 340 91 3394 5329
is_linear=0
shrinkage=0.05


Tree=124
num_leaves=31
num_cat=0
split_feature=12 2 28 6 31 6 28 6 3 18 29 0 7 7 31 7 7 0 6 7 1 6 6 1 6 8 7 28 32 29
split_gain=28.1279 9.695 9.27945 8.90801 7.55958 6.79515 9.00453 10.3531 7.57499 5.94001 5.92154 5.56649 16.4467 6.60044 5.27226 5.21713 15.6758 5.29644 8.65576 4.86182 8.86772 12.2251 6.88295 5.68649 5.20921 5.59104 9.4263 19.4331 10.7644 12.6666
threshold=1.0000000180025095e-35 1.0000000180025095e-35 1.0000000180025095e-35 4.5000000000000009 1.0000000180025095e-35 8.5000000000000018 1.0000000180025095e-35 9.5000000000000018 1.0000000180025095e-35 1.0000000180025095e-35 1.0000000180025095e-35 1.0000000180025095e-35 0.35504201680672276 0.30217391304347835 1.0000000180025095e-35 0.45804195804195807 0.44722222222222224 1.0000000180025095e-35 16.500000000000004 0.24126984126984127 1.0000000180025095e-35 3.5000000000000004 2.5000000000000004 1.0000000180025095e-35 5.5000000000000009 1.0000000180025095e-35 0.31789473684210529 1.0000000180025095e-35 1.0000000180025095e-35 1.0000000180025095e-35
decision_type=2 2 2 2 2 2 2 2 2 2 2 2 2 2 2 2 2 2 2 2 2 2 2 2 2 2 2 2 2 2
left_child=1 4 3 -2 5 8 11 -8 9 19 15 12 13 -7 -4 16 17 -9 -19 20 21 -1 -22 24 -21 -26 27 -27 29 -29
right_child=2 -3 14 -5 -6 6 7 10 -10 -11 -12 -13 -14 -15 -16 -17 -18 18 -20 23 22 -23 -24 -25 25 26 -28 28 -30 -31
leaf_value=-0.055778449051584147 -0.044541926726459936 -0.049904449128468836 0.033461651803216662 0.016432708207235105 -0.046914562807861521 -0.00047559072045421811 -0.042445667766751467 0.027313457808364718 -0.066870480584681521 -0.073666332109665653 -0.076480251531422377 -0.0023575148390933666 0.053470556483487135 -0.098366831641056585 -0.032393999331361577 -0.071296863428378154 0.079557635495556084 -0.024628200683123005 0.045521858873248597 -0.0019172520159042067 0.098530500496446682 0.013698718565439978 -0.052688172110256698 -0.052779158757647361 0.011345506618222118 0.0017063324007136717 0.0062944569848622251 -0.076093692895065318 0.053909320120525128 0.0013875790896393731
leaf_weight=6.6655459770117877 8.0641940221939894 9.1672579139003556 106.35071641241666 23.191690084786387 7.9600865117390631 4.6186127983965006 29.674516201484948 8.4927480146288854 3.8092010412365189 2.4684672870498607 2.860536564141511 127.37323419936001 15.592401850968598 2.7455752193927765 3.1132533641975888 2.648450596141628 5.6087856955127782 35.926216694118921 4.9968744572252026 365.50269920969731 4.6978861212264738 122.14090635918546 0.8844740742642897 4.5898473326960803 255.45244242995977 85.214848924893886 337.08331371587701 19.309598052874215 2.4703562259674063 7.2380670830607405
leaf_count=692 537 56261 1797 265 145 28 248 40 634 55 23 713 18 12 15 74 68 299 10 4066 30 524 57 349 866 288 1293 102 2 17
internal_value=0.00336265 0.00132478 0.0247208 0.000675703 0.0016458 0.00191157 -0.00576692 -0.0182549 0.003429 0.00365059 -0.0063829 0.00172411 0.0243837 -0.0371239 0.0315813 -0.00288481 0.00041128 -0.00857614 -0.0160414 0.00380918 0.0127769 0.0100954 0.0744305 0.00268947 0.00292785 0.00543418 0.00208699 -0.0103237 -0.0456568 -0.0549575
internal_weight=1615.91 1475.19 140.72 31.2559 1466.03 1458.07 240.538 90.2081 1217.53 1213.72 60.5336 150.33 22.9566 7.36419 109.464 57.6731 55.0246 49.4158 40.9231 1211.25 134.389 128.806 5.58236 1076.86 1072.27 706.769 451.316 114.233 29.018 26.5477
internal_count=69528 66914 2614 802 10653 10508 1533 762 8975 8341 514 771 58 40 1812 491 417 349 309 8286 1303 1216 87 6983 6634 2568 1702 409 121 119
is_linear=0
shrinkage=0.05


Tree=125
num_leaves=31
num_cat=0
split_feature=14 1 2 27 12 15 7 6 32 32 6 27 32 28 6 6 30 6 6 0 6 7 7 29 29 30 6 6 7 29
split_gain=28.652 8.72174 8.32109 6.53518 19.6884 16.1138 12.1999 9.36547 6.89528 6.64281 5.8421 5.8008 9.54034 13.6314 11.8844 10.2034 20.571 6.47106 6.36519 6.24406 6.31223 29.3807 13.1109 9.5752 6.05354 10.2423 7.15462 5.92907 5.56914 5.29185
threshold=1.0000000180025095e-35 1.0000000180025095e-35 1.0000000180025095e-35 1.0000000180025095e-35 1.0000000180025095e-35 1.0000000180025095e-35 0.44097222222222227 6.5000000000000009 1.0000000180025095e-35 1.0000000180025095e-35 4.5000000000000009 1.0000000180025095e-35 1.0000000180025095e-35 1.0000000180025095e-35 8.5000000000000018 10.500000000000002 1.0000000180025095e-35 11.500000000000002 16.500000000000004 1.0000000180025095e-35 7.5000000000000009 0.36939571150097467 0.31789473684210529 1.0000000180025095e-35 1.0000000180025095e-35 1.0000000180025095e-35 6.5000000000000009 6.5000000000000009 0.24126984126984127 1.0000000180025095e-35
decision_type=2 2 2 2 2 2 2 2 2 2 2 2 2 2 2 2 2 2 2 2 2 2 2 2 2 2 2 2 2 2
left_child=1 2 11 4 6 8 7 9 -6 10 -2 12 14 -14 19 -16 -17 24 -19 -1 22 -22 23 27 -13 -26 -27 -21 -25 -24
right_child=3 -3 -4 -5 5 -7 -8 -9 -10 -11 -12 17 13 -15 15 16 -18 18 -20 20 21 -23 29 28 25 26 -28 -29 -30 -31
leaf_value=0.0098729962457257715 -0.15767978215299247 -0.055992976462564695 -0.049893011166603857 0.028042125808093323 0.015201072610385953 -0.093203249745836478 0.032465877709395151 0.01436591956116416 0.050134865287231378 -0.21520619576973066 -0.050688826034673173 0.0017665637390054266 -0.055052011091013313 0.013543255382259728 0.01454569397471297 -0.056747230462873333 0.030470267590932895 -0.057429326002831099 0.026834101078179035 -0.073388270423630997 0.013359952677554769 -0.072285265541355601 -0.010244868975535735 0.015914278958702854 0.03006677999575566 -0.038568187748441896 0.013327652496537966 -0.032088999731235614 -0.034349350631364635 0.012269090763602926
leaf_weight=24.414311420827289 1.8353563640384871 7.0090094931365448 8.3341783786672732 109.40400056053477 57.860291892626265 3.051637388765811 3.4761974838856977 2.1502013255558268 18.718677721917629 1.1352344900369642 4.2673400513849629 802.67432936836849 7.7867773563484652 101.54350377790979 81.241916806786321 16.270974271988962 11.545297464006582 8.3481471580453199 3.0463208481669417 14.150083585322134 17.86650183936581 22.740875583840534 92.601683326211059 12.378619922266809 49.373546396382153 11.283046329393985 16.097622221335769 22.768982526380569 9.9088160060346109 36.317998982442077
leaf_count=720 277 537 52868 2214 1197 15 2528 6 348 7 87 2740 401 648 398 265 59 93 8 485 81 223 2038 35 306 91 76 131 54 266
internal_value=0.00217832 -0.000399254 -0.000114206 0.0197686 0.00997526 0.0192527 -0.0473838 -0.0770065 0.0237521 -0.104202 -0.0831529 0.000190311 -0.00429366 0.00864857 -0.00820172 0.00559337 -0.0205312 0.00256438 -0.0348538 -0.0141467 -0.016713 -0.0345966 -0.0128485 -0.0323252 0.00305015 0.0164651 -0.00804564 -0.047947 -0.00641549 -0.00389812
internal_weight=1579.6 1377.7 1370.69 201.899 92.4949 79.6306 12.8643 9.38813 76.579 7.23793 6.1027 1362.36 471.536 109.33 362.206 109.058 27.8163 890.823 11.3945 253.148 228.734 40.6074 188.126 59.2065 879.429 76.7542 27.3807 36.9191 22.2874 128.92
internal_count=69202 62523 61986 6679 4465 1560 2905 377 1545 371 364 9118 5804 1049 4755 722 324 3314 101 4033 3313 304 3009 705 3213 473 167 616 89 2304
is_linear=0
shrinkage=0.05


Tree=126
num_leaves=31
num_cat=0
split_feature=14 5 4 6 8 7 29 8 7 28 6 7 8 15 33 7 27 7 0 7 7 7 28 7 28 7 0 7 27 12
split_gain=26.5163 10.8692 8.57064 13.2649 13.6779 12.7371 11.2662 10.4085 15.1972 10.8155 8.98908 7.37652 6.51928 6.36662 6.36647 6.32671 6.21331 13.7422 13.2306 17.7135 16.511 7.75563 6.96509 6.9285 7.4651 6.10075 6.39162 14.7422 6.0214 17.8416
threshold=1.0000000180025095e-35 1.0000000180025095e-35 1.0000000180025095e-35 6.5000000000000009 1.0000000180025095e-35 0.44722222222222224 1.0000000180025095e-35 1.0000000180025095e-35 0.21525096525096529 1.0000000180025095e-35 5.5000000000000009 0.31789473684210529 1.0000000180025095e-35 1.0000000180025095e-35 1.0000000180025095e-35 0.31789473684210529 1.0000000180025095e-35 0.30217391304347835 1.0000000180025095e-35 0.36939571150097467 0.41421568627450983 0.35504201680672276 1.0000000180025095e-35 0.21525096525096529 1.0000000180025095e-35 0.24126984126984127 1.0000000180025095e-35 0.29705882352941182 1.0000000180025095e-35 1.0000000180025095e-35
decision_type=2 2 2 2 2 2 2 2 2 2 2 2 2 2 2 2 2 2 2 2 2 2 2 2 2 2 2 2 2 2
left_child=1 2 3 4 15 7 10 9 -9 -5 11 -4 -2 14 -10 -1 17 23 19 -19 21 -20 -22 -12 -25 -11 27 -27 29 -14
right_child=12 -3 6 5 -6 -7 -8 8 13 25 16 -13 28 -15 -16 -17 -18 18 20 -21 22 -23 -24 24 -26 26 -28 -29 -30 -31
leaf_value=-0.080186143211819716 -0.071617898705055513 -0.070313820517370881 -0.035532592145353946 -0.0097325954813891249 0.0034770102280404728 -0.074654707401131226 0.024310899801362168 0.041928955439997639 -0.016607135853569384 -0.11111054002501566 -0.072205358232501529 -0.0022303376423796432 -0.044329430219897832 -0.098765597112697195 0.023641330339928015 -0.020117812289969263 0.011234998517791238 -0.099118239504331629 -0.029198874803517568 0.043768257154300307 0.02696042174633663 -0.075504680843629851 -0.027811292051435066 -0.0011820996040019711 0.038256884660609752 0.042119437358606064 0.051941760493576072 -0.11211866250945457 0.028229091853934879 0.019611527251446832
leaf_weight=6.0792075743811465 1.944484022209507 5.5240914991518357 25.165520506372559 32.825850530331081 524.83520775538636 7.5947514132276401 67.115885800143587 11.909249176038427 253.52300181379542 0.70625886789639736 2.0497430721152332 49.087060591060435 12.680163594195617 2.2833303055958813 10.202735412865875 15.818868417591146 201.28508660275838 2.5269735741167123 24.319162182509899 14.903243243577888 15.100358318537474 14.461861422285436 9.4097743183374405 20.950570381566649 27.992770314973313 5.3545375864923725 19.209809293271974 2.1681257813397679 105.43978083133698 77.634566464461386
leaf_count=7903 3608 387 1092 10111 3440 2275 1037 21 1311 33 232 698 94 37 21 29206 663 935 92 1113 20 144 46 647 724 111 79 145 1874 1103
internal_value=0.00208278 -0.000383091 -9.95959e-05 -0.00298639 0.00186043 -0.0106513 0.00533072 -0.00921032 -0.0132957 0.00962083 0.00220101 -0.0135271 0.0192022 -0.0157715 -0.0150473 -0.0368454 0.00570987 -0.00273001 -0.015569 0.0229794 -0.026195 -0.0464947 0.00590966 0.0175832 0.0213677 0.0327873 0.0366478 -0.00235737 0.0201106 0.0106248
internal_weight=1570.1 1372.4 1366.88 892.511 546.733 345.778 474.368 338.183 277.918 60.2646 407.252 74.2526 197.699 266.009 263.726 21.8981 333 131.714 80.7214 17.4302 63.2912 38.781 24.5101 50.9931 48.9433 27.4387 26.7325 7.52266 195.755 90.3147
internal_count=69202 62523 62136 54693 40549 14144 7443 11869 1390 10479 6406 1790 6679 1369 1332 37109 4616 3953 2350 2048 302 236 66 1603 1371 368 335 256 3071 1197
is_linear=0
shrinkage=0.05


Tree=127
num_leaves=31
num_cat=0
split_feature=14 5 4 6 32 8 7 29 6 6 7 8 6 32 33 7 7 0 8 0 27 0 7 7 8 27 6 29 30 27
split_gain=24.5018 10.2183 7.77477 11.9898 18.8656 12.5412 12.4588 10.3831 8.44142 8.3878 8.54191 8.59652 8.12094 7.7986 7.41459 7.27609 9.90868 12.0865 13.033 7.70031 15.5729 7.11216 6.67654 6.32943 6.0939 5.86085 6.60913 11.5002 5.76059 5.7416
threshold=1.0000000180025095e-35 1.0000000180025095e-35 1.0000000180025095e-35 6.5000000000000009 1.0000000180025095e-35 1.0000000180025095e-35 0.35147058823529415 1.0000000180025095e-35 8.5000000000000018 9.5000000000000018 0.46862745098039221 1.0000000180025095e-35 5.5000000000000009 1.0000000180025095e-35 1.0000000180025095e-35 0.16954022988505749 0.29705882352941182 1.0000000180025095e-35 1.0000000180025095e-35 1.0000000180025095e-35 1.0000000180025095e-35 1.0000000180025095e-35 0.18465909090909094 0.31789473684210529 1.0000000180025095e-35 1.0000000180025095e-35 7.5000000000000009 1.0000000180025095e-35 1.0000000180025095e-35 1.0000000180025095e-35
decision_type=2 2 2 2 2 2 2 2 2 2 2 2 2 2 2 2 2 2 2 2 2 2 2 2 2 2 2 2 2 2
left_child=1 2 3 5 6 23 15 12 -6 10 11 21 22 -14 -11 -5 19 -18 -19 -17 -21 -8 -4 -1 -2 26 27 -13 -24 -26
right_child=24 -3 7 4 8 -7 9 -9 -10 14 -12 25 13 -15 -16 16 17 18 -20 20 -22 -23 28 -25 29 -27 -28 -29 -30 -31
leaf_value=-0.080415774844633928 -0.071027659038026145 -0.069489813713253176 -0.070462453288433355 0.031930979689874191 0.04667275315562866 0.0033071550512962229 -0.085697966995957178 0.023482421694640709 -0.06036235664464399 -0.063957303740155777 -0.083696810660118803 -0.075785179319926704 0.0064502763175941086 -0.054149070215015964 0.054366313118014591 0.024691175930670311 -0.090137087193729426 0.049362324629203133 -0.0022073045793631453 -0.055213623609130527 -0.010040023556957602 0.035491048916513383 -0.0067755637269283214 -0.019157258334921764 0.01022747272756059 -0.014187444791590349 -0.063456751101278602 0.036907834890007915 -0.10577004541728646 0.027583815302173128
leaf_weight=5.766591217849057 1.8647180668690442 5.3155296763434299 4.6979623091465319 12.293704405863535 18.670554838608954 524.21791849886358 1.3476017662251223 66.037940045469441 2.0310907245147964 18.271942829662297 4.9845010813878607 3.8572880276478845 325.34476409219496 5.3857145374640814 1.4153072834014881 10.824328710688858 2.9035526102234135 18.000904526561499 38.259853646159172 24.038418435142376 92.567213198635727 11.07388214324601 68.254167128397967 15.782888561421712 89.23154631536454 64.041043209843338 15.079260520520618 5.4461352154612541 1.492918411589925 102.58467172621749
leaf_count=7903 3608 387 466 93 65 3440 4112 1037 58 2720 1135 77 4399 217 1 2919 1814 28 263 222 220 31 1207 29206 1197 143 229 14 117 1874
internal_value=0.00199174 -0.000365449 -9.48168e-05 -0.00284251 -0.0101371 0.00176927 -0.0130917 0.00509884 0.0361231 -0.0254265 -0.0198407 -0.0166715 0.00210084 0.00546034 -0.0554024 -0.00530387 -0.00776133 0.00914194 0.0142896 -0.0156134 -0.0193608 0.0222447 -0.0128161 -0.0356028 0.0186354 -0.0221459 -0.0430139 -0.00979328 -0.00891654 0.0195133
internal_weight=1561.08 1367.4 1362.09 890.874 345.107 545.767 324.405 471.213 20.7016 125.517 105.83 100.845 405.176 330.73 19.6873 198.888 186.594 59.1643 56.2608 127.43 116.606 12.4215 74.445 21.5495 193.681 88.4237 24.3827 9.30342 69.7471 191.816
internal_count=69202 62523 62136 54693 14144 40549 14021 7443 123 8462 5741 4606 6406 4616 2721 5559 5466 2105 291 3361 442 4143 1790 37109 6679 463 320 91 1324 3071
is_linear=0
shrinkage=0.05


Tree=128
num_leaves=31
num_cat=0
split_feature=14 5 1 4 6 32 16 7 28 7 0 29 28 6 7 32 6 7 7 15 6 7 0 29 0 17 7 0 31 6
split_gain=22.588 9.60771 8.06759 7.87967 10.8595 17.4376 11.6018 11.6001 11.5338 10.8929 9.87008 9.33184 8.41582 8.20233 8.16754 6.93673 6.82291 6.204 5.84795 6.75871 9.82381 5.29687 14.7391 7.76698 5.55556 5.29518 4.93591 8.92459 7.60066 6.84821
threshold=1.0000000180025095e-35 1.0000000180025095e-35 1.0000000180025095e-35 1.0000000180025095e-35 6.5000000000000009 1.0000000180025095e-35 1.0000000180025095e-35 0.35147058823529415 1.0000000180025095e-35 0.18465909090909094 1.0000000180025095e-35 1.0000000180025095e-35 1.0000000180025095e-35 9.5000000000000018 0.46862745098039221 1.0000000180025095e-35 5.5000000000000009 0.31789473684210529 0.3585714285714286 1.0000000180025095e-35 6.5000000000000009 0.31789473684210529 1.0000000180025095e-35 1.0000000180025095e-35 1.0000000180025095e-35 1.0000000180025095e-35 0.28991596638655465 1.0000000180025095e-35 1.0000000180025095e-35 12.500000000000002
decision_type=2 2 2 2 2 2 2 2 2 2 2 2 2 2 2 2 2 2 2 2 2 2 2 2 2 2 2 2 2 2
left_child=1 2 3 4 6 7 10 8 -6 -10 -1 15 -7 14 -9 16 17 -5 19 20 -2 22 -11 -24 -23 -20 29 -28 -29 -18
right_child=18 -3 -4 11 5 12 -8 13 9 21 -12 -13 -14 -15 -16 -17 26 -19 25 -21 -22 24 23 -25 -26 -27 27 28 -30 -31
leaf_value=-0.055759677474504603 -0.0020016625716423766 -0.068689069640955211 -0.055632668004516043 -0.031217637718400717 0.0029321307082383046 -0.054086771275564521 -0.1500423520161322 -0.015883196744735897 0.037247984873314557 0.036916119829223104 0.0029330835311646101 0.023063416763291867 0.047375582981575501 -0.054814574121595364 -0.08269945780367377 -0.053858211432603879 0.016934174287187888 -9.5771964299167726e-05 0.02620566422631402 -0.068912812426737496 0.040670866441333116 -0.10391519832334924 -0.06639498380292834 -0.011325687887611176 0.007543961755160181 -0.051933242970652105 0.025768173046712195 -0.003805505528716452 0.057937391973956844 -0.098131000891318335
leaf_weight=7.2494843259046311 48.821697030897667 5.1138565903966073 6.4970123263046835 24.142620389757212 139.2203864171388 2.2972607837291461 1.245087694536777 99.844668266843655 6.5367267839901606 5.3292539716276215 535.20122190045367 64.709707802918274 17.714899445418268 18.834705815250345 4.7887868580728528 5.3572422650177023 102.07568070867273 47.614232871885179 117.62469627374594 2.8329526893794528 18.614660497685691 1.2271770168081246 25.288541602902114 8.6097581312060338 11.567543633282185 2.1956762987629181 33.992269293084973 180.29763673059642 5.1155883315950623 1.2986666958749982
leaf_count=35845 1210 387 523 994 5056 89 106 4588 36 121 4338 1031 26 2695 1133 294 1420 587 2121 18 308 26 139 23 112 3022 2401 492 7 54
internal_value=0.00190349 -0.000350907 -9.23219e-05 0.000175099 -0.00259278 -0.00958404 0.00179457 -0.0124065 -0.00489583 -0.0235122 0.00214676 0.00544825 0.0356822 -0.0244321 -0.0189536 0.00259606 0.00336524 -0.0105766 0.0180483 0.00658545 0.00977423 -0.0311621 -0.0402731 -0.0524303 -0.00318015 0.0247654 0.00646642 0.00221943 -0.00209628 0.0154745
internal_weight=1551.26 1361.17 1356.06 1349.56 884.956 341.26 543.696 321.248 197.779 58.559 542.451 464.604 20.0122 123.468 104.633 399.894 394.537 71.7569 190.09 70.2693 67.4364 52.0223 39.2276 33.8983 12.7947 119.82 322.78 219.405 185.413 103.374
internal_count=69202 62523 62136 61613 54333 14044 40289 13929 5513 457 40183 7280 115 8416 5721 6249 5955 1581 6679 1536 1518 421 283 162 138 5143 4374 2900 499 1474
is_linear=0
shrinkage=0.05


Tree=129
num_leaves=31
num_cat=0
split_feature=14 5 1 2 3 8 6 32 27 6 7 7 7 6 7 7 7 6 27 12 15 7 6 32 6 32 7 7 6 31
split_gain=20.8234 9.03604 7.64198 7.40021 6.97137 7.87253 18.2133 13.2399 15.3926 11.299 10.7895 8.30981 6.97451 6.29169 7.82502 7.31703 6.82557 5.81838 5.747 16.2081 13.4655 10.6924 7.68413 7.15412 5.70171 5.67956 5.61179 5.36124 5.22245 5.15202
threshold=1.0000000180025095e-35 1.0000000180025095e-35 1.0000000180025095e-35 1.0000000180025095e-35 1.0000000180025095e-35 1.0000000180025095e-35 6.5000000000000009 1.0000000180025095e-35 1.0000000180025095e-35 5.5000000000000009 0.21525096525096529 0.44097222222222227 0.21525096525096529 10.500000000000002 0.35147058823529415 0.44722222222222224 0.2834821428571429 8.5000000000000018 1.0000000180025095e-35 1.0000000180025095e-35 1.0000000180025095e-35 0.44097222222222227 6.5000000000000009 1.0000000180025095e-35 6.5000000000000009 1.0000000180025095e-35 0.18465909090909094 0.18465909090909094 4.5000000000000009 1.0000000180025095e-35
decision_type=2 2 2 2 2 2 2 2 2 2 2 2 2 2 2 2 2 2 2 2 2 2 2 2 2 2 2 2 2 2
left_child=1 2 3 4 5 9 -7 8 10 26 -8 12 -10 -11 16 -16 -15 -9 19 21 23 22 25 27 -20 28 -1 -21 -2 -29
right_child=18 -3 -4 -5 -6 6 7 17 11 13 -12 -13 -14 14 15 -17 -18 -19 24 20 -22 -23 -24 -25 -26 -27 -28 29 -30 -31
leaf_value=-0.063598556101019679 -0.14449959130491516 -0.067911687054268408 -0.055404378028396095 -0.049876596309217952 -0.068600589840284651 0.0030199014385736654 0.043937880595989832 0.041352498350512051 0.038822819933704691 0.010720506736927593 -0.047734708688617004 -0.077506285371249539 -0.010100878566968428 -0.013448917651563514 0.012295550239020738 -0.06831089649247199 -0.085291200098608688 -0.058062979763360778 0.017943877718892651 -0.15024541039654268 -0.081275247090426883 0.033392485357571312 0.013700539309830477 0.050110839858743067 0.044265356434579663 -0.19410500507176218 -0.0078692782569106216 0.017603789655087545 -0.044856084582763744 -0.059794086734729579
leaf_weight=4.7664214002434155 1.8772185315310688 4.9188388145848867 6.2050136196630765 7.3367730956233563 3.6360202152573029 523.12105324951699 3.4462806568481019 14.459511291002856 7.5405707582831374 393.60556562524289 44.417875026760157 4.4277881049783891 204.36997835896909 9.2330156276002509 30.278688239865005 3.0930247753858557 5.162942297756671 1.6257032568100829 69.721447675106901 0.48870287742465635 3.3101111631840459 3.356826138006908 2.1250377776923415 16.919381983578205 29.26948358095251 1.1857193931937215 84.578653521486558 51.680085044099542 4.472336165352317 2.2311814326058075
leaf_count=516 277 387 523 52655 637 3440 6 64 15 1335 828 93 613 48 86 26 32 48 1632 8 15 2528 6 348 582 7 1171 1170 87 19
internal_value=0.00181956 -0.000334972 -8.81178e-05 0.000167097 0.000442299 0.000631356 -0.00248992 -0.0127748 -0.0154577 0.00535729 -0.0411159 -0.00977701 -0.00835588 0.00864031 -0.00848868 0.00479142 -0.0392903 0.0312439 0.0174776 0.00814345 0.0171291 -0.043308 -0.0700191 0.0217141 0.0257353 -0.0936821 -0.0108547 0.0128654 -0.0745748 0.0143808
internal_weight=1542.86 1356.22 1351.3 1345.1 1337.76 1334.13 803.409 280.288 264.202 530.718 47.8642 216.338 211.911 441.373 47.7677 33.3717 14.396 16.0852 186.638 87.6466 74.6295 13.0171 9.66031 71.3194 98.9909 7.53527 89.3451 54.4 6.34955 53.9113
internal_count=69202 62523 62136 61613 8958 8321 5107 1667 1555 3214 834 721 628 1527 192 112 80 112 6679 4465 1560 2905 377 1545 2214 371 1687 1197 364 1189
is_linear=0
shrinkage=0.05


Tree=130
num_leaves=31
num_cat=0
split_feature=14 16 31 2 8 17 18 29 17 27 12 15 28 29 4 27 26 0 28 27 5 4 1 4 28 27 4 8 28 28
split_gain=26.1414 11.4134 10.0149 7.557 6.20608 5.21487 5.03985 4.57725 4.14035 3.95211 5.79719 5.05531 4.19455 2.40011 5.27509 4.90625 3.95118 3.51012 6.85382 15.0081 5.22333 5.03367 4.21595 6.53185 3.57603 3.16973 7.59291 13.2241 18.0438 3.38341
threshold=1.0000000180025095e-35 1.0000000180025095e-35 1.0000000180025095e-35 1.0000000180025095e-35 1.0000000180025095e-35 1.0000000180025095e-35 1.0000000180025095e-35 1.0000000180025095e-35 1.0000000180025095e-35 1.0000000180025095e-35 1.0000000180025095e-35 1.0000000180025095e-35 1.0000000180025095e-35 1.0000000180025095e-35 1.0000000180025095e-35 1.0000000180025095e-35 1.0000000180025095e-35 1.0000000180025095e-35 1.0000000180025095e-35 1.0000000180025095e-35 1.0000000180025095e-35 1.0000000180025095e-35 1.0000000180025095e-35 1.0000000180025095e-35 1.0000000180025095e-35 1.0000000180025095e-35 1.0000000180025095e-35 1.0000000180025095e-35 1.0000000180025095e-35 1.0000000180025095e-35
decision_type=2 2 2 2 2 2 2 2 2 2 2 2 2 2 2 2 2 2 2 2 2 2 2 2 2 2 2 2 2 2
left_child=1 2 3 6 -2 7 8 9 13 10 12 -12 -6 16 -15 -16 17 18 19 21 22 -1 25 -24 -25 26 27 -19 -29 -27
right_child=4 -3 -4 -5 5 -7 -8 -9 -10 -11 11 -13 -14 14 15 -17 -18 20 -20 -21 -22 -23 23 24 -26 29 -28 28 -30 -31
leaf_value=-0.019028867564549048 -0.070982070862518981 -0.13871796923391472 -0.059925179380567975 -0.049868814974408267 0.019617108031315764 -0.052073358770810055 -0.077118526307383806 0.038559792301367121 -0.050647993200174983 0.026381381223381569 0.020021539524173126 -0.068406729900600496 -0.04463395579638034 0.001433845656184987 0.0013928144170962551 0.03053416995650662 0.051488418597798236 0.030778918740693152 0.027282923959625234 -0.070041523160922742 -0.062908736732997655 0.027634120008326737 -0.050361425189249902 -0.058821009035311157 0.070719490764981061 0.0053158920683805243 -0.013797340520786723 -0.051829511233207518 0.0017552401698779033 -0.0014159823046830762
leaf_weight=8.4111344140837918 1.7813185858144596 1.4378767242087622 6.5441205670649643 6.9692868539568726 3.8305497393012029 2.3024145583622149 1.9849624298512925 39.268759401515126 3.6570904597319887 81.998501405352727 46.901014504721388 1.6619789842516173 7.4551892578601837 108.14973290545458 22.998093986185268 38.992126361466944 3.9717823565006247 34.088466719258577 36.925069093005732 6.8270033895096267 3.1861075272317967 18.360177277383627 1.699001321074318 0.57288140535820264 5.9962352337315679 463.337605914101 112.74707023438532 17.217353697866201 178.26923253654968 312.38351152301766
leaf_count=316 3600 122 814 52249 6 91 60 672 2427 1585 716 9 31 514 70 340 8 119 664 172 56 94 266 16 113 1122 704 879 832 753
internal_value=0.00393146 0.00158736 0.0017335 0.00202527 0.021581 0.0224865 0.00228811 0.0234399 0.00240343 0.0192482 0.00946388 0.0169715 -0.0227839 0.00254535 0.00810478 0.0197329 0.00175925 0.00159382 0.0124157 -0.00391198 0.000917575 0.012953 0.00109913 0.0366514 0.0592743 0.00083544 -0.00317147 0.00204522 -0.00296405 0.00260433
internal_weight=1579.93 1394.73 1393.29 1386.74 185.2 183.418 1379.77 181.116 1377.79 141.847 59.8487 48.563 11.2857 1374.13 170.14 61.9902 1203.99 1200.02 70.5234 33.5983 1129.5 26.7713 1126.31 8.26812 6.56912 1118.04 342.322 229.575 195.487 775.721
internal_count=69420 62710 62588 61774 6710 3110 9525 3019 9465 2347 762 725 37 7038 924 410 6114 6106 1246 582 4860 410 4804 395 129 4409 2534 1830 1711 1875
is_linear=0
shrinkage=0.05


Tree=131
num_leaves=31
num_cat=0
split_feature=14 6 6 6 33 2 3 30 3 4 18 6 1 1 5 33 30 27 4 30 30 6 33 17 27 12 32 28 28 6
split_gain=24.3389 8.76123 7.28336 17.0788 6.88852 6.67241 6.14614 5.4823 5.34626 5.31401 4.80464 4.50217 16.7129 5.89708 4.35445 4.17244 22.3905 6.34176 5.33396 3.9258 3.88772 11.5755 5.80036 3.01877 2.61634 6.9984 5.82816 3.97976 2.93203 3.18106
threshold=1.0000000180025095e-35 3.5000000000000004 10.500000000000002 11.500000000000002 1.0000000180025095e-35 1.0000000180025095e-35 1.0000000180025095e-35 1.0000000180025095e-35 1.0000000180025095e-35 1.0000000180025095e-35 1.0000000180025095e-35 2.5000000000000004 1.0000000180025095e-35 1.0000000180025095e-35 1.0000000180025095e-35 1.0000000180025095e-35 1.0000000180025095e-35 1.0000000180025095e-35 1.0000000180025095e-35 1.0000000180025095e-35 1.0000000180025095e-35 13.500000000000002 1.0000000180025095e-35 1.0000000180025095e-35 1.0000000180025095e-35 1.0000000180025095e-35 1.0000000180025095e-35 1.0000000180025095e-35 1.0000000180025095e-35 6.5000000000000009
decision_type=2 2 2 2 2 2 2 2 2 2 2 2 2 2 2 2 2 2 2 2 2 2 2 2 2 2 2 2 2 2
left_child=2 19 5 4 7 6 10 -4 9 -5 11 12 -1 14 15 23 18 -18 -17 -2 21 22 -11 -13 25 27 -27 -3 29 -26
right_child=1 24 3 8 -6 -7 -8 -9 -10 20 -12 13 -14 -15 -16 16 17 -19 -20 -21 -22 -23 -24 -25 28 26 -28 -29 -30 -31
leaf_value=-0.053022160785175798 -0.014729788792616817 0.022302026724754443 -0.091619576772692876 -0.057573187641930215 0.041380759146062797 -0.049847553045530998 -0.064171997723184868 0.0021088360661860629 0.041278121175965181 -0.077293980119266067 -0.078314909825053347 0.0023291797900852787 0.097849502710141326 -0.053083469139707365 -0.065001884357738529 0.010272788951910717 -0.056852035273946125 -0.205909292794132 0.040679727963828953 -0.13760851181658321 0.028292018140095566 0.020794738868039418 0.028004798258865995 -0.050710288547238927 0.009954682872211006 0.015144977541074259 0.05011134096225605 -0.04014815507496252 0.037293860706974262 0.041331696062163886
leaf_weight=2.9437065875245016 10.045441021476105 3.8270944248097276 10.238350770974643 4.6787770304435972 1.3460684135206982 6.1113545957341548 3.4401121138507724 1.8275043590983848 6.5097870148310895 6.7295143058145204 1.8196569141582575 1243.6695077931508 4.8316954139736481 4.7382714424311407 2.357795149087905 38.262865102849901 1.7650819811969987 1.2160216588526964 23.208096296526492 0.68703448430824288 8.4370134230994172 11.236965703254098 1.6093082830775527 2.6777282027469473 27.681429003830999 51.809844314717338 15.505656301975248 7.5667492729553487 52.301773422397673 11.440697644371538
leaf_count=1840 3114 94 1046 1227 12 50223 661 320 35 353 53 4726 78 402 27 90 33 7 156 479 108 163 60 1090 469 799 334 31 1159 231
internal_value=0.00375869 0.0210117 0.00151268 -0.0167321 -0.0654123 0.00223112 0.002471 -0.077392 -5.19745e-05 -0.00830732 0.00264456 0.00275666 0.0406717 0.00253228 0.00273374 0.00285645 0.0152618 -0.118306 0.0217657 -0.0227631 -4.33472e-05 -0.0122894 -0.0569033 0.00221442 0.0237773 0.0170759 0.0232129 -0.0191267 0.0295388 0.0191514
internal_weight=1570.52 180.866 1389.66 52.6133 13.4119 1337.04 1330.93 12.0659 39.2014 32.6916 1327.49 1325.67 7.7754 1317.9 1313.16 1310.8 64.4521 2.9811 61.471 10.7325 28.0128 19.5758 8.33882 1246.35 170.133 78.7093 67.3155 11.3938 91.4239 39.1221
internal_count=69420 6710 62710 3324 1378 59386 9163 1366 1946 1911 8502 8449 1918 6531 6129 6102 286 40 246 3593 684 576 413 5816 3117 1258 1133 125 1859 700
is_linear=0
shrinkage=0.05


Tree=132
num_leaves=31
num_cat=0
split_feature=14 16 31 6 2 6 6 33 3 30 0 30 6 33 19 7 0 6 28 6 33 27 15 31 7 6 15 6 29 7
split_gain=22.6238 10.4353 9.12865 8.10538 6.79012 6.23295 16.3135 6.47063 5.84405 5.40699 5.40344 6.81618 6.37634 5.53076 4.76884 4.76312 6.49777 7.50465 9.65377 7.22677 4.64496 7.24711 7.64887 4.6109 4.09766 3.91092 6.43024 8.82486 4.75065 7.40231
threshold=1.0000000180025095e-35 1.0000000180025095e-35 1.0000000180025095e-35 3.5000000000000004 1.0000000180025095e-35 10.500000000000002 11.500000000000002 1.0000000180025095e-35 1.0000000180025095e-35 1.0000000180025095e-35 1.0000000180025095e-35 1.0000000180025095e-35 16.500000000000004 1.0000000180025095e-35 1.0000000180025095e-35 0.24126984126984127 1.0000000180025095e-35 2.5000000000000004 1.0000000180025095e-35 3.5000000000000004 1.0000000180025095e-35 1.0000000180025095e-35 1.0000000180025095e-35 1.0000000180025095e-35 0.44097222222222227 6.5000000000000009 1.0000000180025095e-35 7.5000000000000009 1.0000000180025095e-35 0.18465909090909094
decision_type=2 2 2 2 2 2 2 2 2 2 2 2 2 2 2 2 2 2 2 2 2 2 2 2 2 2 2 2 2 2
left_child=1 2 4 -2 5 8 7 9 14 -7 -8 12 13 -12 15 16 -1 18 -18 -19 -17 -22 24 25 -23 28 -27 -28 29 -5
right_child=3 -3 -4 23 -6 6 10 -9 -10 -11 11 -13 -14 -15 -16 20 17 19 -20 -21 21 22 -24 -25 -26 26 27 -29 -30 -31
leaf_value=-0.059346290083970743 -0.021589094838868297 -0.1334890493968077 -0.057670104355280971 -0.13728168836755011 -0.049852690240078719 -0.091227865491299631 0.020943457453281335 0.040531484707789944 -0.063621307992527396 0.0034544772072857555 -0.06946713627874844 0.027462064203439069 0.029571145405370737 0.033126140017126368 -0.066954548868384173 0.0013435383614733992 -0.055212237431241998 -0.060398858922914883 0.1019992026333718 0.012782749309296959 -0.060598301322777631 0.03875474419800648 -0.035828164719220186 -0.030611936437408734 0.0039578778381901495 0.040832777108705559 -0.12500403882713199 0.050011365243493117 0.039245572931116378 0.015435974047475773
leaf_weight=3.1343142692930988 10.76019296257982 1.4214052018069185 6.4599810339859678 0.79007598268799384 6.3083299882564452 9.5796392139163746 18.173366027418524 1.3088920600712306 3.2972070502146371 1.7763395764632157 9.0542787491576746 5.9497049625497302 2.8394019976258269 1.5231106318533427 2.4266055026673703 1123.8815104430978 1.2271493304579042 3.4518351395090567 4.6051948942476884 129.46716142221703 2.8245932077988973 29.681374184787273 5.1255902945995322 3.8783206357657027 11.882019081618635 45.909984680281923 1.4099779073148959 1.4485990367829797 23.731626607713679 88.992836972056466
leaf_count=504 3593 122 814 16 52249 164 62 6 659 19 207 42 13 3 46 6765 93 160 51 513 37 133 13 25 35 924 15 12 443 1682
internal_value=0.00359041 0.00143979 0.0015797 0.0204271 0.00185833 0.00209696 -0.0151918 -0.0642385 0.0027545 -0.0763833 0.0013546 -0.0170029 -0.0367641 -0.0546295 0.00292145 0.00305126 0.0117045 0.0133173 0.0687978 0.0108741 0.0020044 0.0169915 0.0217082 0.0231521 0.0288225 0.0244419 0.0362964 -0.0362746 0.0193418 0.0140714
internal_weight=1562.32 1385.4 1383.98 176.922 1377.52 1371.21 50.2047 12.6649 1321 11.356 37.5399 19.3665 13.4168 10.5774 1317.71 1315.28 141.886 138.751 5.83234 132.919 1173.4 49.5136 46.689 166.161 41.5634 162.283 48.7686 2.85858 113.515 89.7829
internal_count=69420 62710 62588 6710 61774 9525 516 189 9009 183 327 265 223 210 8350 8304 1321 817 144 673 6983 218 181 3117 168 3092 951 27 2141 1698
is_linear=0
shrinkage=0.05


Tree=133
num_leaves=31
num_cat=0
split_feature=14 16 31 6 2 6 6 3 29 0 19 7 1 6 6 1 8 4 6 6 32 0 29 6 6 28 29 31 8 0
split_gain=20.9912 9.55146 8.31794 7.48368 6.43497 5.72281 15.1778 5.49161 5.31942 4.52587 4.45879 4.34633 8.42733 9.42572 6.12316 4.69309 4.67885 8.07729 18.3259 8.01091 6.60463 6.01363 7.15165 11.5475 7.344 6.66445 4.29071 4.23883 4.14918 3.9995
threshold=1.0000000180025095e-35 1.0000000180025095e-35 1.0000000180025095e-35 3.5000000000000004 1.0000000180025095e-35 10.500000000000002 11.500000000000002 1.0000000180025095e-35 1.0000000180025095e-35 1.0000000180025095e-35 1.0000000180025095e-35 0.24126984126984127 1.0000000180025095e-35 3.5000000000000004 2.5000000000000004 1.0000000180025095e-35 1.0000000180025095e-35 1.0000000180025095e-35 6.5000000000000009 8.5000000000000018 1.0000000180025095e-35 1.0000000180025095e-35 1.0000000180025095e-35 8.5000000000000018 5.5000000000000009 1.0000000180025095e-35 1.0000000180025095e-35 1.0000000180025095e-35 1.0000000180025095e-35 1.0000000180025095e-35
decision_type=2 2 2 2 2 2 2 2 2 2 2 2 2 2 2 2 2 2 2 2 2 2 2 2 2 2 2 2 2 2
left_child=1 2 4 -2 5 7 28 10 9 -8 11 12 13 -1 -14 16 17 18 26 -18 21 25 23 -23 -24 -19 -13 -5 29 -7
right_child=3 -3 -4 27 -6 6 8 -9 -10 -11 -12 15 14 -15 -16 -17 19 20 -20 -21 -22 22 24 -25 -26 -27 -28 -29 -30 -31
leaf_value=-0.05798765562080907 -0.020326040375414089 -0.12855593366138046 -0.05531901041551901 0.02379478903677474 -0.04984408406985788 -0.017497446753039173 0.024296482770495995 -0.063066077505736062 -0.07323069020664015 -0.011812878305199732 -0.066013772018404651 -0.066045095516264016 0.093224111780599583 0.011331820307547617 -0.053514305313509626 -0.052665309161385877 0.001236869093062005 -0.00062242134162909292 0.029995085140933249 -0.018031372948410614 -0.053386265193575505 0.0043669731002625653 -0.051240327933085132 -0.020715376678739829 0.027628299623896308 0.04579441716501368 0 -0.028462694190957396 -0.0013474897868614574 -0.093440473582604225
leaf_weight=5.0843068934918838 10.855495483287994 1.4029979404986068 6.399820051759888 158.53811728538858 6.0016811853056415 2.2565338779240829 17.252345768269151 3.1634033073642049 2.2374840562697491 17.421413936885074 2.3404572468134566 6.4848257863923191 4.7538008953852104 130.03804202005267 0.82432879862608377 3.9156567147729211 693.67323232325725 14.124291863292457 69.149518853053451 58.480996146448888 5.1111564782913765 200.31336135766469 3.1952374912798396 59.508026119321585 36.870750605128706 17.023110426962376 3.9439658539486118 3.9611560451921823 2.2635237153153858 7.806872749410104
leaf_count=689 3593 122 814 3092 52249 15 56 659 32 239 46 781 27 542 63 380 3817 25 93 534 229 517 19 189 260 14 125 25 107 67
internal_value=0.00342982 0.00137076 0.00150418 0.0198295 0.00176976 0.00199706 -0.014736 0.00262266 0.00129774 0.00614118 0.00278156 0.00290512 0.011209 0.00871571 0.0713929 0.00190754 0.00209139 0.00634825 0.0206723 -0.000260818 0.0029552 0.00382821 0.00165418 -0.0013764 0.0213149 0.0247365 -0.0410651 0.0225162 -0.0627494 -0.0764956
internal_weight=1554.4 1381.04 1379.64 173.355 1373.24 1367.24 49.2382 1318 36.9112 34.6738 1314.84 1312.49 140.7 135.122 5.57813 1171.79 1167.88 415.724 79.5783 752.154 336.146 331.035 299.887 259.821 40.066 31.1474 10.4288 162.499 12.3269 10.0634
internal_count=69420 62710 62588 6710 61774 9525 516 9009 327 295 8350 8304 1321 1231 90 6983 6603 2252 999 4351 1253 1024 985 706 279 39 906 3117 189 82
is_linear=0
shrinkage=0.05


Tree=134
num_leaves=31
num_cat=0
split_feature=14 16 31 6 2 6 6 33 30 29 18 5 30 7 6 29 7 27 7 7 30 7 7 5 7 1 6 6 33 27
split_gain=19.4328 8.76177 7.57246 6.9051 6.0998 5.20282 13.9034 5.79061 5.20859 4.86343 4.61169 4.52329 4.34707 6.81615 4.73975 4.22653 4.74153 8.90081 6.71026 6.27017 4.47436 13.8939 4.03632 10.9063 3.98039 7.48234 9.18549 5.39482 4.7445 6.75315
threshold=1.0000000180025095e-35 1.0000000180025095e-35 1.0000000180025095e-35 3.5000000000000004 1.0000000180025095e-35 10.500000000000002 11.500000000000002 1.0000000180025095e-35 1.0000000180025095e-35 1.0000000180025095e-35 1.0000000180025095e-35 1.0000000180025095e-35 1.0000000180025095e-35 0.36602870813397131 23.500000000000004 1.0000000180025095e-35 0.3585714285714286 1.0000000180025095e-35 0.31789473684210529 0.26969696969696971 1.0000000180025095e-35 0.46862745098039221 0.35147058823529415 1.0000000180025095e-35 0.24126984126984127 1.0000000180025095e-35 3.5000000000000004 2.5000000000000004 1.0000000180025095e-35 1.0000000180025095e-35
decision_type=2 2 2 2 2 2 2 2 2 2 2 2 2 2 2 2 2 2 2 2 2 2 2 2 2 2 2 2 2 2
left_child=1 2 4 -2 5 10 7 8 -7 12 11 24 13 22 -15 16 17 19 -19 -5 -18 -22 23 -8 25 26 -1 -27 -26 -30
right_child=3 -3 -4 15 -6 6 9 -9 -10 -11 -12 -13 -14 14 -16 -17 20 18 -20 -21 21 -23 -24 -25 28 27 -28 -29 29 -31
leaf_value=-0.057327390864336518 -0.01914188799419287 -0.12407400275176045 -0.05301145604430664 -0.062628330154362963 -0.04983509319664936 -0.087543204373324149 -0.047192891981219461 0.04027722515896557 0.0050449054128364661 -0.070488815786767384 -0.078898784160659707 -0.063116896191671296 0.04120885374986033 -0.065409664694825384 0.029139881666283479 0.03776293299944819 0.027232021359988919 0.041121547053290852 -0.0077403580195053202 0.0023887496476367774 0.036132837505887409 -0.17847546012703508 0.042279429287005586 0.044760527711044343 0.0011242533914009769 0.086915573572866153 0.010925160697276991 -0.053243734326768981 -0.060255910338886713 0.021732932692734387
leaf_weight=5.1125176929053842 10.948840815740366 1.3818882424347965 6.346328948831796 6.7379939131005804 5.7099819655850288 9.099799991410686 6.9389034587075056 1.2671721577644355 1.8095538560301072 2.2094203375745556 1.7273691284353834 2.6019382584345285 6.9400079647894009 5.7705958349688435 1.7052217274904249 33.173744984743735 78.588205224587 16.724965435860213 12.08156085474184 8.1989370575611229 2.4189767266725535 1.082819797331467 7.1413835287094107 6.0049503296613693 1120.8844808094145 4.8401054445712353 129.68298172674258 0.78823673486476753 2.6465329087804994 45.299690512940288
leaf_count=1038 3593 122 814 184 52249 164 94 6 19 32 53 129 21 152 2 669 1496 349 252 119 28 20 9 17 6763 36 713 63 36 178
internal_value=0.00327717 0.00130645 0.00143377 0.0192275 0.00168706 0.00190372 -0.0141092 -0.0603848 -0.0721491 0.0012386 0.00250015 0.00260831 0.00586555 -0.00302765 -0.0437662 0.0218737 0.0176782 0.00436693 0.0206158 -0.026929 0.0247639 -0.0304049 0.0121248 -0.00449337 0.00273979 0.010694 0.00832871 0.0671383 0.00178366 0.0171853
internal_weight=1545.87 1375.91 1374.53 169.956 1368.18 1362.47 48.887 12.1765 10.9094 36.7105 1313.58 1311.86 34.5011 27.5611 7.47582 159.007 125.833 43.7435 28.8065 14.9369 82.09 3.5018 20.0852 12.9439 1309.25 140.424 134.795 5.62834 1168.83 47.9462
internal_count=69420 62710 62588 6710 61774 9525 516 189 183 327 9009 8956 295 274 154 3117 2448 904 601 303 1544 48 120 111 8827 1850 1751 99 6977 214
is_linear=0
shrinkage=0.05


Tree=135
num_leaves=31
num_cat=0
split_feature=14 7 7 28 7 4 30 28 4 7 0 1 28 27 7 31 0 2 7 7 4 30 7 7 28 7 27 8 4 4
split_gain=11.3982 11.6864 19.1038 11.8501 7.52818 6.31128 6.14307 6.65321 5.90035 5.50069 9.01325 6.2691 5.10259 12.7601 7.67878 4.94237 4.38137 6.46085 4.1232 6.57536 6.71732 3.99272 5.82856 10.2332 3.91584 14.3404 12.4436 13.0599 11.1686 10.3092
threshold=1.0000000180025095e-35 0.45804195804195807 0.44722222222222224 1.0000000180025095e-35 0.61250000000000016 1.0000000180025095e-35 1.0000000180025095e-35 1.0000000180025095e-35 1.0000000180025095e-35 0.22649572649572652 1.0000000180025095e-35 1.0000000180025095e-35 1.0000000180025095e-35 1.0000000180025095e-35 0.58571428571428574 1.0000000180025095e-35 1.0000000180025095e-35 1.0000000180025095e-35 0.37797619047619052 0.31414473684210531 1.0000000180025095e-35 1.0000000180025095e-35 0.162280701754386 0.18465909090909094 1.0000000180025095e-35 0.35147058823529415 1.0000000180025095e-35 1.0000000180025095e-35 1.0000000180025095e-35 1.0000000180025095e-35
decision_type=2 2 2 2 2 2 2 2 2 2 2 2 2 2 2 2 2 2 2 2 2 2 2 2 2 2 2 2 2 2
left_child=1 2 9 -4 8 -5 7 -2 12 10 -1 21 -3 14 -14 -9 17 18 19 -11 -21 -12 -23 -24 26 -26 27 29 -28 -18
right_child=6 4 3 5 -6 -7 -8 15 -10 16 11 -13 13 -15 -16 -17 24 -19 -20 20 -22 22 23 -25 25 -27 28 -29 -30 -31
leaf_value=-0.056164916872088549 0.0029999043098180495 -0.02733488427557796 -0.063662981372953148 -0.048932379972469138 -0.087700561197956939 0.15318780070810889 -0.012762640245448972 0.027383932154700447 0.009782492762398674 0.021227114195325764 0.015355263301576057 0.066191102782968386 -0.025442544213525171 0.016558888648328971 0.030321518863937049 -0.031676510209056992 0.020988879422621416 -0.04975323098139834 0.032905634940196125 -0.084466516681051623 -0.0020518098448185982 0.035107635266635399 -0.13655783871761862 -0.0095564220510227834 -0.010852108848372318 0.0073503769357180756 0.0020997987578155078 -0.052840403906250423 0.021355642180839844 -0.016737947073546332
leaf_weight=4.7111974747203922 50.545064861552873 46.864334995363606 0.92056130194396146 0.4203641405183588 3.1187472678866461 3.8604880271886941 18.389177137038132 97.288797883507868 32.753585177168134 27.926594378717709 108.16879124702245 5.534239067521411 63.13919932263525 36.226550075421983 6.8259642720295224 3.6602794276841442 26.816460221190937 3.8688845663236853 24.530255178804509 3.1759438929147992 11.102685344405472 4.8857566954102376 1.8757620332762588 10.06705473177135 262.42810587922577 184.07464280538261 285.70010526420083 16.791616396876634 102.28225587075576 55.676452444167808
leaf_count=4414 3732 13599 377 72 3394 48 708 2229 458 63 607 100 661 206 16 21 125 33460 39 31 23 23 14 76 1142 770 720 1529 459 196
internal_value=0.00230866 0.000754556 0.00265624 0.0981712 -0.0107657 0.133156 0.0145062 0.0178201 -0.00946702 0.002219 0.0116854 0.0141423 -0.01359 -0.00751742 -0.0199914 0.0252346 0.000943706 0.0129525 0.0166022 0.00710897 -0.0204643 0.0118287 -0.0108048 -0.0296429 3.50312e-05 -0.00334686 0.00313503 -0.0126575 0.00717785 -0.00446675
internal_weight=1503.63 1333.75 1144.82 5.20141 188.928 4.28085 169.883 151.494 185.81 1139.62 135.243 130.532 153.056 106.192 69.9652 100.949 1004.37 70.6044 66.7355 42.2052 14.2786 124.997 16.8286 11.9428 933.77 446.503 487.267 99.2845 387.982 82.4929
internal_count=69312 62622 44288 497 18334 120 6690 5982 14940 43791 5234 820 14482 883 677 2250 38557 33616 156 117 54 720 113 90 4941 1912 3029 1850 1179 321
is_linear=0
shrinkage=0.05


Tree=136
num_leaves=31
num_cat=0
split_feature=6 28 27 14 30 4 29 14 4 13 27 6 29 30 29 6 6 29 30 6 4 27 6 6 6 4 33 31 30 29
split_gain=13.0354 14.1229 12.1627 8.76015 8.27344 7.9522 7.24697 7.50282 5.65157 7.09174 9.5484 11.8972 29.4397 7.37 6.86101 5.63066 5.27539 5.76195 7.58856 13.3818 6.55874 6.39962 13.2639 5.55761 5.80197 7.32537 5.38212 5.02148 5.39931 5.71726
threshold=4.5000000000000009 1.0000000180025095e-35 1.0000000180025095e-35 1.0000000180025095e-35 1.0000000180025095e-35 1.0000000180025095e-35 1.0000000180025095e-35 1.0000000180025095e-35 1.0000000180025095e-35 1.0000000180025095e-35 1.0000000180025095e-35 3.5000000000000004 1.0000000180025095e-35 1.0000000180025095e-35 1.0000000180025095e-35 3.5000000000000004 10.500000000000002 1.0000000180025095e-35 1.0000000180025095e-35 9.5000000000000018 1.0000000180025095e-35 1.0000000180025095e-35 6.5000000000000009 6.5000000000000009 7.5000000000000009 1.0000000180025095e-35 1.0000000180025095e-35 1.0000000180025095e-35 1.0000000180025095e-35 1.0000000180025095e-35
decision_type=2 2 2 2 2 2 2 2 2 2 2 2 2 2 2 2 2 2 2 2 2 2 2 2 2 2 2 2 2 2
left_child=1 8 5 16 -4 6 7 -3 9 13 11 -11 -13 -1 -15 -7 17 -2 21 23 -21 22 -19 -20 -25 -26 -27 28 29 -5
right_child=3 2 4 27 -6 15 -8 -9 -10 10 -12 12 -14 14 -16 -17 -18 18 19 20 -22 -23 -24 24 25 26 -28 -29 -30 -31
leaf_value=-0.043168200197690423 0.00055303401287677429 -0.029623073201615408 0.019275081676897829 0.016933641956223471 -0.077455998670871648 -0.076970633139440026 0.015832146226809934 0.014634234107703429 0.0015513254605027576 -0.03474986174051177 0.031425819183335764 -1.1763165947831327 -0.085742922780566944 0.038316107093039148 -0.063827595010596691 0.066615922774767411 0.016321420338770026 0.030590355208366921 -0.025966706814426633 -0.090446717005484872 0.076693319491037665 0.034702398931689159 -0.040336832689720332 0.020140726211623494 -0.069087070710058235 0.017988486713460729 -0.15123798016909404 -0.045810673204061209 -0.010613838201263853 0.047392632968909443
leaf_weight=54.230653226823051 909.72162662314076 57.574988400694565 68.597374212178693 90.609982331126957 2.2725669907231341 0.78436664742912299 15.213131540505854 11.463678495721977 17.306332080137508 1.6062719852757226 8.3496556975733256 0.073681468977156217 0.24921436107342743 5.6101616964224368 2.3122834756031807 4.7894475449429592 68.599781990204065 17.675044129708116 25.614503250999405 0.63064654872141446 6.8748967628635 43.86829312043119 10.496084369104208 22.289226445493114 5.0291684276889983 7.651364154779003 0.49026613285241172 3.1127127302461295 14.203971476959849 18.59423445147695
leaf_count=22198 21789 1279 1259 1881 74 263 270 188 463 2975 349 75 8 1962 4613 149 3346 260 2041 286 53 328 327 909 1111 166 22 19 194 455
internal_value=0.0022051 -0.00820279 0.000667494 0.00429834 0.0161557 -0.0115471 -0.0153797 -0.022266 -0.0240908 -0.0302238 0.00820134 -0.0917027 -0.363963 -0.0365869 0.00839803 0.0462187 0.00288766 0.00200965 0.0114288 -0.000468937 0.0624813 0.0227606 0.00414141 -0.00822214 0.00458523 -0.021697 0.00756378 0.0167691 0.0183552 0.0221283
internal_weight=1495.9 250.434 160.696 1245.46 70.8699 89.8256 84.2518 69.0387 89.7383 72.4319 10.2788 1.92917 0.322896 62.1531 7.92245 5.57381 1118.94 1050.34 140.619 68.5801 7.50554 72.0394 28.1711 61.0745 35.46 13.1708 8.14163 126.521 123.408 109.204
internal_count=69312 36125 3482 33187 1333 2149 1737 1467 32643 32180 3407 3058 83 28773 6575 412 30638 27292 5503 4588 339 915 587 4249 2208 1299 188 2549 2530 2336
is_linear=0
shrinkage=0.05


Tree=137
num_leaves=31
num_cat=0
split_feature=6 7 29 1 8 14 7 8 14 33 6 7 7 7 29 7 0 30 29 6 7 7 29 30 27 19 31 6 27 6
split_gain=11.8272 9.71362 9.43827 8.77041 9.47425 8.1145 5.36624 4.82725 6.69264 14.2713 4.72149 9.77412 5.9814 10.0755 5.31066 5.26542 6.05014 5.08275 5.95997 4.6584 4.63495 8.94643 4.62443 5.59305 4.5369 4.40986 4.43699 4.33871 4.58807 4.1541
threshold=4.5000000000000009 0.31789473684210529 1.0000000180025095e-35 1.0000000180025095e-35 1.0000000180025095e-35 1.0000000180025095e-35 0.61250000000000016 1.0000000180025095e-35 1.0000000180025095e-35 1.0000000180025095e-35 10.500000000000002 0.24126984126984127 0.44097222222222227 0.45804195804195807 1.0000000180025095e-35 0.24126984126984127 1.0000000180025095e-35 1.0000000180025095e-35 1.0000000180025095e-35 5.5000000000000009 0.162280701754386 0.18465909090909094 1.0000000180025095e-35 1.0000000180025095e-35 1.0000000180025095e-35 1.0000000180025095e-35 1.0000000180025095e-35 3.5000000000000004 1.0000000180025095e-35 6.5000000000000009
decision_type=2 2 2 2 2 2 2 2 2 2 2 2 2 2 2 2 2 2 2 2 2 2 2 2 2 2 2 2 2 2
left_child=1 3 7 4 -1 6 10 27 9 -9 15 -12 14 -14 -13 16 -2 18 -18 -17 -19 -22 23 25 -25 26 29 -3 -29 -7
right_child=5 2 -4 -5 -6 22 -8 8 -10 -11 11 12 13 -15 -16 19 17 20 -20 -21 21 -23 -24 24 -26 -27 -28 28 -30 -31
leaf_value=-0.036846347648795373 -0.058077140851702784 -0.021256219490010692 0.018046287500934097 0.06690772136440612 0.0080659682135045124 0.0097265655359370425 -0.17212273543858003 -0.026785740721483133 0.0016720884559674725 -0.17749225505966756 -0.097640236160816685 0.016917590359695284 0.078847043657479923 -0.059392164400284365 -0.041254420453502617 -0.0086304660855482836 0.013331202235922971 0.042921170549722804 0.050695876838284616 0.002066415287286032 -0.12580763868459102 -0.0082007820386058305 0.034976538656411975 -0.091321363051872162 -0.0018653859287409904 -0.091673340839728612 -0.042162711652721369 0.061896824118618632 -0.010110977390063629 0.032636449212251603
leaf_weight=13.907908021913498 2.9909100848526569 8.3431226957272884 18.360639097566491 5.3489968527719602 75.088547161780298 58.111852820089553 0.42843675623225763 95.793620452473988 21.263357592048123 1.5887789810076345 1.8446058992412862 52.963437483849702 7.8333766022624314 1.5724647271854335 4.2234035301298709 116.29812144111202 86.999962182249874 2.9376329146325562 12.174124263226984 814.40474120509316 1.9156802496872831 10.176606443710625 25.990786518785171 2.2499816438321423 3.8343387601780705 0.95998789323493738 3.2108786151511586 4.8157984953577397 4.0609111862795544 30.07977900615515
leaf_count=7000 2657 18497 4778 125 812 1199 60 1620 380 9 94 1946 498 451 357 4552 288 10 76 19558 14 77 569 15 66 20 18 2451 453 662
internal_value=0.00210616 -0.00784807 -0.0155791 0.00478485 0.00103833 0.00410011 0.00274999 -0.0201279 -0.0237188 -0.0292676 0.00281909 0.0155432 0.0187001 0.0556446 0.0126062 0.00198747 0.0119753 0.0138192 0.0179276 0.000729146 -0.0132506 -0.0269621 0.0162115 0.0112493 -0.0351238 0.014313 0.0154415 0.00458419 0.0289242 0.017549
internal_weight=1489.77 248.572 154.226 94.3455 88.9965 1241.2 1116.76 135.866 118.646 97.3824 1116.34 68.4373 66.5927 9.40584 57.1868 1047.9 117.195 114.204 99.1741 930.703 15.0299 12.0923 124.438 98.4468 6.08432 92.3625 91.4025 17.2198 8.87671 88.1916
internal_count=69312 36125 28188 7937 7812 33187 30638 23410 2009 1629 30578 3346 3252 949 2303 27232 3122 465 364 24110 101 91 2549 1980 81 1899 1879 21401 2904 1861
is_linear=0
shrinkage=0.05


Tree=138
num_leaves=31
num_cat=0
split_feature=29 17 7 1 14 7 7 7 32 7 7 7 27 1 8 18 14 4 33 27 7 32 4 7 7 0 27 7 8 7
split_gain=9.39831 6.17275 5.1055 5.31484 5.07318 7.89231 5.16572 15.266 8.93116 8.42719 7.29484 5.11388 4.93103 4.89172 6.06149 4.76635 4.35119 4.08823 3.99657 5.42728 5.19769 4.26508 9.76792 10.1231 9.76189 4.95698 6.77318 7.04811 7.42245 12.8473
threshold=1.0000000180025095e-35 1.0000000180025095e-35 0.12916666666666668 1.0000000180025095e-35 1.0000000180025095e-35 0.61250000000000016 0.45804195804195807 0.44722222222222224 1.0000000180025095e-35 0.58571428571428574 0.43303571428571436 0.3585714285714286 1.0000000180025095e-35 1.0000000180025095e-35 1.0000000180025095e-35 1.0000000180025095e-35 1.0000000180025095e-35 1.0000000180025095e-35 1.0000000180025095e-35 1.0000000180025095e-35 0.39444444444444454 1.0000000180025095e-35 1.0000000180025095e-35 0.37797619047619052 0.42481203007518803 1.0000000180025095e-35 1.0000000180025095e-35 0.41421568627450983 1.0000000180025095e-35 0.35504201680672276
decision_type=2 2 2 2 2 2 2 2 2 2 2 2 2 2 2 2 2 2 2 2 2 2 2 2 2 2 2 2 2 2
left_child=1 2 13 4 5 6 7 10 -8 -10 18 -6 -12 14 -1 16 17 -2 21 -20 -21 25 23 -23 -25 -4 27 28 29 -27
right_child=15 -3 3 -5 11 -7 8 -9 9 -11 12 -13 -14 -15 -16 -17 -18 -19 19 20 -22 22 -24 24 -26 26 -28 -29 -30 -31
leaf_value=-0.028144594967031131 0.0030781921089564094 -0.050752070628329073 0.012607651339999477 -0.052801409177554028 -0.003255135148020301 -0.093157242683064384 -0.0013922797113984896 0.083239913712875674 -0.033182982802665149 0.060766501564910591 -0.015005616854731927 0.017658876609068314 -0.091322567464814222 0.06667803759169004 0.033785828481413989 -0.21118662196598079 0.028958048116679558 0.019385260127428514 -0.061962270552796177 0.026608608794708478 -0.029825835797538433 0.03534986637629433 -0.053794401020208688 -0.05379022370485164 0.026612382832735943 0.0043933217087435261 0.00085132712478698655 0.017846617887127117 -0.026946665978979413 -0.036413675118983323
leaf_weight=6.1729696059301249 104.52719048938525 5.8503444048956217 65.04837569524534 4.6916473659512112 46.118890244596514 2.288684942686813 114.68544648315583 5.5947361256039576 41.81403591443086 2.5188043117523184 5.5448190152092121 79.619536893260374 3.438286241806054 5.2275215412664684 10.915111487731338 0.22843458579882181 33.079820512476545 60.865449406235712 2.1093257266547871 35.382279812474735 4.5952046737074843 34.502759513678029 4.8571611582301548 7.5692022153525595 7.5043196938931942 81.326653550378978 600.39940060861409 20.29116055945633 62.871776443091221 25.268220084952191
leaf_count=1238 10478 23899 17706 406 947 388 5070 405 199 1 747 1663 154 83 34 29 1026 1019 491 119 20 87 227 127 49 279 1392 116 802 111
internal_value=0.00200907 0.000445162 0.000679883 0.000258873 0.000458312 -0.000603557 -0.000414051 0.000959754 -0.0087649 -0.0278214 0.00047921 0.00998432 -0.0443406 0.0243812 0.0113812 0.0121294 0.0123995 0.00908312 0.00090324 0.0159648 0.0201034 0.00020566 0.0137754 0.0204151 -0.0137377 -0.000657616 -0.00175044 -0.00998474 -0.0133209 -0.00527776
internal_weight=1484.91 1286.21 1280.36 1258.04 1253.35 1127.61 1125.32 966.304 159.018 44.3328 960.709 125.738 8.98311 22.3156 17.0881 198.701 198.472 165.393 951.726 42.0868 39.9775 909.639 54.4334 49.5763 15.0735 855.206 790.157 189.758 169.467 106.595
internal_count=69312 56760 32861 31506 31100 28490 28102 22832 5270 200 22427 2610 901 1355 1272 12552 12523 11497 21526 630 139 20896 490 263 176 20406 2700 1308 1192 390
is_linear=0
shrinkage=0.05


Tree=139
num_leaves=31
num_cat=0
split_feature=6 28 32 12 4 13 27 6 29 30 29 12 30 6 29 30 6 27 6 4 6 6 28 33 28 28 6 6 30 4
split_gain=10.2736 13.0526 10.5237 6.97386 5.41435 6.32979 8.61293 7.96105 9.76998 6.34772 6.4722 5.24009 4.7709 3.84383 5.31252 7.28435 11.8152 6.39459 11.9427 5.90988 4.69586 5.42967 5.05985 4.79333 4.58494 4.32679 7.004 6.93338 5.5398 4.37677
threshold=4.5000000000000009 1.0000000180025095e-35 1.0000000180025095e-35 1.0000000180025095e-35 1.0000000180025095e-35 1.0000000180025095e-35 1.0000000180025095e-35 3.5000000000000004 1.0000000180025095e-35 1.0000000180025095e-35 1.0000000180025095e-35 1.0000000180025095e-35 1.0000000180025095e-35 10.500000000000002 1.0000000180025095e-35 1.0000000180025095e-35 9.5000000000000018 1.0000000180025095e-35 6.5000000000000009 1.0000000180025095e-35 6.5000000000000009 7.5000000000000009 1.0000000180025095e-35 1.0000000180025095e-35 1.0000000180025095e-35 1.0000000180025095e-35 11.500000000000002 12.500000000000002 1.0000000180025095e-35 1.0000000180025095e-35
decision_type=2 2 2 2 2 2 2 2 2 2 2 2 2 2 2 2 2 2 2 2 2 2 2 2 2 2 2 2 2 2
left_child=1 4 12 13 5 9 7 -7 -9 -1 -11 -4 -3 14 -2 17 20 18 -16 -18 -17 -22 23 -23 -20 28 29 -28 -15 -27
right_child=3 2 11 -5 -6 6 -8 8 -10 10 -12 -13 -14 25 15 16 19 -19 24 -21 21 22 -24 -25 -26 26 27 -29 -30 -31
leaf_value=-0.041048453648446594 0.00070144938704147291 0.013900910329608133 -0.021180301561452907 0.017991504261546051 0.0021695350860407104 -0.033971266003772559 0.030921297822658806 -0.59704192194515338 -0.083846852865775368 0.037105623797743001 -0.063669754201993209 0.049824514090735073 -0.020209442226402433 -0.011071534694961648 0.02916743542239484 -0.024065631501006837 -0.087721979093667482 0.033781057578910083 -0.12658516882734766 0.072158876401702043 0.019117671160691446 0.0078610454761947387 -0.06862078122045201 -0.15793550929310729 -0.025979532084152469 -0.048273799363028141 -0.059797048917302399 0.020898074041993966 0.030980564608615188 0.05663002088152938
leaf_weight=53.388132407657395 941.32940231102111 94.664601262169526 48.535227409563959 80.691984654695261 17.415056016878225 1.5316889067944401 8.0121952966292156 0.14497412735954629 0.24782813356432598 5.4273131436275426 2.2422204596841766 2.7321464531123629 11.475853212050422 24.552024812677701 17.067686247115493 25.866310053464986 0.62012159574805892 44.926631591792102 1.2846570608126029 6.8412006069120253 22.01214761382289 8.3980785208841517 3.9699206279365162 0.44974924817506767 9.3740169292868813 1.0488992180398788 3.3799745915603117 12.372523782600181 11.485165101847086 15.695228134165518
leaf_count=22198 22490 2743 299 1740 463 2975 349 75 8 1962 4613 60 380 2011 260 2052 286 416 279 53 911 1163 115 22 48 103 193 238 606 201
internal_value=0.00191859 -0.00741312 0.00121882 0.00378193 -0.0227858 -0.0289139 0.00804684 -0.086595 -0.284616 -0.0349375 0.00753387 -0.0173776 0.0102066 0.00278489 0.00205702 0.0111149 -0.000619618 0.0221288 0.00322449 0.0587044 -0.00792896 0.004044 -0.021798 -0.000678998 -0.0382594 0.0142685 0.0274969 0.00352485 0.00232161 0.0500038
internal_weight=1477.18 245.817 157.408 1231.37 88.4094 70.9944 9.93669 1.92449 0.392802 61.0577 7.66953 51.2674 106.14 1150.67 1082.14 140.811 68.1575 72.653 27.7264 7.46132 60.6962 34.8299 12.8177 8.84783 10.6587 68.5338 32.4966 15.7525 36.0372 16.7441
internal_count=69312 36125 3482 33187 32643 32180 3407 3058 83 28773 6575 359 3123 31447 28095 5605 4602 1003 587 339 4263 2211 1300 1185 327 3352 735 431 2617 304
is_linear=0
shrinkage=0.05


Tree=140
num_leaves=31
num_cat=0
split_feature=14 7 0 27 7 27 7 12 7 7 1 2 1 17 31 30 7 29 29 33 27 7 7 29 7 30 19 13 30 29
split_gain=9.83624 5.77848 7.71745 6.21457 5.76588 5.30188 11.4964 6.7837 7.29419 5.14913 4.76653 4.49378 4.06827 3.94275 3.96978 4.04118 6.08932 4.25216 3.7873 3.53576 6.95838 3.68216 11.0595 3.18527 6.53432 7.26382 3.01107 2.99553 2.96829 2.94708
threshold=1.0000000180025095e-35 0.22649572649572652 1.0000000180025095e-35 1.0000000180025095e-35 0.36939571150097467 1.0000000180025095e-35 0.31789473684210529 1.0000000180025095e-35 0.24126984126984127 0.21525096525096529 1.0000000180025095e-35 1.0000000180025095e-35 1.0000000180025095e-35 1.0000000180025095e-35 1.0000000180025095e-35 1.0000000180025095e-35 0.46862745098039221 1.0000000180025095e-35 1.0000000180025095e-35 1.0000000180025095e-35 1.0000000180025095e-35 0.58571428571428574 0.5634920634920636 1.0000000180025095e-35 0.29705882352941182 1.0000000180025095e-35 1.0000000180025095e-35 1.0000000180025095e-35 1.0000000180025095e-35 1.0000000180025095e-35
decision_type=2 2 2 2 2 2 2 2 2 2 2 2 2 2 2 2 2 2 2 2 2 2 2 2 2 2 2 2 2 2
left_child=1 2 -1 9 5 7 -7 8 -2 29 11 19 -5 14 15 -6 -17 27 -8 21 -21 22 26 24 25 -9 -3 -18 -25 -4
right_child=4 10 3 12 13 6 18 23 -10 -11 -12 -13 -14 -15 -16 16 17 -19 -20 20 -22 -23 -24 28 -26 -27 -28 -29 -30 -31
leaf_value=-0.055509169283155003 0.022528840946801493 -0.0018284139154398915 -0.025329263151645177 0.015564299797556356 0.027117518492177636 0.041543939451160472 -0.027043748622905359 -0.036210062811528311 -0.10479854734155791 0.033955081807386066 -0.05557187444368477 -0.049800230426987363 0.060471379482129162 -0.051498080947577012 -0.044571417804907726 0.024587033944213976 -0.21523407474300571 -0.014875050578594347 0.049514367244057896 -0.059638700897696788 0.016513166511157525 0.021138159863811991 -0.12788570219208781 0.049934951355005169 0.023591769397462874 -0.23695982383421332 -0.063891792996289165 -0.064633935691384661 -0.0094706321971529117 0.0060338000960301593
leaf_weight=4.4576016587782297 1.5971366968005352 1114.3429652636405 20.530431526764005 91.601047347066924 81.706440989531984 17.576634004100924 13.380657471148876 6.8986796211975161 3.7225473191431888 6.7925040377303949 4.0648609892887171 4.7667382282888857 5.339012782322242 1.8521712722331347 2.1784746612684094 5.8544807569232926 0.55409135899390116 2.3138270018680487 1.8238140150569968 3.1896268575219429 47.560339216142893 17.244580815335212 1.7358425827696908 4.2372464291693177 5.2031891674487269 0.47414181967997127 1.9482453642413009 0.86186589316639584 4.1365098548631067 11.749169257236643
leaf_count=4476 42 6107 317 379 1911 411 320 185 287 20 412 49809 41 3031 18 96 8 92 55 49 169 918 19 99 116 5 41 18 41 80
internal_value=0.000925573 -0.000455526 0.00913647 0.0112627 0.0128746 0.000588285 0.0140064 -0.0161358 -0.0665065 -0.00556116 -0.00158367 -0.00139849 0.0180487 0.0204798 0.0219168 0.0235136 -0.00715434 -0.0570436 -0.017801 -0.00120312 0.0117064 -0.00178075 -0.00213489 -0.00329591 -0.0192196 -0.0494914 -0.00193775 -0.125013 0.0205536 -0.0138999
internal_weight=1489.69 1335.32 140.47 136.012 154.372 59.0506 32.7811 26.2695 5.31968 39.0721 1194.85 1190.79 96.9401 95.3214 93.4692 91.2907 9.58427 3.72978 15.2045 1186.02 50.75 1135.27 1118.03 20.9498 12.576 7.37282 1116.29 1.41596 8.37376 32.2796
internal_count=69572 62837 5313 837 6735 1561 786 775 329 417 57524 57112 420 5174 2143 2125 214 118 375 7303 218 7085 6167 446 306 190 6148 26 140 397
is_linear=0
shrinkage=0.05


Tree=141
num_leaves=31
num_cat=0
split_feature=12 15 32 31 0 5 29 18 30 19 30 28 28 33 27 13 13 29 33 30 27 4 27 2 29 30 26 8 30 30
split_gain=8.46909 7.50536 5.75294 6.42181 5.03072 5.82764 4.28913 4.28592 3.54148 3.40439 3.21582 7.10703 4.77809 3.7881 5.03742 8.90454 7.10483 2.96806 2.83191 18.9579 5.15439 2.98166 6.13214 2.71391 2.65642 12.3207 3.11755 2.11166 7.75992 4.53378
threshold=1.0000000180025095e-35 1.0000000180025095e-35 1.0000000180025095e-35 1.0000000180025095e-35 1.0000000180025095e-35 1.0000000180025095e-35 1.0000000180025095e-35 1.0000000180025095e-35 1.0000000180025095e-35 1.0000000180025095e-35 1.0000000180025095e-35 1.0000000180025095e-35 1.0000000180025095e-35 1.0000000180025095e-35 1.0000000180025095e-35 1.0000000180025095e-35 1.0000000180025095e-35 1.0000000180025095e-35 1.0000000180025095e-35 1.0000000180025095e-35 1.0000000180025095e-35 1.0000000180025095e-35 1.0000000180025095e-35 1.0000000180025095e-35 1.0000000180025095e-35 1.0000000180025095e-35 1.0000000180025095e-35 1.0000000180025095e-35 1.0000000180025095e-35 1.0000000180025095e-35
decision_type=2 2 2 2 2 2 2 2 2 2 2 2 2 2 2 2 2 2 2 2 2 2 2 2 2 2 2 2 2 2
left_child=4 2 3 6 23 7 10 9 -8 18 12 -12 13 14 15 -2 -16 -3 24 21 -21 -20 -23 -1 26 -26 27 28 -6 -29
right_child=1 17 -4 -5 5 -7 8 -9 -10 -11 11 -13 -14 -15 16 -17 -18 -19 19 20 -22 22 -24 -25 25 -27 -28 29 -30 -31
leaf_value=-0.011353352586640955 0.026643770217252335 -0.076286904415546752 0.050056108301810509 -0.0902081092527902 0.0033238603416552272 -0.063332602238664742 0.04685936514791765 -0.080051781215661755 0.0060594519027632405 -0.049286259918881692 0.023451789116395463 -0.12464879230241754 0.021178467392932873 0.049766451687610798 -0.098706695809170575 -0.10987248939910571 -0.0024075053117368485 0.0023277426468995442 0.0091604425688701831 -0.053702165401368296 -0.1906562107853694 -0.06404616331463972 0.040286148024004521 -0.049811146803599382 0.019938182384858161 -0.0086614801005686828 0.05169575354706777 -0.0034156704265644539 -0.043945369597926887 0.012236499279311655
leaf_weight=50.782487095682882 8.2048046598829423 3.004429578781127 12.100590426474808 1.4639739892509158 387.53978668378113 3.5588142163469447 15.701599458021519 1.6332161364553019 8.0910228752727562 3.380886182159883 1.87467657383604 1.4073143839486875 37.514291319414042 2.377622175961732 3.595244130032369 1.3872668114327105 4.1106912803552405 1.974307646974921 44.156221841461957 1.5438376286765552 1.2649625763297081 1.5111621432006384 18.622794223017991 5.0467874985863537 80.448390317615122 70.754143024882069 2.8414056897163382 650.74476213154412 8.8703461524564755 49.785145533067407
leaf_count=1352 141 25 327 22 2351 78 453 59 198 73 57 13 949 45 61 286 94 7 200 38 7 12 136 56216 461 594 5 4806 141 365
internal_value=0.000884022 0.0147286 0.0177812 0.0132145 -0.000145258 0.000473165 0.0150277 0.000645642 0.0330141 0.000746361 0.00793845 -0.0400874 0.0107098 -0.00922534 -0.0173868 0.00675398 -0.0474709 -0.04507 0.000875447 0.010882 -0.116015 0.016451 0.0324027 -0.0148471 0.000338246 0.00655218 -0.000515669 -0.000651838 0.00226379 -0.00230243
internal_weight=1485.29 102.808 97.8291 85.7285 1382.49 1326.66 84.2645 1323.1 23.7926 1321.46 60.4719 3.28199 57.1899 19.6756 17.298 9.59207 7.70594 4.97874 1318.08 67.099 2.8088 64.2902 20.134 55.8293 1250.98 151.203 1099.78 1096.94 396.41 700.53
internal_count=69572 2678 2646 2319 66894 9326 2297 9248 651 9189 1646 70 1576 627 582 427 155 32 9116 393 45 348 148 57568 8723 1055 7668 7663 2492 5171
is_linear=0
shrinkage=0.05


Tree=142
num_leaves=31
num_cat=0
split_feature=14 7 15 7 6 7 0 1 2 1 6 12 33 31 6 33 15 7 7 28 15 28 19 7 0 8 6 19 6 6
split_gain=8.50227 5.35972 5.49068 6.12428 5.44374 5.20052 7.12477 4.5425 4.07703 4.01661 6.52827 3.51239 6.93583 3.43278 3.20715 2.97498 5.76136 3.3566 10.1861 4.95705 4.64 2.83298 2.7075 2.63126 2.92035 3.62575 4.60273 2.60328 2.65104 7.91546
threshold=1.0000000180025095e-35 0.36939571150097467 1.0000000180025095e-35 0.31789473684210529 2.5000000000000004 0.22649572649572652 1.0000000180025095e-35 1.0000000180025095e-35 1.0000000180025095e-35 1.0000000180025095e-35 3.5000000000000004 1.0000000180025095e-35 1.0000000180025095e-35 1.0000000180025095e-35 2.5000000000000004 1.0000000180025095e-35 1.0000000180025095e-35 0.58571428571428574 0.54195804195804198 1.0000000180025095e-35 1.0000000180025095e-35 1.0000000180025095e-35 1.0000000180025095e-35 0.26969696969696971 1.0000000180025095e-35 1.0000000180025095e-35 7.5000000000000009 1.0000000180025095e-35 6.5000000000000009 5.5000000000000009
decision_type=2 2 2 2 2 2 2 2 2 2 2 2 2 2 2 2 2 2 2 2 2 2 2 2 2 2 2 2 2 2
left_child=5 2 3 27 -3 6 -1 8 15 10 -8 12 21 -6 -11 17 -17 18 22 20 -19 -5 23 24 -7 -26 -27 28 29 -2
right_child=1 4 -4 11 13 7 9 -9 -10 14 -12 -13 -14 -15 -16 16 -18 19 -20 -21 -22 -23 -24 -25 25 26 -28 -29 -30 -31
leaf_value=-0.05526335178850951 0.017078337760858545 -0.047928799047726477 -0.062079792109091508 0.0057200390372951172 0.023392443394908882 -0.068447259569646493 -0.056194603895406363 -0.055415043500835641 -0.049777451935767367 0.065755390777296086 0.010871662623060161 -0.00015383398334054238 -0.17043513519897779 -0.037990913464337459 -0.051838587887053103 0.016750027227155986 -0.039146731205917322 -0.078908105293981956 -0.11503213296996373 0.033082425217741726 0.049798372247145478 -0.053338955321196396 -0.06256498180240587 -0.0008419000977602254 0.0030996876897556301 -0.0046682018776615444 -0.030524672867059812 -0.079349813005241743 0.042039311029655316 -0.14792212606498961
leaf_weight=4.2052535724612872 17.94184476251554 2.8771522444840221 3.3243197761476031 3.9606407142832722 87.085289942282543 1.9979922739439633 3.7248069728666442 3.8836616045591645 4.3149566430511177 4.9713885223609386 125.30152197461575 16.136033090671845 0.89662076160311777 2.3240288194938321 0.64388260132545827 44.044323159265332 5.1347936436068258 2.1041893997171437 1.9797283805964969 13.969421706016874 1.0339429192245009 4.123657035845099 1.820452463463879 991.09747509159934 47.67537244129926 44.76464976106945 28.015071614412591 0.6408347706310441 10.282324709452949 0.74715175390519917
leaf_count=4476 441 2919 19 360 2237 27 245 412 49809 33 505 363 20 18 54 200 18 878 38 37 3 71 41 5270 211 454 126 11 258 18
internal_value=0.000845708 0.0121163 0.000204196 0.00400719 0.0196034 -0.000427339 0.00872968 -0.0014946 -0.00131744 0.010736 0.00892747 -0.0141393 -0.0391832 0.0217872 0.0521143 -0.00113993 0.0108969 -0.00166227 -0.00199929 0.0203086 -0.03632 -0.0243718 -0.00179718 -0.00169683 -0.00861162 -0.00760937 -0.0146308 0.0194154 0.021644 0.0103796
internal_weight=1481.02 150.34 58.0534 54.7291 92.2865 1330.68 138.847 1191.84 1187.95 134.642 129.026 25.117 8.98092 89.4093 5.61527 1183.64 49.1791 1134.46 1117.35 17.1076 3.13813 8.0843 1115.37 1113.55 122.453 120.455 72.7797 29.6122 28.9713 18.689
internal_count=69572 6735 1561 1542 5174 62837 5313 57524 57112 837 750 814 451 2255 87 7303 218 7085 6167 918 881 431 6129 6088 818 791 580 728 717 459
is_linear=0
shrinkage=0.05


Tree=143
num_leaves=31
num_cat=0
split_feature=14 29 7 15 30 13 7 7 6 30 1 18 2 1 6 6 6 30 29 7 6 13 6 6 7 7 33 15 7 7
split_gain=7.80409 5.00879 5.45355 14.1606 5.70992 6.02379 5.48055 4.72486 4.78076 4.37106 4.31613 4.09553 3.88734 3.35827 7.32894 3.52149 3.26349 3.21531 4.43562 4.34333 6.05483 3.19388 2.8117 7.23717 2.74405 6.9253 2.70753 5.19877 3.08122 9.48533
threshold=1.0000000180025095e-35 1.0000000180025095e-35 0.36939571150097467 1.0000000180025095e-35 1.0000000180025095e-35 1.0000000180025095e-35 0.31789473684210529 0.22649572649572652 10.500000000000002 1.0000000180025095e-35 1.0000000180025095e-35 1.0000000180025095e-35 1.0000000180025095e-35 1.0000000180025095e-35 3.5000000000000004 2.5000000000000004 2.5000000000000004 1.0000000180025095e-35 1.0000000180025095e-35 0.162280701754386 5.5000000000000009 1.0000000180025095e-35 3.5000000000000004 2.5000000000000004 0.18465909090909094 0.162280701754386 1.0000000180025095e-35 1.0000000180025095e-35 0.58571428571428574 0.54195804195804198
decision_type=2 2 2 2 2 2 2 2 2 2 2 2 2 2 2 2 2 2 2 2 2 2 2 2 2 2 2 2 2 2
left_child=7 2 3 6 16 -6 24 8 11 -3 12 13 26 14 -1 -15 -4 18 -16 -19 -21 -8 23 -11 25 -2 28 -28 29 -9
right_child=1 9 4 -5 5 -7 21 10 -10 22 -12 -13 -14 15 17 -17 -18 19 -20 20 -22 -23 -24 -25 -26 -27 27 -29 -30 -31
leaf_value=-0.055074576265804434 0.048953615705140917 0.043438105146538543 -0.037997601382925322 -0.15113216594036705 -0.14989639273902342 -0.0061525404328726116 0.0071633881518574074 -0.0017068346920405594 -0.10040531938829854 -0.48306116513360692 -0.055219164671574096 -0.14171311251754037 -0.049765261968540753 0.0625782467743808 0.009855274484742613 -0.051507638044190063 0.020915714791942579 0.040771910107086556 0.04203385638806717 -0.0052753958268863749 -0.086724850729834865 -0.033915062388319477 0.010948076809172903 -0.028416926634142043 0.020166106382582451 -0.16561761769765249 0.016113493762773459 -0.03672430961302011 0.019683594616601699 -0.11253390561814217
leaf_weight=4.4349896291930682 0.80703049898153512 20.008939072393332 2.4223851978640587 1.6222914904355992 0.9863101066439407 2.7484398094638891 7.2023758366522097 1115.7870624100033 0.99221910117193957 0.090779562368882405 3.7070634064730248 0.43793344087316555 4.1054965418552447 4.9630765012116163 96.62844467013565 0.77031580204493355 66.27384214666381 3.407250731899695 12.052584889617718 11.098582856608116 2.8679994458252631 13.669191222440531 9.5534345243422631 0.70305151754473627 21.61803793230041 0.6848391834719223 43.509333268157206 5.1987732183188191 16.771726718572609 1.9241429168905586
leaf_count=1814 16 598 2539 14 11 200 167 6129 54 199 412 13 49809 35 2339 65 1682 95 117 557 224 512 142 94 548 13 200 18 918 38
internal_value=0.000806904 0.0116818 0.0070164 -0.00651963 0.0155455 -0.0445463 -0.00114098 -0.00040736 0.0083622 0.0297976 -0.00142141 0.00916285 -0.00125255 0.00966192 0.00800967 0.0471001 0.0188258 0.0102373 0.013432 -0.00971411 -0.0220867 -0.0197191 0.00335569 -0.0863931 0.0156174 -0.0496588 -0.00108338 0.0104573 -0.0015794 -0.00189908
internal_weight=1477.05 148.391 118.035 45.6038 72.431 3.73475 43.9815 1328.66 137.653 30.3562 1191 136.661 1187.3 136.223 130.49 5.73339 68.6962 126.055 108.681 17.3738 13.9666 20.8716 10.3473 0.793831 23.1099 1.49187 1183.19 48.7081 1134.48 1117.71
internal_count=69572 6735 5702 1270 4432 211 1256 62837 5313 1033 57524 5259 57112 5246 5146 100 4221 3332 2456 876 781 679 435 293 577 29 7303 218 7085 6167
is_linear=0
shrinkage=0.05


Tree=144
num_leaves=31
num_cat=0
split_feature=14 7 6 30 7 0 1 15 7 2 30 8 13 31 1 6 13 19 17 30 7 28 6 6 33 33 7 7 19 6
split_gain=7.16416 4.67113 4.60145 4.32301 4.29808 6.51868 4.10089 4.05464 5.10377 3.70607 3.69887 5.34513 3.51376 3.1875 2.96312 6.26881 2.8634 2.68155 2.67015 2.63329 3.55112 3.45285 3.87315 2.82997 2.5698 2.37141 3.0595 2.83353 2.34296 2.59014
threshold=1.0000000180025095e-35 0.36939571150097467 2.5000000000000004 1.0000000180025095e-35 0.22649572649572652 1.0000000180025095e-35 1.0000000180025095e-35 1.0000000180025095e-35 0.31789473684210529 1.0000000180025095e-35 1.0000000180025095e-35 1.0000000180025095e-35 1.0000000180025095e-35 1.0000000180025095e-35 1.0000000180025095e-35 3.5000000000000004 1.0000000180025095e-35 1.0000000180025095e-35 1.0000000180025095e-35 1.0000000180025095e-35 0.46862745098039221 1.0000000180025095e-35 4.5000000000000009 6.5000000000000009 1.0000000180025095e-35 1.0000000180025095e-35 0.64583333333333337 0.2834821428571429 1.0000000180025095e-35 6.5000000000000009
decision_type=2 2 2 2 2 2 2 2 2 2 2 2 2 2 2 2 2 2 2 2 2 2 2 2 2 2 2 2 2 2
left_child=4 7 3 -3 5 -1 9 8 28 17 14 -12 -5 19 15 -7 -10 18 25 21 -21 22 24 -22 -4 26 -6 -27 29 -2
right_child=1 2 13 12 6 10 -8 -9 16 -11 11 -13 -14 -15 -16 -17 -18 -19 -20 20 23 -23 -24 -25 -26 27 -28 -29 -30 -31
leaf_value=-0.05513941368623429 0.0093075136591020662 -0.028146776911728701 -0.044008978043661315 -0.50590319512303394 -0.0014939250446986026 -0.055729537765657956 -0.055026385912209534 -0.050877603018519804 0.0084879618315701708 -0.049752499052816868 -0.044365564830283588 0.011724390093506567 -0.040554947333487266 -0.036577262589395053 0.049135549220774691 0.013506600508861658 -0.025769841077574053 -0.061559139729687976 -0.050503428788289118 0.023137617974857579 -0.059173051785178982 0.032891049566332528 0.020317779620635849 0.048853683978574092 0.049658253384919443 0.03517358974940616 0.031082301214478303 0.004176951048677385 -0.073896494915818053 0.041391472885428056
leaf_weight=3.954472094137599 18.280357954964991 2.6649302192035971 4.3456893160473582 0.079266056418418773 1123.1265160402691 3.360988022221135 3.5383456543640923 3.6293108239769927 9.9112742786128365 3.9062485903887127 7.2390864921617331 10.22889558627503 0.082494403387499915 2.3595730315282699 5.4546931151271556 106.14281197590753 15.762185946625323 1.8171519635361608 2.7009554623364229 5.5460485176699859 3.2075117650638281 49.761991305742413 19.016009173268685 0.73392957448959339 0.86689848452806462 9.0893424850655702 7.2429139721207312 39.170416489592753 0.6627662240061899 9.6336929526551085
leaf_count=4476 459 2568 261 1 4606 235 412 19 231 49809 71 62 350 18 71 398 583 43 2395 96 116 1391 354 11 8 37 41 181 11 258
internal_value=0.000770553 0.0112614 0.0184733 -0.0441366 -0.000387701 0.00801921 -0.00135118 0.000203743 0.00363902 -0.0011903 0.00991302 -0.0115039 -0.287674 0.0205458 0.0131724 0.0113721 -0.0125269 -0.00102913 -0.000935079 0.0221706 -0.00257885 0.0253508 0.00983646 -0.0388583 -0.0282703 -0.000820636 -0.00128448 0.0100314 0.0181793 0.0204091
internal_weight=1473.52 146.544 88.6643 2.82669 1326.97 136.381 1190.59 57.8796 54.2503 1187.05 132.426 17.468 0.16176 85.8377 114.958 109.504 25.6735 1183.15 1181.33 83.4781 9.48749 73.9906 24.2286 3.94144 5.21259 1178.63 1130.37 48.2598 28.5768 27.9141
internal_count=69572 6735 5174 2919 62837 5313 57524 1561 1542 57112 837 133 351 2255 704 633 814 7303 7260 2237 223 2014 623 127 269 4865 4647 218 728 717
is_linear=0
shrinkage=0.05


Tree=145
num_leaves=31
num_cat=0
split_feature=29 17 26 18 19 32 14 27 32 12 2 14 27 13 16 5 27 12 1 8 27 33 8 32 4 32 1 4 17 14
split_gain=9.06538 5.54495 5.10872 3.95262 3.58381 3.44717 3.40749 6.41133 6.78064 12.1823 2.60806 1.81224 1.93637 1.8036 1.7114 1.70467 1.58455 3.13515 1.57852 1.54553 1.48059 2.41531 1.87381 1.8352 6.13551 1.54 1.33479 1.37478 1.16628 1.14338
threshold=1.0000000180025095e-35 1.0000000180025095e-35 1.0000000180025095e-35 1.0000000180025095e-35 1.0000000180025095e-35 1.0000000180025095e-35 1.0000000180025095e-35 1.0000000180025095e-35 1.0000000180025095e-35 1.0000000180025095e-35 1.0000000180025095e-35 1.0000000180025095e-35 1.0000000180025095e-35 1.0000000180025095e-35 1.0000000180025095e-35 1.0000000180025095e-35 1.0000000180025095e-35 1.0000000180025095e-35 1.0000000180025095e-35 1.0000000180025095e-35 1.0000000180025095e-35 1.0000000180025095e-35 1.0000000180025095e-35 1.0000000180025095e-35 1.0000000180025095e-35 1.0000000180025095e-35 1.0000000180025095e-35 1.0000000180025095e-35 1.0000000180025095e-35 1.0000000180025095e-35
decision_type=2 2 2 2 2 2 2 2 2 2 2 2 2 2 2 2 2 2 2 2 2 2 2 2 2 2 2 2 2 2
left_child=1 2 4 5 6 11 10 8 13 -10 14 15 -13 -8 20 18 17 -6 28 -9 21 22 23 -1 -25 -24 -22 -28 -2 -18
right_child=3 -3 -4 -5 16 -7 7 19 9 -11 -12 12 -14 -15 -16 -17 29 -19 -20 -21 26 -23 25 24 -26 -27 27 -29 -30 -31
leaf_value=0.0086592263147461726 0.013450027977154822 -0.050646943171779257 0.050857230496825272 -0.1867552205091062 -0.064566488167927094 -0.052354864482706799 -0.006679887964201648 -0.052987235382441815 -0.078796017951605735 0.046251668983436023 -0.049607288352792572 0.016954741392317518 0.044694079309436301 -0.030859242193619775 0.028212118240980001 -0.071423657628193568 -0.0625909053533939 -0.34626126792955747 -0.062950983804115471 0.02208918080273926 4.630659930026565e-05 -0.056946807320959858 -0.0033815151737550094 0.032554266902873295 -0.053530074650890505 0.0055857693944554787 -0.048943677813779132 0.028143408843103998 -0.050831071097991544 0.004830169626792149
leaf_weight=191.5371606888657 167.84373054817479 4.9308293884705554 5.4115329664200535 0.23547433247222116 0.52621100795477049 1.9322897609672498 25.52710174376989 0.68008604063652356 2.3048759847879383 12.219542922452092 2.4759096658417539 19.013109099790199 9.4862442705398298 11.09567455805586 6.0271997311938312 0.59035772472270664 1.3903937023205799 0.11607977189123631 0.6717112680489653 62.366286389529705 769.05616983000073 1.6071480176178727 103.98639432460186 3.7113205342029669 4.6453081824583933 88.684935868834145 0.61955723298160492 6.6971842930652201 0.69581554922478872 1.1155534039717168
leaf_count=1340 7356 23848 66 29 79 80 383 73 11 354 24005 673 333 203 21 47 17 2 38 1478 2436 45 1290 57 301 424 170 118 3937 25
internal_value=0.00373633 0.00221699 0.002418 0.0136368 0.00221502 0.0138843 0.00234529 0.0105926 -0.00255221 0.0263329 0.00154601 0.0145349 0.026218 -0.0140256 0.0016545 0.0125696 -0.0509756 -0.120771 0.0128698 0.0212631 0.00151709 0.00401279 0.00426507 0.00765666 -0.0152456 0.000743529 0.000249314 0.0214898 0.0131787 -0.0324789
internal_weight=1507.2 1306.73 1301.8 200.469 1296.39 200.233 1293.24 114.194 51.1472 14.5244 1179.05 198.301 28.4994 36.6228 1176.57 169.802 3.14824 0.642291 169.211 63.0464 1170.55 394.172 392.565 199.894 8.35663 192.671 776.373 7.31674 168.54 2.50595
internal_count=69239 56746 32898 12493 32832 12464 32709 2502 951 365 30207 12384 1006 586 6202 11378 123 81 11331 1551 6181 3457 3412 1698 358 1714 2724 288 11293 42
is_linear=0
shrinkage=0.05


Tree=146
num_leaves=31
num_cat=0
split_feature=29 6 17 26 6 12 6 28 27 18 1 28 27 4 6 6 6 2 28 6 13 4 33 6 6 4 6 6 33 6
split_gain=8.3085 5.98991 5.24828 4.87581 3.44631 4.86098 4.46485 9.21617 6.44882 3.38436 3.05937 2.80541 4.92076 5.02392 3.48161 2.32677 2.16124 2.07326 1.93042 2.3193 1.8768 1.6623 3.32194 1.55095 2.8365 1.67584 4.9414 4.56016 1.75406 1.53848
threshold=1.0000000180025095e-35 4.5000000000000009 1.0000000180025095e-35 1.0000000180025095e-35 5.5000000000000009 1.0000000180025095e-35 3.5000000000000004 1.0000000180025095e-35 1.0000000180025095e-35 1.0000000180025095e-35 1.0000000180025095e-35 1.0000000180025095e-35 1.0000000180025095e-35 1.0000000180025095e-35 7.5000000000000009 7.5000000000000009 10.500000000000002 1.0000000180025095e-35 1.0000000180025095e-35 4.5000000000000009 1.0000000180025095e-35 1.0000000180025095e-35 1.0000000180025095e-35 17.500000000000004 10.500000000000002 1.0000000180025095e-35 8.5000000000000018 9.5000000000000018 1.0000000180025095e-35 5.5000000000000009
decision_type=2 2 2 2 2 2 2 2 2 2 2 2 2 2 2 2 2 2 2 2 2 2 2 2 2 2 2 2 2 2
left_child=2 9 3 4 5 6 7 21 -9 -2 17 12 14 15 -3 -14 29 -6 19 -7 -10 22 -1 24 25 27 -27 -16 -28 -15
right_child=1 11 -4 -5 10 18 -8 8 20 -11 -12 -13 13 16 23 -17 -18 -19 -20 -21 -22 -23 -24 -25 -26 26 28 -29 -30 -31
leaf_value=-0.014923818122352578 -0.008644542858152901 -0.022323563755861 -0.050597295751573117 0.050797465339997155 0.0041004437115353728 -0.020807060904514941 -0.0055590915321216978 -0.048308538232561621 0.041611513344803668 -0.23285149546149039 -0.053614018235138255 0.022513730607859612 0.012003046129231443 0.0074067066360992686 0.041203363064556624 -0.023484172946644236 -0.011548802829135792 -0.049457576181191072 0.023672080632101997 0.020429569670477429 -0.040827311312464296 0.0089335731394341276 -0.088871731559509351 0.048246205998667545 -0.075113638992339568 -0.093013692947104154 0.02328500484474242 -0.087514439501605312 -0.057423000697105632 0.043305327740670051
leaf_weight=11.598972015301115 23.947978735069231 15.648056250163789 4.6948462587811255 5.1535249669104806 887.91658732641372 6.6887196336956531 320.28718515231208 2.3117243449560219 22.29557049367941 0.15973189473152061 2.299762595066567 89.408804818198405 17.625990626602292 3.505732998455648 6.3638045642437664 6.2442296368099042 2.3550225224753367 1.799283616048341 24.430135215166956 6.9345810951199383 0.69871100375894357 5.0402549780701511 1.744762405985967 2.2996494074541252 1.0380044926787366 1.343554670049343 5.1856964729231549 0.75985209328791814 0.76115798663522571 21.695472778839758
leaf_count=1650 5963 2880 23848 66 4467 118 8744 423 342 1 162 928 276 41 1159 110 9 15987 620 83 18 189 29 6 410 32 66 315 23 274
internal_value=0.00356235 0.0130966 0.00211157 0.00230282 0.00210891 -0.00173372 -0.00351268 0.0114758 0.0310505 -0.0102467 0.00384134 0.0163297 0.00980381 0.0195095 -0.00512669 0.00269303 0.0340522 0.00399102 0.0152651 0.000146269 0.0390681 -0.0154443 -0.0246896 0.0100081 0.00425752 0.0100561 -0.00673928 0.0273 0.0127919 0.0383362
internal_weight=1502.24 198.343 1303.89 1299.2 1294.05 402.031 363.977 43.69 25.306 24.1077 892.016 174.235 84.8262 51.4264 33.3998 23.8702 27.5562 889.716 38.0534 13.6233 22.9943 18.384 13.3437 17.7517 15.4521 14.4141 7.29041 7.12366 5.94685 25.2012
internal_count=69239 12493 56746 32898 32832 12216 11395 2651 783 5964 20616 6529 5601 710 4891 386 324 20454 821 201 360 1868 1679 2011 2005 1595 121 1474 89 315
is_linear=0
shrinkage=0.05


Tree=147
num_leaves=31
num_cat=0
split_feature=29 30 33 15 33 27 7 17 12 32 27 7 30 7 15 7 7 28 7 28 7 0 26 28 0 33 30 7 7 7
split_gain=7.6398 10.9697 9.17471 5.38876 13.5735 12.3087 11.5907 5.03117 4.76745 6.4196 5.1962 9.17526 5.88104 3.16536 8.11214 3.43792 3.36497 3.6258 3.35003 4.01434 3.76257 6.47847 3.11771 3.01312 2.81348 2.80661 10.237 6.44975 3.24561 2.85276
threshold=1.0000000180025095e-35 1.0000000180025095e-35 1.0000000180025095e-35 1.0000000180025095e-35 1.0000000180025095e-35 1.0000000180025095e-35 0.29705882352941182 1.0000000180025095e-35 1.0000000180025095e-35 1.0000000180025095e-35 1.0000000180025095e-35 0.2834821428571429 1.0000000180025095e-35 0.2834821428571429 1.0000000180025095e-35 0.44722222222222224 0.21525096525096529 1.0000000180025095e-35 0.39444444444444454 1.0000000180025095e-35 0.42481203007518803 1.0000000180025095e-35 1.0000000180025095e-35 1.0000000180025095e-35 1.0000000180025095e-35 1.0000000180025095e-35 1.0000000180025095e-35 0.64583333333333337 0.64583333333333337 0.11805555555555557
decision_type=2 2 2 2 2 2 2 2 2 2 2 2 2 2 2 2 2 2 2 2 2 2 2 2 2 2 2 2 2 2
left_child=3 24 13 7 5 6 -5 8 22 10 11 -10 -13 16 15 18 23 -18 -15 20 21 -20 25 -3 -2 28 27 29 -1 -27
right_child=1 2 -4 4 -6 -7 -8 -9 9 -11 -12 12 -14 14 -16 -17 17 -19 19 -21 -22 -23 -24 -25 -26 26 -28 -29 -30 -31
leaf_value=0.00093554953803976241 -0.064069654232896497 -0.027753587771720479 -0.15161441479797344 -0.2222556657983645 -0.11596269344867 0.034801303399981581 -0.013149960620349763 -0.050548893386792131 -0.085350311522708611 0.050039347049496002 0.022859789360270021 0.010674250491974535 -0.081619498385180955 0.0032986228308300048 -0.18416709714065804 -0.020245523672938515 -0.0085499303739053397 -0.079932182142104513 0.050733197609571429 0.043589961168552717 0.024797100801336319 -0.077549710644569711 0.051083199013478742 0.020915480371670635 0.025490732418736051 -0.027895181534774494 -0.087007170667540129 -0.13863248147081186 0.035018862779905756 0.02229903894794082
leaf_weight=1149.3959248100136 0.87269702199773647 5.5624342792434636 0.96510854395455581 1.0166220951359703 3.3819935959763816 7.1800384819798637 1.8892530118828288 4.4700540495857686 3.2907266262955117 11.152423862367867 30.335267662070692 22.288391815542131 1.8603822260265577 41.785662347199832 0.54070197042528789 9.231311323478165 3.7511058968866555 3.4087110404907435 1.4996193482838869 14.691933391386556 8.2879698267643089 2.8065965585410595 3.1910787820816031 7.3977167028460826 95.180748057900928 2.9882661479787194 2.4464553277321093 0.64333843439817329 7.0184884094669533 48.732886066245555
leaf_count=29865 1300 534 28 12 22 37 87 23848 53 352 825 381 14 3459 14 3447 1001 95 865 108 569 30 8 74 969 45 55 4 378 760
internal_value=0.00339697 0.0126004 0.000997147 0.0020104 -0.0294385 -0.000289718 -0.0869885 0.0023399 0.0025249 0.0153167 0.00859789 -0.00715347 0.00351255 0.00250566 0.00702738 0.00837736 -0.0151834 -0.0426681 0.0122124 0.0258382 0.0050719 -0.0327459 0.00179834 0 0.0246652 0.00166767 0.0127229 0.0174075 0.00114314 0.0193845
internal_weight=1497.26 195.982 99.9289 1301.28 13.4679 10.0859 2.90588 1287.81 1283.34 68.9272 57.7748 27.4395 24.1488 98.9638 78.8438 78.3031 20.12 7.15982 69.0718 27.2861 12.5942 4.30622 1214.42 12.9602 96.0534 1211.23 54.8109 52.3645 1156.41 51.7212
internal_count=69239 12493 10224 56746 158 136 99 56588 32740 1625 1273 448 395 10196 8492 8478 1704 1096 5031 1572 1464 895 31115 608 2269 31107 864 809 30243 805
is_linear=0
shrinkage=0.05


Tree=148
num_leaves=31
num_cat=0
split_feature=29 30 6 15 33 6 7 7 6 33 15 33 6 17 12 32 27 7 30 6 6 7 7 7 13 7 6 7 6 8
split_gain=7.02161 10.2151 13.2271 9.05141 7.93518 6.64952 9.80941 14.1353 6.26288 5.69525 4.8883 12.2756 11.033 4.76142 4.40369 6.24781 4.79703 7.58035 4.97969 4.96001 4.75136 6.73842 6.61854 14.0613 5.43044 5.1451 8.50299 4.62286 5.76096 6.02709
threshold=1.0000000180025095e-35 1.0000000180025095e-35 6.5000000000000009 1.0000000180025095e-35 1.0000000180025095e-35 9.5000000000000018 0.31789473684210529 0.37797619047619052 4.5000000000000009 1.0000000180025095e-35 1.0000000180025095e-35 1.0000000180025095e-35 6.5000000000000009 1.0000000180025095e-35 1.0000000180025095e-35 1.0000000180025095e-35 1.0000000180025095e-35 0.2834821428571429 1.0000000180025095e-35 3.5000000000000004 5.5000000000000009 0.39444444444444454 0.44722222222222224 0.43303571428571436 1.0000000180025095e-35 0.45804195804195807 8.5000000000000018 0.35147058823529415 13.500000000000002 1.0000000180025095e-35
decision_type=2 2 2 2 2 2 2 2 2 2 2 2 2 2 2 2 2 2 2 2 2 2 2 2 2 2 2 2 2 2
left_child=10 5 4 9 8 -2 -7 -8 -3 -4 13 12 -12 14 20 16 17 19 -19 -16 21 -1 23 27 -25 -24 -27 28 29 -22
right_child=1 2 3 -5 -6 6 7 -9 -10 -11 11 -13 -14 -15 15 -17 -18 18 -20 -21 22 -23 25 24 -26 26 -28 -29 -30 -31
leaf_value=0.0051162846472524986 0.027610352667806433 -0.054982966706819347 0.020888261114027282 -0.20618076841100105 -0.43023764192834557 0.0016311303204080347 -0.61440079401560077 -0.087570713792540888 -0.0086395219901590336 -0.1150356025022637 0.034884196057886459 -0.11046957513136246 -0.078543836000853115 -0.050501641944596699 0.049763365846228341 0.050028511434861589 0.022220947950370322 0.010241012152221224 -0.071866659105712105 -0.10228051725061177 0.0067451117974475887 -0.0087055326432493134 0.060850219422345392 -0.080567455485615877 0.049722864577373183 0.017872760278132019 -0.07454622741482865 0.0090536719225557099 -0.080140097260988891 -0.003883893750919791
leaf_weight=149.02395539235522 87.410286593434648 9.2498353736268637 54.437779894935375 0.43977500637993117 0.10744964331388374 5.6498428269660499 0.14081606219770015 0.87703384489577729 34.488787293135829 0.77086611685081052 6.9033308071047923 3.3733360029291353 3.0974518271978013 4.2559345823606227 0.64512284100055994 10.610756022855638 29.664624039491173 22.075696502623035 2.0045182334215488 2.9249453971497132 242.99385994370095 215.85082559969305 6.4902954728167961 6.7191169224315663 0.89588939771056164 61.346018521944643 2.5824748348422863 229.25007691084829 2.1912638632347798 295.57184560829774
leaf_count=5578 2116 5088 2963 11 2 67 23 63 2134 26 85 22 51 23848 2 352 825 381 14 51 8852 5773 416 886 12 1858 814 5681 110 1135
internal_value=0.00324084 0.0121247 0.000950104 0.0171359 -0.0195804 0.0239361 -0.0241263 -0.166211 -0.018462 0.0189608 0.00191599 -0.0281424 -0.000240261 0.00222941 0.00240541 0.0147942 0.00825496 -0.006713 0.00335834 -0.0746038 0.00171108 -0.003059 0.00376404 0.00243394 -0.0651284 0.0184426 0.0141205 0.00310359 0.000580047 0.000910883
internal_weight=1492.04 193.572 99.4945 55.6484 43.8461 94.078 6.66769 1.01785 43.7386 55.2086 1298.47 13.3741 10.0008 1285.1 1280.84 67.9257 57.3149 27.6503 24.0802 3.57007 1212.92 364.875 848.041 777.622 7.61501 70.4188 63.9285 770.007 540.757 538.566
internal_count=69239 12493 10224 3000 7224 2269 153 86 7222 2989 56746 158 136 56588 32740 1625 1273 448 395 53 31115 11351 19764 16676 898 3088 2672 15778 10097 9987
is_linear=0
shrinkage=0.05


Tree=149
num_leaves=31
num_cat=0
split_feature=29 17 15 33 7 7 28 12 7 7 0 28 12 28 33 7 7 19 28 7 33 28 2 7 7 7 0 7 8 0
split_gain=6.44563 4.4558 4.48301 11.1456 9.67475 4.41949 8.42759 4.06699 3.44514 3.04321 4.16544 3.05139 4.17801 2.55956 2.52735 5.37298 3.03363 2.88364 2.51013 2.66678 2.50483 2.47704 2.2885 2.14274 2.13444 1.78437 9.18889 6.96537 9.43528 5.92914
threshold=1.0000000180025095e-35 1.0000000180025095e-35 1.0000000180025095e-35 1.0000000180025095e-35 0.31789473684210529 0.39444444444444454 1.0000000180025095e-35 1.0000000180025095e-35 0.44722222222222224 0.35147058823529415 1.0000000180025095e-35 1.0000000180025095e-35 1.0000000180025095e-35 1.0000000180025095e-35 1.0000000180025095e-35 0.64583333333333337 0.64583333333333337 1.0000000180025095e-35 1.0000000180025095e-35 0.18465909090909094 1.0000000180025095e-35 1.0000000180025095e-35 1.0000000180025095e-35 0.70833333333333337 0.11805555555555557 0.39444444444444454 1.0000000180025095e-35 0.40270270270270275 1.0000000180025095e-35 1.0000000180025095e-35
decision_type=2 2 2 2 2 2 2 2 2 2 2 2 2 2 2 2 2 2 2 2 2 2 2 2 2 2 2 2 2 2
left_child=1 2 7 4 13 9 -7 14 -8 10 -2 -11 -13 -4 16 24 17 22 20 -20 -9 -6 25 -18 -16 29 -27 28 -28 -1
right_child=5 -3 3 -5 21 6 8 18 -10 11 -12 12 -14 -15 15 -17 23 -19 19 -21 -22 -23 -24 -25 -26 26 27 -29 -30 -31
leaf_value=-0.018731661123610518 -0.062242249396158744 -0.050455442814063313 -0.029522438253362582 -0.10551969830437967 0.04205530494529916 -0.0012680181650809464 0.044892268757189366 -0.006202613099839124 0.016600735867610177 -0.00064983379311122117 0.0096813608227371752 -0.082892773738951667 0.048789136612579415 -0.1546145548671094 -0.026735631744791724 -0.12871346350347154 0.040633786123476671 -0.052284320908026455 -0.066602555943115246 0.02242282195724684 0.049721715874261739 -0.016143902299001051 -0.049560284885819254 -0.082808807182499486 0.016464883083354927 0.028428134454895573 -0.032237923884174229 0.0014644658742328843 -0.0032960811083242291 0.003472400327024196
leaf_weight=31.342518334218767 2.0404872937042446 4.0519929116301219 0.68557146983221051 3.3558861357159904 5.4590659282403049 26.090023851019396 28.76496510312063 18.520711497109009 17.32525793964578 7.5043100018901878 106.03746503655566 2.9504940753977285 0.7439926229417323 1.0686958404257894 3.0149114707455729 0.65726995468139549 6.5854900685990279 2.5293125717744251 0.84493016079068084 45.375128297135234 2.2347353287041178 2.724688682705164 2.2185659744213799 0.35969259963167122 50.113886250954238 23.854931097564986 42.604126087913755 235.6759194847873 83.171781031996943 729.35154235325172
leaf_count=1136 4972 23848 15 22 81 5433 263 290 342 528 888 45 22 13 46 4 303 110 14 1273 48 27 23268 75 814 53 163 1508 581 3054
internal_value=0.00309124 0.00182549 0.00199026 -0.0268815 -0.000197261 0.0116548 0.021422 0.00229108 0.0342743 0.00573875 0.0083132 -0.0190475 -0.0561797 -0.106456 0.00162748 0.0122225 0.0011347 0.000935262 0.0142851 0.0207705 -0.000136127 0.0226215 0.00105338 0.0340589 0.0139994 0.00115224 -0.00161912 -0.00360428 -0.0131053 0.00255665
internal_weight=1487.26 1295.8 1291.75 13.2939 9.93802 191.457 72.1802 1278.46 46.0902 119.277 108.078 11.1988 3.69449 1.75427 1211.48 53.7861 1157.69 1150.75 66.9755 46.2201 20.7554 8.18375 1148.22 6.94518 53.1288 1146 385.307 361.452 125.776 760.694
internal_count=69239 56746 32898 158 136 12493 6038 32740 605 6455 5860 595 67 28 31115 864 30251 29873 1625 1287 338 108 29763 378 860 6495 2305 2252 744 4190
is_linear=0
shrinkage=0.05


Tree=150
num_leaves=31
num_cat=0
split_feature=1 7 28 6 7 30 6 31 6 29 6 27 7 28 12 30 15 7 7 0 31 6 7 6 7 6 27 27 6 13
split_gain=8.36831 6.99054 19.6954 14.6098 13.0546 12.7502 11.5914 9.59163 8.89946 6.00802 6.13322 7.78195 5.99322 5.28378 8.17745 5.61754 6.01371 5.58616 7.31513 7.15111 8.3107 6.49685 7.20201 10.9124 5.74633 5.28126 5.16225 5.05034 8.03716 7.49115
threshold=1.0000000180025095e-35 0.44097222222222227 1.0000000180025095e-35 4.5000000000000009 0.64583333333333337 1.0000000180025095e-35 4.5000000000000009 1.0000000180025095e-35 7.5000000000000009 1.0000000180025095e-35 10.500000000000002 1.0000000180025095e-35 0.64583333333333337 1.0000000180025095e-35 1.0000000180025095e-35 1.0000000180025095e-35 1.0000000180025095e-35 0.22649572649572652 0.12916666666666668 1.0000000180025095e-35 1.0000000180025095e-35 3.5000000000000004 0.35147058823529415 6.5000000000000009 0.36602870813397131 13.500000000000002 1.0000000180025095e-35 1.0000000180025095e-35 9.5000000000000018 1.0000000180025095e-35
decision_type=2 2 2 2 2 2 2 2 2 2 2 2 2 2 2 2 2 2 2 2 2 2 2 2 2 2 2 2 2 2
left_child=1 13 3 -3 -5 7 26 9 -9 10 12 -12 -4 -1 17 16 -16 18 -15 25 21 -21 27 -24 -25 -19 -7 29 -29 -23
right_child=-2 2 5 4 -6 6 -8 8 -10 -11 11 -13 -14 14 15 -17 -18 19 -20 20 -22 22 23 24 -26 -27 -28 28 -30 -31
leaf_value=0.0040086343058153414 -0.059313235417500387 -0.035088823279969032 0.016160224023223708 0.0075458927317318646 -0.36133880353478215 0.041128149649491477 -0.082686717732151527 0.014382984649883407 -0.15187765906387973 0.051614353213085433 0.093400569672561634 -0.070317714137716841 0.058339687012122235 -0.056154321306945511 0.030415264630649141 -0.026726205790565206 -0.051020495448830132 0.021504211550808811 0.015151606159811374 0.024748390574585465 0.031273534127807194 -0.0056962132756487628 -0.019932430394182306 0.039248862973228958 0.0027988221750752437 -0.10893742773744314 -0.085077591133273969 -0.018953661736031722 -0.071969111457775126 -0.091641345565458124
leaf_weight=617.23792710745215 5.4967580800876013 34.354069825154511 137.89661531293314 58.016607779511105 0.23079356385642213 4.5719806250076527 5.6869098326169478 1.7164189662726121 1.4948723690940824 17.638966405127576 5.1450026832571885 0.83372051782134793 8.9736076656117785 3.8420185613140339 35.552094733349804 6.01274620136246 2.4081138521432868 28.351873891786457 53.85265683209218 13.959085195674559 13.318163336487485 111.86435257084668 58.168046808103099 12.025629800511522 106.91152922110632 0.78688352720928278 0.97290044115288754 126.9767160192132 7.5760329933837047 2.5853535681962958
leaf_count=37460 558 16394 1516 5024 24 75 139 29 15 248 129 37 90 994 1101 77 16 2734 483 103 52 517 311 33 461 63 22 446 67 11
internal_value=0.00220576 0.00243515 0.00958735 -0.00923147 0.00601391 0.0190133 -0.0325778 0.0223538 -0.0630882 0.0239698 0.0207731 0.0704076 0.0187445 0.000782492 -0.0026253 0.0181046 0.0252239 -0.00431391 0.0103856 -0.00607273 -0.00761673 -0.00879552 -0.00989613 -0.00218497 0.00649145 0.0179284 0.0187809 -0.0153784 -0.0219476 -0.00764987
internal_weight=1484.46 1478.96 277.532 92.6015 58.2474 184.931 11.2318 173.699 3.21129 170.488 152.849 5.97872 146.87 1201.43 584.191 43.973 37.9602 540.218 57.6947 482.524 453.385 440.067 426.108 177.105 118.937 29.1388 5.54488 249.002 134.553 114.45
internal_count=69229 68671 23742 21442 5048 2300 236 2064 44 2020 1772 166 1606 44929 7469 1194 1117 6275 1477 4798 2001 1949 1846 805 494 2797 97 1041 513 528
is_linear=0
shrinkage=0.05


Tree=151
num_leaves=31
num_cat=0
split_feature=1 7 7 6 6 4 6 13 12 8 6 7 7 16 6 29 6 30 7 33 6 7 0 4 4 7 4 6 7 7
split_gain=7.9078 6.35242 5.6667 5.98091 4.47406 5.58319 3.95811 4.59304 3.84572 4.62459 9.20433 9.02212 4.51673 5.08696 4.61585 4.22636 6.41328 10.7864 4.75076 3.95868 4.23562 3.76464 5.36016 9.99611 5.40611 3.79695 9.17368 4.93379 3.70666 4.03847
threshold=1.0000000180025095e-35 0.44097222222222227 0.45804195804195807 8.5000000000000018 10.500000000000002 1.0000000180025095e-35 2.5000000000000004 1.0000000180025095e-35 1.0000000180025095e-35 1.0000000180025095e-35 4.5000000000000009 0.18465909090909094 0.39444444444444454 1.0000000180025095e-35 9.5000000000000018 1.0000000180025095e-35 10.500000000000002 1.0000000180025095e-35 0.26969696969696971 1.0000000180025095e-35 3.5000000000000004 0.36602870813397131 1.0000000180025095e-35 1.0000000180025095e-35 1.0000000180025095e-35 0.18465909090909094 1.0000000180025095e-35 5.5000000000000009 0.37797619047619052 0.42481203007518803
decision_type=2 2 2 2 2 2 2 2 2 2 2 2 2 2 2 2 2 2 2 2 2 2 2 2 2 2 2 2 2 2
left_child=1 8 4 6 -3 -6 -4 -8 9 10 -1 -11 13 14 19 21 -17 18 -18 20 -13 25 23 -23 -24 26 -12 -28 -25 -30
right_child=-2 2 3 -5 5 -7 7 -9 -10 11 15 12 -14 -15 -16 16 17 -19 -20 -21 -22 22 24 28 -26 -27 27 -29 29 -31
leaf_value=-0.029993044411082442 -0.059115758598706249 0.017872580962059872 -0.045325594871006805 -0.060917675746732305 -0.048563381458786761 0.075388658715544607 0.0066407561777307575 0.039883633075274649 0.013534862301457968 0.023277594060962983 -0.11582279577840804 0.013437328804656935 0.0035423849566303123 0.043070791543435905 -0.048298803275390767 0.021739060567996515 -0.041219793632251561 -0.024863439025363674 -0.52598958045477573 0.015327795045384519 -0.0085289731392935945 -0.074947569849964285 0.024514187796302447 -0.013025033934129996 -0.012331558165679468 0.0080110918693004022 -0.15076748424439726 0.0038004337056554167 0.053041687864419977 0
leaf_weight=19.378468553384437 5.2457404578562992 25.464190943246649 3.4953554870453436 3.2362690435984396 1.0247664484704708 7.3303025708883069 224.87979063950115 10.892795545905754 56.02855550194613 31.888858294027159 2.044673317963313 23.152234324486926 150.49833075690549 5.1237507378682485 6.6507769509917116 51.34497158485101 0.077473266959713016 1.6097028400508862 0.16180460267787566 20.090405288618058 412.64770770366158 2.6122573764114376 11.104433902539311 4.3515656391973634 94.915265812538564 274.3419648404597 0.52765775834268502 12.911704164685942 12.909740048737151 4.9478749130357746
leaf_count=16421 558 1178 11714 952 426 84 8937 451 1523 203 387 784 1001 7 127 4110 8 298 45 101 2080 5865 28 246 342 10213 19 279 650 192
internal_value=0.00210292 0.00232129 0.00915581 0.00647856 0.0283309 0.060086 0.00739474 0.00818034 0.000746132 0.000118852 0.0037699 -0.0026507 -0.00398941 -0.0064143 -0.00696446 0.00515229 0.0184322 -0.0727519 -0.378987 -0.00635931 -0.00736057 0.00347144 -0.00356566 0.0173387 -0.0084657 0.00665006 -0.0174216 -0.00233864 0.0282448 0.0383312
internal_weight=1480.89 1475.64 276.323 242.504 33.8193 8.35507 239.268 235.773 1199.32 1143.29 493.24 650.052 618.163 467.665 462.541 473.861 53.194 1.84898 0.239278 455.89 435.8 420.667 130.841 24.8214 106.02 289.826 15.484 13.4394 22.2092 17.8576
internal_count=69229 68671 23742 22054 1688 510 21102 9388 44929 43406 39103 4303 4100 3099 3092 22682 4461 351 53 2965 2864 18221 7323 6953 370 10898 685 298 1088 842
is_linear=0
shrinkage=0.05


Tree=152
num_leaves=31
num_cat=0
split_feature=6 29 30 6 6 15 33 33 19 6 4 32 12 4 6 13 6 27 8 15 14 6 30 6 12 6 6 30 6 4
split_gain=4.71775 4.17226 9.05534 9.62697 8.82 8.68302 7.35555 5.26574 2.86748 2.74772 5.34359 2.57786 7.78131 6.10877 8.26287 7.39633 4.24121 3.30641 26.5813 8.4709 6.91758 6.6175 7.37534 6.18811 6.24424 4.59251 4.15333 28.3331 22.48 5.83394
threshold=2.5000000000000004 1.0000000180025095e-35 1.0000000180025095e-35 9.5000000000000018 6.5000000000000009 1.0000000180025095e-35 1.0000000180025095e-35 1.0000000180025095e-35 1.0000000180025095e-35 10.500000000000002 1.0000000180025095e-35 1.0000000180025095e-35 1.0000000180025095e-35 1.0000000180025095e-35 6.5000000000000009 1.0000000180025095e-35 8.5000000000000018 1.0000000180025095e-35 1.0000000180025095e-35 1.0000000180025095e-35 1.0000000180025095e-35 7.5000000000000009 1.0000000180025095e-35 4.5000000000000009 1.0000000180025095e-35 6.5000000000000009 6.5000000000000009 1.0000000180025095e-35 7.5000000000000009 1.0000000180025095e-35
decision_type=2 2 2 2 2 2 2 2 2 2 2 2 2 2 2 2 2 2 2 2 2 2 2 2 2 2 2 2 2 2
left_child=-1 8 3 -3 6 7 -4 -6 11 -5 -11 17 13 14 15 -13 -16 18 -2 21 26 22 23 24 -20 -22 -19 -28 -29 -30
right_child=1 2 4 9 5 -7 -8 -9 -10 10 -12 12 -14 -15 16 -17 -18 20 19 -21 25 -23 -24 -25 -26 -27 27 28 29 -31
leaf_value=-0.038723012058194957 0.0077114762465242785 0.025715562521963737 -0.016818975417401901 -0.029099086399051316 0.016832547365649986 -0.22649066472228083 -0.41451350812555954 -0.11602316319354043 -0.049176595366417913 -0.03542941067916297 -0.30105638327104267 0.0016050157897686196 0.05003899577591811 -0.053122582583909096 0.041068689031830835 -0.10475362984799715 -0.036005226267074177 0.0044341167533299376 -0.064052113557119164 -0.11728535981851296 0.010602331478894453 -0.047890151027917112 -0.07447553970115349 -0.0068484291220601515 -0.0013719681830101525 0.042548673821897628 -0.00071761829666743622 -0.25042587151162182 -0.019300548175366056 -0.12185425245167059
leaf_weight=7.0651741258661778 203.4754848923053 78.004347362675617 42.809337542950743 4.0600358975862028 48.875357179378625 0.36546969413757224 0.10671757174350105 0.74664612921333073 2.8060474243538911 0.55487339481624065 0.28418576659169048 76.027804278608528 10.254226215183733 4.4082646039314559 19.850829290226105 1.6604463383555401 1.9465874839224842 421.0309163433576 10.333571849878355 2.2469715205952516 44.137530523141322 17.707845256314613 4.9627754742687094 88.598879394587129 6.4793115104548624 15.126286556129342 354.76541004563114 1.7908648152588265 4.5650305070739705 1.9948897678259525
leaf_count=13271 32990 1810 5786 69 2929 10 3 31 122 54 22 575 367 310 64 9 50 4156 856 41 1161 553 114 826 80 452 2399 33 59 27
internal_value=0.00200437 0.00220072 0.00942825 0.0214401 -0.00128638 0.0129814 -0.0179159 0.0148005 0.00121844 -0.0464472 -0.128471 0.00132872 0.00850285 0.00439404 0.00695274 -0.000674963 0.0341494 0.000632589 -0.00357881 -0.0212087 0.00229999 -0.0195103 -0.0149488 -0.0121347 -0.0399415 0.0187704 0.00105433 -0.00286314 -0.0938414 -0.0507015
internal_weight=1477.04 1469.98 175.807 82.9034 92.9035 49.9875 42.9161 49.622 1294.17 4.8991 0.839059 1291.36 114.148 103.894 99.4857 77.6883 21.7974 1177.22 333.805 130.329 843.411 128.082 110.375 105.412 16.8129 59.2638 784.147 363.116 8.35079 6.55992
internal_count=69229 55958 10714 1955 8759 2970 5789 2960 45244 145 76 45122 1375 1008 698 584 114 43747 35460 2470 8287 2429 1876 1762 936 1613 6674 2518 119 86
is_linear=0
shrinkage=0.05


Tree=153
num_leaves=31
num_cat=0
split_feature=1 7 28 6 30 6 7 31 6 29 7 6 27 27 28 32 12 7 7 0 31 6 7 6 32 7 32 30 15 6
split_gain=7.39389 5.76332 18.0823 13.1112 11.2697 10.4908 9.08194 8.28893 6.36789 5.78488 5.30756 5.1795 6.37278 4.80535 4.67992 7.71821 6.87383 5.01538 6.40056 6.15813 7.46962 5.67269 6.29193 9.72135 9.01371 7.42494 6.66828 4.94354 5.06924 4.81226
threshold=1.0000000180025095e-35 0.44097222222222227 1.0000000180025095e-35 4.5000000000000009 1.0000000180025095e-35 4.5000000000000009 0.64583333333333337 1.0000000180025095e-35 7.5000000000000009 1.0000000180025095e-35 0.64583333333333337 10.500000000000002 1.0000000180025095e-35 1.0000000180025095e-35 1.0000000180025095e-35 1.0000000180025095e-35 1.0000000180025095e-35 0.22649572649572652 0.12916666666666668 1.0000000180025095e-35 1.0000000180025095e-35 3.5000000000000004 0.35147058823529415 6.5000000000000009 1.0000000180025095e-35 0.36602870813397131 1.0000000180025095e-35 1.0000000180025095e-35 1.0000000180025095e-35 13.500000000000002
decision_type=2 2 2 2 2 2 2 2 2 2 2 2 2 2 2 2 2 2 2 2 2 2 2 2 2 2 2 2 2 2
left_child=1 14 3 -3 7 13 -5 9 -9 10 11 -4 -13 -6 15 -1 17 18 -16 29 21 -21 -23 26 25 -25 -24 28 -18 -19
right_child=-2 2 4 6 5 -7 -8 8 -10 -11 -12 12 -14 -15 16 -17 27 19 -20 20 -22 22 23 24 -26 -27 -28 -29 -30 -31
leaf_value=0.0041944194968790887 -0.058696167813730528 -0.034068999340559104 0.015075530240291568 0.0065584924087154807 0.040256790728360192 -0.078057916625561441 -0.26351521733892341 0.012935601249921647 -0.12323680967661105 0.050578505533670742 0.057588889905544983 0.081147570084724008 -0.06944852154978598 -0.082381695176849914 -0.054788457261501035 -0.055504779925954123 0.029147150753989937 0.020248352610270245 0.014289917369829567 0.023403218106190379 0.029971200824136499 -0.014454686167020456 -0.012476478737180725 0.038105840289679491 0.041763819639517211 -0.0040762473184798925 -0.06413217755449141 -0.024599372551839992 -0.043247193711654225 -0.10471506335518788
leaf_weight=607.56645958038371 5.0043049819287253 34.04767285265325 136.80811210035608 57.131707523694786 4.5184668799697629 5.7296890964462364 0.30292006432864482 1.6807905740533888 1.7287009618121374 16.53521147682477 8.5907821780274372 5.4244944663114429 0.79540776704016014 0.95832474221970176 3.5669967826634084 5.4516885513003208 33.413331323332386 27.666543597601052 53.137631747766136 13.631413783878086 13.098333794041535 249.2556287930347 51.165934612508863 11.780885666143147 15.437401595991103 90.490632122848183 7.1173089900985351 6.130538039840757 2.5926501620560876 0.78152704596868616
leaf_count=37121 558 16394 1516 5024 75 139 24 29 15 248 90 129 37 22 994 339 1101 2734 483 103 52 1041 195 30 92 372 116 77 16 63
internal_value=0.0019126 0.00212016 0.00865559 -0.00948721 0.0177394 -0.0308028 0.00507975 0.0209147 -0.0561196 0.0224829 0.0194124 0.017112 0.0617284 0.0185954 0.00061638 0.00366179 -0.00260562 -0.00413199 0.00992684 -0.00579257 -0.00721364 -0.00832522 -0.00934398 -0.0021025 0.00616334 0.000781164 -0.018803 0.0168361 0.0239099 0.0167622
internal_weight=1471.54 1466.54 274.252 91.4823 182.77 11.2065 57.4346 171.563 3.40949 168.154 151.619 143.028 6.2199 5.47679 1192.28 613.018 579.267 537.13 56.7046 480.426 451.978 438.879 425.248 175.992 117.709 102.272 58.2832 42.1365 36.006 28.4481
internal_count=69229 68671 23742 21442 2300 236 5048 2064 44 2020 1772 1682 166 97 44929 37460 7469 6275 1477 4798 2001 1949 1846 805 494 402 311 1194 1117 2797
is_linear=0
shrinkage=0.05


Tree=154
num_leaves=31
num_cat=0
split_feature=1 7 28 6 7 31 6 33 4 28 32 12 7 7 0 31 4 7 6 6 32 6 27 7 29 6 7 8 7 7
split_gain=6.98878 5.23449 16.412 11.8675 6.78594 6.71736 4.99665 4.74056 6.40363 4.22951 7.26366 6.29073 4.54139 5.96006 5.58606 6.78215 5.99331 5.20068 4.39852 4.20463 8.83256 5.9848 5.21161 24.5607 6.53361 7.35997 6.5174 7.7357 15.3413 5.00725
threshold=1.0000000180025095e-35 0.44097222222222227 1.0000000180025095e-35 4.5000000000000009 0.64583333333333337 1.0000000180025095e-35 7.5000000000000009 1.0000000180025095e-35 1.0000000180025095e-35 1.0000000180025095e-35 1.0000000180025095e-35 1.0000000180025095e-35 0.22649572649572652 0.12916666666666668 1.0000000180025095e-35 1.0000000180025095e-35 1.0000000180025095e-35 0.31789473684210529 13.500000000000002 6.5000000000000009 1.0000000180025095e-35 4.5000000000000009 1.0000000180025095e-35 0.39444444444444454 1.0000000180025095e-35 9.5000000000000018 0.39444444444444454 1.0000000180025095e-35 0.41421568627450983 0.35147058823529415
decision_type=2 2 2 2 2 2 2 2 2 2 2 2 2 2 2 2 2 2 2 2 2 2 2 2 2 2 2 2 2 2
left_child=1 9 3 7 -5 -4 -7 8 -3 10 -1 12 13 -11 18 17 -17 -16 -14 21 22 -19 23 -21 25 -25 29 28 -28 -24
right_child=-2 2 5 4 -6 6 -8 -9 -10 11 -12 -13 14 -15 15 16 -18 19 -20 20 -22 -23 26 24 -26 -27 27 -29 -30 -31
leaf_value=0.0039931097400741251 -0.058490625334025673 -0.050562020076643059 0.018318273684032351 0.0062507961007608418 -0.20607033752779508 0.012349068650312253 -0.10536665804233242 0.0065004019254810688 0.021640514596598975 -0.054278827258241763 -0.055230236850453453 0.016291418145076328 0.019461445594123536 0.013681344567982673 -0.017036020639373768 -0.042113990051895943 0.045029852967854098 0.02245312219743123 -0.10065160025400768 -0.062275541373124847 0.037508666978987144 -0.012095103711404582 -0.009018464233877926 0.016650398801355711 0.049814399100453863 -0.059318916309575836 0.0030836360186762787 0.002498325012420843 -0.14406039994313158 0.022920865024246846
leaf_weight=606.31998338692688 4.7765860803483511 24.130967477798098 178.22098074612177 56.952031203782099 0.36872438917271111 1.6728848904476756 1.9230761710405202 6.3315654793987042 3.5023278891458167 3.4241847409230095 5.2109880132338722 41.418427687596704 27.354489950630526 52.737143517333607 115.0482260461431 2.4119149476755384 10.557152930647135 13.501620212453416 0.77304173196171078 17.428524028044194 15.485104037448762 172.10801435424946 17.359446661546826 11.849025757983329 8.7593983635306376 4.3492234316654494 4.0608195662498483 14.458505179733038 3.1225704103708267 41.66485639847815
leaf_count=37121 558 16335 2249 5024 24 33 18 21 38 994 339 1194 2734 483 585 40 12 103 63 160 96 620 109 23 11 52 7 82 17 84
internal_value=0.00182415 0.00202188 0.00826441 -0.00902968 0.00484058 0.0169501 -0.0505828 -0.0324471 -0.0413882 0.000588039 0.00348674 -0.00247865 -0.00392905 0.00951995 -0.00550287 -0.00684864 0.0287648 -0.00790204 0.016108 -0.00465819 0.00193018 -0.00957823 -0.0025457 -0.0167416 0.0150481 -0.0037405 0.00490849 -0.0185471 -0.0609207 0.0135189
internal_weight=1467.28 1462.51 273.103 91.2856 57.3208 181.817 3.59596 33.9649 27.6333 1189.4 611.531 577.872 536.453 56.1613 480.292 452.164 12.9691 439.195 28.1275 324.147 138.537 185.61 123.052 42.3862 24.9576 16.1982 80.6662 21.6419 7.18339 59.0243
internal_count=69229 68671 23742 21442 5048 2300 51 16394 16373 44929 37460 7469 6275 1477 4798 2001 52 1949 2797 1364 641 723 545 246 86 75 299 106 24 193
is_linear=0
shrinkage=0.05


Tree=155
num_leaves=31
num_cat=0
split_feature=16 17 14 19 2 29 32 4 7 14 7 6 7 27 8 7 7 14 1 6 6 6 4 7 8 7 6 7 7 33
split_gain=5.45387 4.65111 3.43108 3.19909 3.07904 2.81039 3.76641 7.42724 7.06466 6.63248 8.17867 3.4462 3.32331 7.25994 16.022 12.3652 10.0252 7.3934 6.13056 4.20949 3.92588 3.70397 3.15294 10.121 5.00797 9.82894 4.4261 3.97403 3.60862 3.19933
threshold=1.0000000180025095e-35 1.0000000180025095e-35 1.0000000180025095e-35 1.0000000180025095e-35 1.0000000180025095e-35 1.0000000180025095e-35 1.0000000180025095e-35 1.0000000180025095e-35 0.37797619047619052 1.0000000180025095e-35 0.42481203007518803 4.5000000000000009 0.30217391304347835 1.0000000180025095e-35 1.0000000180025095e-35 0.21525096525096529 0.21525096525096529 1.0000000180025095e-35 1.0000000180025095e-35 2.5000000000000004 3.5000000000000004 9.5000000000000018 1.0000000180025095e-35 0.29705882352941182 1.0000000180025095e-35 0.26969696969696971 7.5000000000000009 0.18465909090909094 0.26969696969696971 1.0000000180025095e-35
decision_type=2 2 2 2 2 2 2 2 2 2 2 2 2 2 2 2 2 2 2 2 2 2 2 2 2 2 2 2 2 2
left_child=1 3 -2 4 5 6 12 8 -8 10 -10 -12 13 14 15 -1 -16 18 20 -20 -15 -17 24 26 25 -22 -24 -26 -28 -29
right_child=2 -3 -4 -5 -6 -7 7 -9 9 -11 11 -13 -14 17 16 21 -18 -19 19 -21 22 -23 23 -25 27 -27 28 29 -30 -31
leaf_value=-0.065518390693573417 -0.11824057741200403 -0.050711263028119714 0.047584123943615539 -0.048684150091120523 -0.049648507661915108 0.0090686091819288297 0.030745039747404002 -0.053019709994494839 -0.053208308437266649 0.050157096627337999 -0.00079461340498160565 0.030388391139691485 0.0032657426000341667 -0.057558465391881135 -0.0067867378927879184 0.011868023936233004 -0.066605232946989043 0.041230733035845284 0.068946123752099978 -0.052843833395401746 -0.11811457963387598 -0.018145902030530753 0.020263273849563432 -0.055560536126422068 0.018191163970642098 0.0076024065947622333 -0.011741581423966058 -0.007611920362232065 0.031006582835249485 0.023922606852575204
leaf_weight=6.6985563573107347 1.4555572283643403 4.0548653314108369 0.38546680100262154 2.9950029542160328 2.7658663429842809 171.02486516414501 38.409887343266746 4.3549759460147461 6.6940819734008974 7.0358476750552645 46.300529484869912 10.938708148314616 770.93038231147511 3.032081754092359 11.13931561377831 51.134077858820092 18.96044957882259 11.340021573239936 4.8767004694091147 0.81769278809952073 2.7867718702764241 12.845396104617974 53.522248539258726 6.0097238384187213 19.806012079119682 3.4829358886927366 25.250040942803029 133.38896172959358 6.1232775896787635 8.5431060902774316
leaf_count=690 117 27992 12 136 31002 1560 241 306 126 237 160 79 4484 413 71 166 301 306 15 78 89 59 170 32 44 8 83 288 13 21
internal_value=0.00258113 0.00269129 -0.0831812 0.00284224 0.00295023 0.00305227 0.00223804 0.0109183 0.0134732 0.00411531 -0.000950814 0.00516015 0.00137956 -0.00244816 -0.0139504 -0.000931239 -0.0444938 0.00170542 2.73625e-05 0.0513079 -0.00108743 0.00583231 -0.000421977 0.00707646 -0.00448237 -0.048296 0.0115224 -0.00277798 -0.00337507 -0.00570874
internal_weight=1447.1 1445.26 1.84102 1441.21 1438.21 1435.45 1264.42 113.734 109.379 70.9692 63.9333 57.2392 1150.69 379.757 100.778 70.678 30.0998 278.98 267.64 5.69439 261.945 63.9795 258.913 90.9053 168.008 6.26971 84.8956 161.738 31.3733 141.932
internal_count=69299 69170 129 41178 41042 10040 8480 1149 843 602 365 239 7331 2847 1287 915 372 1560 1254 93 1161 225 748 298 450 97 266 353 96 309
is_linear=0
shrinkage=0.05


Tree=156
num_leaves=31
num_cat=0
split_feature=17 18 19 29 0 30 6 27 7 12 7 6 6 6 6 0 6 30 7 8 7 7 27 31 7 6 6 7 1 7
split_gain=4.38411 3.6512 2.88318 2.78809 5.43792 3.19978 6.39653 6.99084 13.2906 6.1635 5.14054 5.22878 4.05032 3.45906 3.03537 2.42213 4.71981 8.84015 17.518 7.60808 6.22877 9.67033 5.20788 4.55509 4.16838 3.5129 3.38536 6.81251 4.16994 4.77172
threshold=1.0000000180025095e-35 1.0000000180025095e-35 1.0000000180025095e-35 1.0000000180025095e-35 1.0000000180025095e-35 1.0000000180025095e-35 7.5000000000000009 1.0000000180025095e-35 0.46862745098039221 1.0000000180025095e-35 0.39444444444444454 4.5000000000000009 10.500000000000002 9.5000000000000018 4.5000000000000009 1.0000000180025095e-35 8.5000000000000018 1.0000000180025095e-35 0.42481203007518803 1.0000000180025095e-35 0.44722222222222224 0.45804195804195807 1.0000000180025095e-35 1.0000000180025095e-35 0.24126984126984127 3.5000000000000004 5.5000000000000009 0.31789473684210529 1.0000000180025095e-35 0.18465909090909094
decision_type=2 2 2 2 2 2 2 2 2 2 2 2 2 2 2 2 2 2 2 2 2 2 2 2 2 2 2 2 2 2
left_child=1 2 3 15 -5 6 -6 8 9 -8 11 -7 -9 14 -12 24 17 26 19 -19 23 -22 25 -18 -1 -21 28 -28 -17 -30
right_child=-2 -3 -4 4 5 10 7 12 -10 -11 13 -13 -14 -15 -16 16 20 18 -20 22 21 -23 -24 -25 -26 -27 27 -29 29 -31
leaf_value=-0.053483054669778977 -0.050657791433015242 -0.070150631984014972 -0.046182992600355861 -0.066538028094634855 0.026140951269381221 -0.0501759861577179 -0.15060427283573374 0.021099396387135382 0.027215265200209279 -0.00193704153199258 0.044946985886602779 -0.00096059081714325648 -0.071931067425091449 0.046958560685595035 0.0023790434339109419 -0.00075228958823300978 -0.0092603855478797983 -0.061694383315938552 -0.10203396668636747 0.039222539301290105 0.071752765860522857 -0.053290426133012672 0.014691305658003804 0.043014927119942301 0.01346970985234381 -0.057602090519424692 -0.0014819555315742875 0.009772441554696084 0.061661752476560298 -0.050403511573805217
leaf_weight=2.3968662558035012 3.8628551634428723 1.7118070570541011 2.9997772185815839 2.3507128828346131 56.480248030158691 6.1052162468840825 2.7137265307828797 13.908141550840808 3.1678878148086369 0.94656114256940771 5.0465823274571475 46.145778388949111 1.265772006474436 7.8826641347259274 24.563716825447045 362.28073891589884 168.40162999325548 5.2897524038562542 5.6334405396337379 1.1562613938003803 5.6697041114093727 2.1117123891890515 22.195216024992988 4.2601072231191202 66.259557396270452 4.686226504505612 201.54765361233149 403.52355629453086 5.0357351363636544 1.1572691955807384
leaf_count=3253 28088 229 136 6804 737 70 20 133 13 29 20 264 8 25 157 2428 1083 70 94 8 87 160 84 17 22119 83 845 1994 46 195
internal_value=0.0024625 0.00260601 0.00269362 0.00279667 0.00879699 0.00985655 0.0172314 -0.00561846 -0.0476108 -0.112405 0.00340034 -0.00672918 0.0132638 0.0175284 0.00966365 0.00198493 0.00145882 0.00278684 -0.0205623 -0.00674947 -0.00598998 0.0377297 0.00361723 -0.00796528 0.0111176 -0.0383202 0.00372198 0.00602284 -5.49635e-05 0.0405923
internal_weight=1440.76 1436.89 1435.18 1432.18 170.577 168.226 78.4823 22.0021 6.82818 3.66029 89.744 52.251 15.1739 37.493 29.6103 1261.61 1192.95 1012.51 38.9609 33.3275 180.443 7.78142 28.0377 172.662 68.6564 5.84249 973.545 605.071 368.474 6.193
internal_count=69299 41211 40982 40846 8280 1476 940 203 62 49 536 334 141 202 177 32566 7194 5847 339 245 1347 247 175 1100 25372 91 5508 2839 2669 241
is_linear=0
shrinkage=0.05


Tree=157
num_leaves=31
num_cat=0
split_feature=16 17 14 28 7 7 7 32 7 15 32 7 4 7 7 7 27 7 1 29 0 30 7 0 29 27 30 27 7 7
split_gain=5.03788 4.16288 3.18142 3.06367 22.8615 18.2021 15.0237 13.2367 10.0599 8.58294 7.37826 6.50807 6.05135 7.68605 8.80163 9.46915 7.34379 6.71473 5.84826 5.62813 5.39731 5.38742 5.53157 4.82981 4.79297 5.77989 4.76668 6.04342 4.35518 4.02843
threshold=1.0000000180025095e-35 1.0000000180025095e-35 1.0000000180025095e-35 1.0000000180025095e-35 0.43303571428571436 0.30217391304347835 0.28991596638655465 1.0000000180025095e-35 0.22649572649572652 1.0000000180025095e-35 1.0000000180025095e-35 0.64583333333333337 1.0000000180025095e-35 0.30217391304347835 0.37797619047619052 0.3585714285714286 1.0000000180025095e-35 0.36939571150097467 1.0000000180025095e-35 1.0000000180025095e-35 1.0000000180025095e-35 1.0000000180025095e-35 0.35504201680672276 1.0000000180025095e-35 1.0000000180025095e-35 1.0000000180025095e-35 1.0000000180025095e-35 1.0000000180025095e-35 0.10263157894736843 0.24126984126984127
decision_type=2 2 2 2 2 2 2 2 2 2 2 2 2 2 2 2 2 2 2 2 2 2 2 2 2 2 2 2 2 2
left_child=1 3 -2 4 10 6 7 8 18 19 12 -7 -1 16 15 21 29 -17 -5 20 -10 22 23 -15 -23 -26 27 -19 -18 -14
right_child=2 -3 -4 5 -6 11 -8 -9 9 -11 -12 -13 13 14 -16 17 28 26 -20 -21 -22 24 -24 -25 25 -27 -28 -29 -30 -31
leaf_value=0.00024870824395522721 -0.11560912451330574 -0.050605844195031106 0.047464787781398864 0.0024913044727044378 -0.026283612376742527 0.0087210899191360464 -0.066167214526852022 0.03639767667248902 0.021246059368744054 -0.16365317248014635 -0.057250773066458399 0.051909729412250194 -0.032794470573334469 -0.083603835339867469 0.017764260135192913 -0.1510620241382338 -0.040406352759636652 -0.075635373345393456 0.058921293398896735 0.0086446530525962333 -0.025847234566354807 -0.15804336627471871 0.061474946178511292 0.0031375737789302673 -0.13858628831603248 0.02340708973963343 -0.12208498990639444 -0.00014882875346941039 0.031815761224722537 0.010304808114357885
leaf_weight=402.75960927667757 1.4104166757861083 3.6764659789837415 0.3679432664066552 51.547132114303167 72.924744365203878 543.50038661346298 10.650850896567134 17.371014573887805 6.5569545220423597 1.0004567131400097 4.9752341840649015 8.8607233001130208 7.1473535933582779 1.6683954978579993 46.833103287979611 1.3673445083695668 2.1393685478869875 3.9247643750277321 5.0333394948393098 17.577208700102346 81.319492099573836 0.90124920319067259 3.9410965473325623 36.53566008945927 0.77120442773230036 1.8475894014118239 1.3991051320335834 8.1706201171618886 67.874804234197654 22.346335440983239
leaf_count=20613 117 27992 12 1255 8370 5359 241 272 640 6 161 73 527 503 666 55 71 147 42 208 445 39 12 164 57 12 22 43 429 746
internal_value=0.00234722 0.00245209 -0.0815127 0.00258911 0.000182594 0.00481401 -0.00848718 -0.0050756 -0.00949952 -0.0185551 0.00332409 0.00941573 0.0038202 0.0107709 0.00148692 -0.0111004 0.0207813 -0.0457523 0.00752962 -0.0171584 -0.0223256 0.000173781 0.00515329 -0.000658281 -0.0591495 -0.0244536 -0.0349406 -0.0247266 0.0295963 -0.000130285
internal_weight=1436.4 1434.62 1.77836 1430.95 687.528 743.418 191.056 180.406 163.035 106.454 614.603 552.361 609.628 206.868 107.36 60.527 99.5079 14.8618 56.5805 105.454 87.8764 45.6652 42.1452 38.2041 3.52004 2.61879 13.4945 12.0954 70.0142 29.4937
internal_count=69299 69170 129 41178 32637 8541 3109 2868 2596 1299 24267 5432 24106 3493 1720 1054 1773 267 1297 1293 1085 787 679 667 108 69 212 190 500 1273
is_linear=0
shrinkage=0.05


Tree=158
num_leaves=31
num_cat=0
split_feature=16 17 14 2 28 7 7 6 32 27 7 0 6 6 4 32 13 7 6 6 14 27 4 7 6 7 27 6 27 13
split_gain=4.68178 3.93937 2.94046 2.84445 2.64832 20.3919 16.426 22.6268 9.11024 8.4753 14.8272 9.66238 8.3585 7.8635 9.97604 6.99058 6.73581 6.15509 5.96544 7.70988 6.2095 6.23495 5.5905 7.13059 8.97297 8.14172 6.73735 6.34502 5.21734 6.4378
threshold=1.0000000180025095e-35 1.0000000180025095e-35 1.0000000180025095e-35 1.0000000180025095e-35 1.0000000180025095e-35 0.43303571428571436 0.30217391304347835 7.5000000000000009 1.0000000180025095e-35 1.0000000180025095e-35 0.22649572649572652 1.0000000180025095e-35 2.5000000000000004 4.5000000000000009 1.0000000180025095e-35 1.0000000180025095e-35 1.0000000180025095e-35 0.64583333333333337 6.5000000000000009 17.500000000000004 1.0000000180025095e-35 1.0000000180025095e-35 1.0000000180025095e-35 0.30217391304347835 7.5000000000000009 0.41421568627450983 1.0000000180025095e-35 4.5000000000000009 1.0000000180025095e-35 1.0000000180025095e-35
decision_type=2 2 2 2 2 2 2 2 2 2 2 2 2 2 2 2 2 2 2 2 2 2 2 2 2 2 2 2 2 2
left_child=1 3 -2 4 5 15 7 8 12 10 -9 -12 -6 14 16 22 -7 -8 -15 20 21 -20 27 26 -25 -26 -24 28 -1 -30
right_child=2 -3 -4 -5 6 13 17 9 -10 -11 11 -13 -14 18 -16 -17 -18 -19 19 -21 -22 -23 23 24 25 -27 -28 -29 29 -31
leaf_value=-0.0844557291144553 -0.11271155446571363 -0.050554437649428074 0.047335044833101497 -0.049625891170171341 0.056678979392917717 -0.06840470066896763 0.0083511537691031406 0.05158628820742292 0.035899836313102527 -0.061750250691717648 0.043999432318545112 -0.062104277355463922 -0.005887867949734258 -0.00073542120904017568 0.033853174446422989 -0.057046663315541681 0.011289564847403623 0.051053582744094494 -0.12240819004350492 0.056233960399716988 0.024757958916448119 -0.039605333552922131 0.00019529021298376562 0.016587572817974568 -0.018940390422461085 0.044977443563697747 0.028918571429770359 0.0023042425358372042 -0.02199514033059187 0.049870659903085569
leaf_weight=2.8725547322319462 1.3754855597790072 3.5006394828392322 0.35096067562699307 2.6044839262158339 5.5640249582065726 20.215596077403468 541.57044199094526 5.6777782170102027 16.769815383740934 21.992476839950541 2.5917159169912312 12.160258272546344 125.61769936236669 32.954342730750795 3.3745222634170196 4.7491357004037118 3.0363391949795178 8.5677029953221773 3.7272576807881652 1.7808018922805793 2.000045004999266 5.9127640035003424 29.196389340664609 51.390544971975032 49.337495356798172 5.5282618105411521 68.145882811251795 366.72316003032029 28.630677304878191 3.4837475530803195
leaf_count=450 117 27992 12 31064 471 290 3605 19 258 202 4 143 786 226 9 161 43 60 156 1 51 67 168 197 175 5 440 1875 180 72
internal_value=0.0022392 0.00233918 -0.0798033 0.00246971 0.00256572 0.000319479 0.00463699 -0.0080204 0.00120736 -0.0402076 -0.0169738 -0.0434123 -0.00322619 -0.0246519 -0.0463109 0.00330882 -0.057976 0.00901801 -0.0121982 -0.040286 -0.055131 -0.0717661 0.00378411 0.0105335 0.00157196 -0.0124839 0.0203095 0.000361878 -0.019978 -0.0141705
internal_weight=1431.4 1429.68 1.72645 1426.18 1423.57 683.06 740.512 190.374 147.952 42.4222 20.4298 14.752 131.182 73.0017 26.6265 610.058 23.2519 550.138 46.3752 13.4209 11.6401 9.64002 605.309 203.599 106.256 54.8658 97.3423 401.71 34.987 32.1144
internal_count=69299 69170 129 41178 10114 4566 5548 1883 1515 368 166 147 1257 843 342 3723 333 3665 501 275 274 223 3562 985 377 180 608 2577 702 252
is_linear=0
shrinkage=0.05


Tree=159
num_leaves=31
num_cat=0
split_feature=16 17 18 14 2 19 29 30 7 12 7 7 27 32 4 7 14 7 13 12 7 27 8 7 7 14 30 7 7 1
split_gain=4.35552 3.72877 3.4678 2.72303 2.69391 2.67593 2.41778 3.19097 5.32886 2.91624 3.55648 7.74231 6.25609 2.89253 6.67918 6.35752 6.39082 7.64104 3.59285 4.62626 2.2338 6.19678 14.1407 11.556 9.04532 6.88709 5.78218 16.355 4.89466 4.03235
threshold=1.0000000180025095e-35 1.0000000180025095e-35 1.0000000180025095e-35 1.0000000180025095e-35 1.0000000180025095e-35 1.0000000180025095e-35 1.0000000180025095e-35 1.0000000180025095e-35 0.39444444444444454 1.0000000180025095e-35 0.3585714285714286 0.39444444444444454 1.0000000180025095e-35 1.0000000180025095e-35 1.0000000180025095e-35 0.37797619047619052 1.0000000180025095e-35 0.42481203007518803 1.0000000180025095e-35 1.0000000180025095e-35 0.30217391304347835 1.0000000180025095e-35 1.0000000180025095e-35 0.21525096525096529 0.21525096525096529 1.0000000180025095e-35 1.0000000180025095e-35 0.42481203007518803 0.41421568627450983 1.0000000180025095e-35
decision_type=2 2 2 2 2 2 2 2 2 2 2 2 2 2 2 2 2 2 2 2 2 2 2 2 2 2 2 2 2 2
left_child=1 2 4 -2 5 6 13 9 -9 10 -8 12 -12 20 15 18 17 -17 -15 -20 21 22 23 -1 -24 29 -22 28 -28 -23
right_child=3 -3 -4 -5 -6 -7 7 8 -10 -11 11 -13 -14 14 -16 16 -18 -19 19 -21 26 25 24 -25 -26 -27 27 -29 -30 -31
leaf_value=-0.064800439790089856 -0.11004333987268117 -0.050503799683205376 -0.070096465015832762 0.047200211443269066 -0.049604917309569369 -0.044640256219022421 0.020857882836872919 -0.008263243192465396 0.016436339904621261 0.040413241875535334 -0.14068442940542189 0.0091147516473299214 -0.013073292221727529 0.032520857492726284 -0.052612795986670957 -0.053085158537099275 0.0501292589264185 0.0042059571888101478 -0.11508252494610538 0.048798640688923325 0.0036033889131854985 -0.00069265945494818891 -0.0061023960007559703 0.0060074711752169455 -0.063257630261403061 0.040830677528385144 -0.010369070160806503 -0.094254603413012353 0.049467428645429037 0.042309175364742831
leaf_weight=6.3300848262697391 1.3395503356723555 3.3331760962669241 1.6391246772218426 0.33480192907154549 2.4709777118314369 2.9887265418365123 41.439458444248885 52.977840809980989 37.126273578265682 10.406806747545486 1.6635372079908877 20.693828641087748 2.2822317203972489 34.595339734019944 4.1398392459959714 6.4704841912025577 6.5701647698879233 57.040362090338022 0.94518345594406017 0.77118952572345734 729.8400395616336 257.71746398213145 11.129759171046318 63.189355976122897 18.401172105688602 10.859381372574715 23.334462661936417 5.7599708128109333 3.9932325923000453 5.5592950638674656
leaf_count=690 117 27992 229 12 30904 74 352 400 203 435 9 141 17 207 306 126 237 239 5 29 4175 1140 71 225 300 306 166 100 6 86
internal_value=0.002137 0.0022324 0.00235686 -0.0782107 0.00244142 0.00253293 0.00263336 0.00829148 0.00190906 0.0158025 0.0119135 -0.00311151 -0.0672202 0.0018768 0.00959856 0.0120287 0.00322142 -0.00163043 0.0290072 -0.0413027 0.00112503 -0.00204418 -0.0127629 -0.000441137 -0.041743 0.0018272 0.00267592 -0.0177619 -0.00159233 0.000215031
internal_weight=1425.34 1423.67 1420.34 1.67435 1418.7 1416.23 1413.24 166.59 90.1041 76.4859 66.0791 24.6396 3.94577 1246.65 110.533 106.393 70.081 63.5108 36.3117 1.71637 1136.11 373.187 99.0504 69.5194 29.5309 274.136 762.928 33.0877 27.3277 263.277
internal_count=69299 69170 41178 129 40949 10045 9971 1557 603 954 519 167 26 8414 1149 843 602 365 241 34 7265 2818 1286 915 371 1532 4447 272 172 1226
is_linear=0
shrinkage=0.05


Tree=160
num_leaves=31
num_cat=0
split_feature=16 6 33 17 6 3 3 5 6 28 6 6 4 29 30 1 6 6 26 19 0 6 4 6 4 4 6 12 0 6
split_gain=3.9312 9.32001 4.69769 3.28444 3.19256 4.63697 4.11927 3.8747 3.86398 7.00281 17.9046 8.09878 7.62056 6.99388 5.34545 4.1962 3.71536 12.4363 3.62824 3.61141 3.4184 8.77497 10.2164 6.56893 4.8332 4.40204 3.41551 3.28247 3.11097 2.59965
threshold=1.0000000180025095e-35 6.5000000000000009 1.0000000180025095e-35 1.0000000180025095e-35 9.5000000000000018 1.0000000180025095e-35 1.0000000180025095e-35 1.0000000180025095e-35 5.5000000000000009 1.0000000180025095e-35 4.5000000000000009 3.5000000000000004 1.0000000180025095e-35 1.0000000180025095e-35 1.0000000180025095e-35 1.0000000180025095e-35 16.500000000000004 12.500000000000002 1.0000000180025095e-35 1.0000000180025095e-35 1.0000000180025095e-35 10.500000000000002 1.0000000180025095e-35 10.500000000000002 1.0000000180025095e-35 1.0000000180025095e-35 3.5000000000000004 1.0000000180025095e-35 1.0000000180025095e-35 4.5000000000000009
decision_type=2 2 2 2 2 2 2 2 2 2 2 2 2 2 2 2 2 2 2 2 2 2 2 2 2 2 2 2 2 2
left_child=3 2 -2 4 6 16 7 8 9 10 12 15 26 14 18 -11 17 20 27 -10 23 22 -22 25 -23 -6 -1 29 -18 -13
right_child=1 -3 -4 -5 5 -7 -8 -9 19 11 -12 13 -14 -15 -16 -17 28 -19 -20 -21 21 24 -24 -25 -26 -27 -28 -29 -30 -31
leaf_value=-0.060150136120711753 -0.053100857331572715 0.063748519815477356 -0.39490353288651264 -0.050455700522137506 -0.075573498435237862 0.039424802636591649 -0.065990037005959165 -0.068205071402148612 0.0034276219459832926 0.019573344784005253 0.0033097328518533302 -0.00057930888227105076 0.00067796915797061082 0.022496395631130255 -0.074295625272233976 0.072636546047322656 -0.023622180932437977 -0.076720931032267181 0.050927689860746306 -0.051281326013458278 -0.0022553881275728578 -0.043372820600412282 -0.045320064420537001 -0.066077574877896589 0.015127288705500119 0.038849378908362445 -0.031037930967217672 0.017286075201350819 0.042363507128643833 -0.013107668673159396
leaf_weight=13.197704867556238 1.2267964420980195 5.9508834489388391 0.1009259596467017 3.1874658696340239 0.89870537508431603 5.0671542752825181 2.2783724266046184 2.0003062534669871 835.15815194140487 24.06504773401139 101.36142347707937 97.262350073997368 16.578799251619785 28.773268322211152 2.6524360704897836 4.4155423254414918 2.5358223291223094 6.9060992202830667 3.0638045482337466 3.016359937231754 27.996789127180818 3.9688298124092389 27.146521763410419 2.0795114383772662 31.160184326581657 10.919517545033159 43.582209194960797 16.724339656881057 5.9318053117021918 72.206871545316972
leaf_count=2101 125 6 1 27968 1398 45 690 167 19872 638 4895 599 367 336 86 36 61 935 29 87 287 212 152 1979 106 480 4445 541 15 648
internal_value=0.000352582 0.0369779 -0.0822144 0.000160743 0.000277456 -0.00735799 0.00102925 0.00115096 0.00126183 -0.00262786 -0.0103027 0.00275216 -0.0291161 -0.000484475 -0.00393362 0.0278403 -0.0093483 -0.0117855 -0.00294099 0.00322953 -0.00746873 -0.011026 -0.0234692 0.0155928 0.00849333 0.0300494 -0.0378229 -0.00383277 0.0225391 -0.00592076
internal_weight=1401.41 7.27861 1.32772 1394.14 1390.95 124.611 1266.34 1264.06 1262.06 423.884 174.72 249.164 73.3587 220.683 191.91 28.4806 119.544 111.076 189.257 838.175 104.17 90.2723 55.1433 13.8977 35.129 11.8182 56.7799 186.194 8.46763 169.469
internal_count=69307 132 126 69175 41207 5670 35537 34847 34680 14721 11808 2913 6913 2239 1903 674 5625 5549 1817 19959 4614 757 439 3857 318 1878 6546 1788 76 1247
is_linear=0
shrinkage=0.05


Tree=161
num_leaves=31
num_cat=0
split_feature=16 6 18 17 27 28 31 6 30 6 6 6 6 14 15 14 29 6 29 30 6 6 28 19 14 6 28 8 13 8
split_gain=3.60996 8.49597 3.55135 3.13168 3.04237 23.0912 12.7974 12.8709 9.17549 9.58411 28.0728 10.3211 7.44969 7.39856 5.51594 5.12373 5.08763 5.06484 4.55758 7.15826 4.79628 4.32426 4.36931 3.80669 3.73163 3.65756 17.2001 9.82774 8.21062 8.32041
threshold=1.0000000180025095e-35 6.5000000000000009 1.0000000180025095e-35 1.0000000180025095e-35 1.0000000180025095e-35 1.0000000180025095e-35 1.0000000180025095e-35 7.5000000000000009 1.0000000180025095e-35 5.5000000000000009 6.5000000000000009 7.5000000000000009 5.5000000000000009 1.0000000180025095e-35 1.0000000180025095e-35 1.0000000180025095e-35 1.0000000180025095e-35 13.500000000000002 1.0000000180025095e-35 1.0000000180025095e-35 10.500000000000002 2.5000000000000004 1.0000000180025095e-35 1.0000000180025095e-35 1.0000000180025095e-35 4.5000000000000009 1.0000000180025095e-35 1.0000000180025095e-35 1.0000000180025095e-35 1.0000000180025095e-35
decision_type=2 2 2 2 2 2 2 2 2 2 2 2 2 2 2 2 2 2 2 2 2 2 2 2 2 2 2 2 2 2
left_child=2 -2 3 4 5 23 8 -8 12 -10 -11 15 16 -9 17 -12 -7 -14 21 20 -20 22 -6 -1 -13 26 28 -28 29 -23
right_child=1 -3 -4 -5 18 6 7 13 9 10 11 24 14 -15 -16 -17 -18 -19 19 -21 -22 25 -24 -25 -26 -27 27 -29 -30 -31
leaf_value=-0.018848418636410055 -0.076546121507230627 0.062001139110656273 -0.070301648528158567 -0.050406395654225424 -0.03747770397509409 -0.0056900099150684448 -0.022840622150783873 -0.055073387422415215 0.0090689742054154126 -0.12433167757587274 0.03846361491791294 -0.067885256496238694 0.015318842764783526 -0.2984907643793393 -0.068107370665608041 -0.067892513280113809 0.034300934029573842 -0.076905666319004945 0.029934044401683176 -0.0070840144992161116 -0.064650687585327549 0.001766560306643296 0.063262201822560191 -0.16256563386896455 0.048944863488560225 0.0021319271705666494 -0.066832263360086533 0.018115729364633366 0.031573284562922251 -0.044468389586315854
leaf_weight=148.17241385774901 1.3540996358551627 5.8163885530084372 1.7762478858867314 3.0349122803236233 1.3519980330238457 98.643711836633884 3.0040365361892318 0.50908318884466985 20.426910300893724 6.698660504123839 9.5856415682828811 5.6824091759699504 200.60981526745309 0.84456738829612732 2.0227846847847095 1.2717399895191199 8.6385961206833581 1.4883583759874444 41.643230669353215 24.202004193268294 1.3725171252026473 12.951384422827685 5.0678522530415648 0.45331369693303614 0.76439932361245144 691.35590789242087 3.6364248674726687 51.023284141207114 5.4416352414118583 38.863377041183412
leaf_count=27138 126 6 232 27968 144 1549 47 32 305 139 84 370 2883 8 12 18 123 65 644 467 16 613 254 86 12 5191 251 216 114 194
internal_value=0.000336181 0.0356976 0.00015322 0.000244198 0.000355853 -0.00271931 0.00412177 -0.0809377 0.0051671 -0.016083 -0.0375034 -0.0038099 0.00820099 -0.208388 0.0138077 0.025909 -0.0024623 0.0146334 0.00214076 0.014651 0.0268902 0.00110143 0.0419437 -0.019301 -0.0539009 0.000773869 -0.00761044 0.0124439 -0.0267629 -0.032904
internal_weight=1397.71 7.17049 1390.54 1388.76 1385.73 508.816 360.191 4.35769 355.833 44.4298 24.0029 17.3042 311.403 1.35365 204.121 10.8574 107.282 202.098 876.91 67.2178 43.0157 809.692 6.41985 148.626 6.44681 803.272 111.916 54.6597 57.2564 51.8148
internal_count=69307 132 69175 68943 40975 32871 5647 87 5560 928 623 484 4632 40 2960 102 1672 2948 8104 1127 660 6977 398 27224 382 6579 1388 467 921 807
is_linear=0
shrinkage=0.05


Tree=162
num_leaves=31
num_cat=0
split_feature=7 7 1 8 6 6 31 4 7 6 30 29 7 29 1 16 12 28 6 7 3 8 30 7 7 29 29 7 6 29
split_gain=3.58137 4.82062 4.34182 6.95769 4.66248 4.15028 3.95169 3.82638 3.44017 4.29698 4.28785 3.9826 3.81129 12.6282 2.93781 2.90242 2.88803 5.14762 2.37823 7.66829 9.07012 9.84446 7.59781 5.91183 6.336 8.16454 5.57424 4.87532 3.3456 4.87335
threshold=0.14835164835164838 0.26969696969696971 1.0000000180025095e-35 1.0000000180025095e-35 5.5000000000000009 2.5000000000000004 1.0000000180025095e-35 1.0000000180025095e-35 0.22649572649572652 10.500000000000002 1.0000000180025095e-35 1.0000000180025095e-35 0.18465909090909094 1.0000000180025095e-35 1.0000000180025095e-35 1.0000000180025095e-35 1.0000000180025095e-35 1.0000000180025095e-35 9.5000000000000018 0.3585714285714286 1.0000000180025095e-35 1.0000000180025095e-35 1.0000000180025095e-35 0.45804195804195807 0.44097222222222227 1.0000000180025095e-35 1.0000000180025095e-35 0.2752525252525253 5.5000000000000009 1.0000000180025095e-35
decision_type=2 2 2 2 2 2 2 2 2 2 2 2 2 2 2 2 2 2 2 2 2 2 2 2 2 2 2 2 2 2
left_child=2 6 3 4 -1 -3 8 -6 9 10 11 -2 13 -12 15 18 17 -15 28 20 21 27 26 24 25 -21 -23 -20 29 -7
right_child=1 5 -4 -5 7 14 -8 -9 -10 -11 12 -13 -14 16 -16 -17 -18 -19 19 23 -22 22 -24 -25 -26 -27 -28 -29 -30 -31
leaf_value=-0.06548107481379499 0.0033132309584315242 -0.059676104253394813 0.062361890441041713 0.030269204521577803 -0.098205717349646907 -0.0047255456904830555 -0.10859420426455722 0.015959065133346311 -0.011412891620863784 -0.12697259670976091 -0.33153920071650683 0.046199717502664522 -0.010460430816255991 0.0068750795708926379 -0.054555350393583717 0.034139697519034035 0.050977623422413382 -0.17109084826871668 -0.00039228566617539076 0.0058506388370126328 0.045325651924920003 -0.05659356110887126 0.067736028641028304 -0.064624499125886026 0.04854069817989376 -0.086706418217829984 0.03563322652195848 -0.053247421618548091 0.0039542686660986072 0.015982964211625945
leaf_weight=3.8588025051940402 73.273881018891188 2.7760168860195327 4.5068836994760195 16.136613266884524 0.82017645598170918 255.93921338211931 0.93806116905557146 6.306923874792119 133.69544342308791 0.64050428639893553 0.40219307168808649 5.8394977120842659 11.189299061034035 0.95760452336617186 2.3286093714486915 6.7770569269778198 0.72678709030151356 0.68842633301392198 5.3299091042354148 58.282804021919219 4.5413132000685428 4.0929557578638178 3.8875640954356641 2.9367473633192267 8.3327372617532074 2.4738856027897773 2.7123282849788666 24.523328626098191 717.21008093529144 31.940076409026005
leaf_count=1881 2162 11784 107 162 93 17284 107 126 7362 31 41 108 640 75 319 17 1 10 202 1924 5 65 18 803 500 343 6 1431 17447 4253
internal_value=0.000322657 -6.31724e-05 0.0169528 0.00936868 -0.0212851 0.00127105 -0.00669138 0.0026319 -0.00626408 0.00107615 0.00197622 0.00649052 -0.0235496 -0.0759209 0.00142157 0.00153795 -0.0311742 -0.0678381 0.00134032 -0.00540129 -0.0215718 -0.0290862 0.0120351 0.00471585 0.00767942 0.00206003 -0.0197637 -0.0438309 0.00212639 -0.00242573
internal_weight=1394.07 1362.44 31.6294 27.1225 10.9859 1134.08 228.352 7.1271 227.414 93.7182 93.0777 79.1134 13.9643 2.77501 1131.31 1128.98 2.37282 1.64603 1122.2 117.114 45.0874 40.5461 10.6928 72.0262 69.0894 60.7567 6.80528 29.8532 1005.09 287.879
internal_count=69307 66938 2369 2262 2100 56401 10537 219 10430 3068 3037 2270 767 127 44617 44298 86 85 44281 5297 1727 1722 89 3570 2767 2267 71 1633 38984 21537
is_linear=0
shrinkage=0.05


Tree=163
num_leaves=31
num_cat=0
split_feature=18 7 7 33 30 6 6 1 8 6 4 7 0 0 28 1 4 28 16 27 19 33 6 7 3 27 30 0 6 7
split_gain=3.31821 3.75505 4.18433 4.16813 11.2679 4.40912 3.79131 3.7141 5.65824 3.49951 3.59134 3.02436 3.02696 2.88926 7.73966 2.78281 2.71041 4.70525 2.64276 2.38975 2.35006 2.31957 2.24102 7.01763 8.3313 11.7183 7.73682 5.82491 7.96072 5.44687
threshold=1.0000000180025095e-35 0.14835164835164838 0.26969696969696971 1.0000000180025095e-35 1.0000000180025095e-35 10.500000000000002 2.5000000000000004 1.0000000180025095e-35 1.0000000180025095e-35 5.5000000000000009 1.0000000180025095e-35 0.24126984126984127 1.0000000180025095e-35 1.0000000180025095e-35 1.0000000180025095e-35 1.0000000180025095e-35 1.0000000180025095e-35 1.0000000180025095e-35 1.0000000180025095e-35 1.0000000180025095e-35 1.0000000180025095e-35 1.0000000180025095e-35 9.5000000000000018 0.3585714285714286 1.0000000180025095e-35 1.0000000180025095e-35 1.0000000180025095e-35 1.0000000180025095e-35 10.500000000000002 0.45804195804195807
decision_type=2 2 2 2 2 2 2 2 2 2 2 2 2 2 2 2 2 2 2 2 2 2 2 2 2 2 2 2 2 2
left_child=1 7 3 5 -5 11 -4 8 9 -1 -11 12 -3 14 -13 18 17 19 20 -14 22 -10 -8 24 25 27 -27 28 -24 -25
right_child=-2 2 6 4 -6 -7 15 -9 21 10 -12 13 16 -15 -16 -17 -18 -19 -20 -21 -22 -23 23 29 -26 26 -28 -29 -30 -31
leaf_value=-0.058381534058395836 -0.069276939481995758 -0.062027127362153558 -0.05810574768496457 0.034584403225319436 -0.12487808235977232 -0.063916649351477006 0.0022035262419967169 0.059761836239698544 0.037457548756292057 -0.097353204827694356 0.015343706509141823 -0.074532518238945411 -0.059669116365112053 -0.013578710758032408 0.054920609614220794 -0.054377950609337866 0.011803500604692348 0.0072008316948376332 0.032762918252755686 -0.016143426763401889 -0.040309427658499673 -0.016033836388248606 0.032196748594222301 0.0073653460489490358 0.044662358202224098 -0.019359151600026953 0.05387767607341859 -0.085144412298053584 -0.085102525767130413 -0.062773139378616227
leaf_weight=3.5305055207172735 1.7010519433470097 1.8915046490457132 2.6737765615143863 12.538967935950492 1.2043097903333553 3.4477155176227816 999.64574807419922 4.4703240915041524 13.429830607929032 0.78692520104959829 6.2341675849384046 1.5395279566863553 4.0090113041223967 120.06469887222192 4.504737069211842 2.2221186829701756 37.14741252514068 26.525870558689348 6.7108919913880518 15.003528552828357 3.3704139964711421 2.3664764091372499 3.1280417431444194 68.967185471544326 4.3825146544259033 20.261191440653423 4.3748459714806804 9.825716286082752 2.669000476011206 2.8728214608709086
leaf_count=1880 232 2468 11778 213 18 224 38696 99 148 93 126 5596 106 990 514 319 147 141 17 78 138 13 667 2749 5 167 22 129 737 797
internal_value=0.000307576 0.000393602 1.79203e-06 -0.00617895 0.0204939 -0.00789404 0.00124748 0.0176493 0.0104653 -0.0178453 0.00252101 -0.00697191 0.000337431 -0.0118777 0.0217965 0.00138907 0.00177744 -0.00639101 0.00150003 -0.0253741 0.00131188 0.0294072 0.00143838 -0.00512349 -0.0206919 -0.027828 -0.00631695 -0.0616917 -0.0217761 0.00454526
internal_weight=1391.5 1389.8 1358.98 227.877 13.7433 214.134 1131.1 30.8182 26.3479 10.5516 7.02109 210.686 84.5773 126.109 6.04427 1128.43 82.6858 45.5384 1126.21 19.0125 1119.5 15.7963 1116.13 116.481 44.6413 40.2588 24.636 15.6228 5.79704 71.84
internal_count=69307 69075 66716 10495 231 10264 56221 2359 2260 2099 219 10040 2940 7100 6110 44443 472 325 44124 184 44107 161 43969 5273 1727 1722 189 1533 1404 3546
is_linear=0
shrinkage=0.05


Tree=164
num_leaves=31
num_cat=0
split_feature=18 7 7 33 30 6 6 7 0 0 28 6 29 8 27 27 28 30 6 7 15 6 29 14 0 30 6 8 29 0
split_gain=3.13598 3.45941 3.78394 3.82665 10.3383 4.09753 3.48944 2.70854 2.84911 2.62762 7.24542 2.51426 4.26943 7.25995 8.11164 3.90931 9.08274 14.7848 30.9605 17.1305 9.71017 9.28393 7.88186 20.0394 6.8554 5.86448 7.74382 5.87157 9.08104 6.2367
threshold=1.0000000180025095e-35 0.14835164835164838 0.26969696969696971 1.0000000180025095e-35 1.0000000180025095e-35 10.500000000000002 2.5000000000000004 0.24126984126984127 1.0000000180025095e-35 1.0000000180025095e-35 1.0000000180025095e-35 5.5000000000000009 1.0000000180025095e-35 1.0000000180025095e-35 1.0000000180025095e-35 1.0000000180025095e-35 1.0000000180025095e-35 1.0000000180025095e-35 6.5000000000000009 0.30217391304347835 1.0000000180025095e-35 7.5000000000000009 1.0000000180025095e-35 1.0000000180025095e-35 1.0000000180025095e-35 1.0000000180025095e-35 7.5000000000000009 1.0000000180025095e-35 1.0000000180025095e-35 1.0000000180025095e-35
decision_type=2 2 2 2 2 2 2 2 2 2 2 2 2 2 2 2 2 2 2 2 2 2 2 2 2 2 2 2 2 2
left_child=1 -1 3 5 -5 7 -4 8 -3 10 -9 12 -8 14 -14 16 25 19 -19 20 22 -20 24 -24 -18 26 27 28 29 -13
right_child=-2 2 6 4 -6 -7 11 9 -10 -11 -12 15 13 -15 -16 -17 17 18 21 -21 -22 -23 23 -25 -26 -27 -28 -29 -30 -31
leaf_value=0.0171024703699196 -0.068849292264773126 -0.061455516870470295 -0.056300256455829173 0.033965366589075417 -0.11941047975315472 -0.062121353754053449 -0.0048390607026641552 -0.073273554503201735 0.0016933868293213875 -0.012840584100226314 0.054096639395728036 -0.045346965535542905 -0.12033282854875647 0.024737387363147081 0.010983124377948936 0.0053150928485009193 -0.20720892801016194 -0.1371942049613355 0.027145431503700329 0.014917208145471927 -0.2125453777756523 -0.052076078515842061 -0.35217447316162986 0.048496664188748421 -0.013844156021885859 0.0071420740631859035 -0.037848882504731063 -0.034659740902533952 -0.48337766495856943 0.015628971128940943
leaf_weight=30.222744258321654 1.6279506715845844 1.8156583133130642 2.6232006183802232 12.139526387458314 1.1971021264325834 3.3722325452890791 257.15675704717842 1.4891344947744745 82.35709310346283 120.60446798423072 4.348808120130343 4.9390348912293112 1.9466176708756417 26.953611600707518 2.9289252807720914 529.46075897510855 0.46016214795964572 5.4718944283195041 10.801812264915499 158.06878005418184 0.71471139881759782 5.6107040823208072 0.60249819246018776 0.62807069160044193 19.248219138942659 25.85348636940671 35.132121160838324 13.235810720594598 0.084942876183048521 27.391599351540208
leaf_count=2359 232 2468 11778 213 18 224 17415 5596 472 990 514 4574 3674 324 254 4149 272 115 100 2041 6 293 15 29 216 4492 5919 324 187 44
internal_value=0.00029236 0.000374378 1.22294e-06 -0.00588392 0.0200817 -0.0075054 0.00118635 -0.00662565 0.000318148 -0.0112517 0.021452 0.00132113 -0.00269936 0.0145683 -0.041483 0.00270871 -0.0017666 0.00447366 -0.0343146 0.00920125 -0.032489 1.7481e-05 -0.0262208 -0.14853 -0.0184871 -0.0135684 -0.0202027 -0.00660634 0.00484006 0.00628729
internal_weight=1388.49 1386.86 1356.64 227.324 13.3366 213.987 1129.31 210.615 84.1728 126.442 5.83794 1126.69 288.986 31.8292 4.87554 837.705 308.244 201.607 21.8844 179.722 21.6537 16.4125 20.939 1.23057 19.7084 106.637 80.7835 45.6514 32.4156 32.3306
internal_count=69307 69075 66716 10495 231 10264 56221 10040 2940 7100 6110 44443 21667 4252 3928 22776 18627 3087 508 2579 538 393 532 44 488 15540 11048 5129 4805 4618
is_linear=0
shrinkage=0.05


Tree=165
num_leaves=31
num_cat=0
split_feature=7 30 6 7 1 6 2 18 7 6 28 6 28 13 6 30 7 28 5 7 5 7 7 30 27 13 28 7 12 16
split_gain=7.1034 5.95381 3.65434 6.76285 3.50444 3.14651 2.80315 2.78809 2.75084 3.90732 3.80503 4.51213 2.95305 6.00509 2.72384 6.08404 13.4206 6.114 4.23136 4.11601 3.412 2.58064 2.5405 6.09488 2.48323 2.18963 2.14772 1.99145 1.97922 1.8588
threshold=0.10263157894736843 1.0000000180025095e-35 13.500000000000002 0.35147058823529415 1.0000000180025095e-35 5.5000000000000009 1.0000000180025095e-35 1.0000000180025095e-35 0.58571428571428574 3.5000000000000004 1.0000000180025095e-35 5.5000000000000009 1.0000000180025095e-35 1.0000000180025095e-35 10.500000000000002 1.0000000180025095e-35 0.31789473684210529 1.0000000180025095e-35 1.0000000180025095e-35 0.37797619047619052 1.0000000180025095e-35 0.46410256410256417 0.24126984126984127 1.0000000180025095e-35 1.0000000180025095e-35 1.0000000180025095e-35 1.0000000180025095e-35 0.26969696969696971 1.0000000180025095e-35 1.0000000180025095e-35
decision_type=2 2 2 2 2 2 2 2 2 2 2 2 2 2 2 2 2 2 2 2 2 2 2 2 2 2 2 2 2 2
left_child=1 5 4 -4 6 28 8 -3 9 12 11 -10 24 -14 18 16 20 -18 22 -19 26 -5 23 -11 -2 -26 27 -16 -1 -24
right_child=2 7 3 21 -6 -7 -8 -9 10 14 -12 -13 13 -15 15 -17 17 19 -20 -21 -22 -23 29 -25 25 -27 -28 -29 -30 -31
leaf_value=-0.077118553641862875 -0.083115791531006886 0.043981584362952353 -0.067192453775854144 0.044416380893032403 -0.052110269156476409 0.016899251295817902 -0.049637064722549952 -0.13302272955428263 0.0004602250664985227 0.013718321863894919 0.030137381781015712 -0.14322178578999234 0.010346014752637519 -0.098365517416729276 -0.027709471389191088 0.025534324483455197 -0.090112584439302951 -0.0032098933472009782 -0.065118806090904868 -0.066033870042581433 0.052889063105810513 -0.044317508497062001 0.0010309839209002526 -0.019167190530701893 -0.032419159766046132 0.033127742033727717 -0.039563590175028807 0.027602567067594144 0.047207541819710791 0.030334230557706718
leaf_weight=6.9578114131038529 2.1407865106812087 2.3484053282309101 1.7030632056957973 12.122597830912124 3.0819674864142135 1.1549326153763102 2.6982556665057009 0.23487397097051133 10.194051984555699 97.843634087359533 18.56426679030119 0.56696084700524885 12.229422950302249 1.4073217455297715 2.255359843955377 8.7401964427554031 6.4065652651188438 6.526741930982098 2.3513809610158196 4.3525201531883795 4.0069561302661887 0.86527490067601398 1156.6725281733634 16.439115494256839 10.670915550232165 1.431113118305803 2.7069146728608757 5.7246286267181858 0.32408244162797917 5.4286254574544719
leaf_count=1806 1030 346 124 233 456 68 55565 2 927 528 191 5 162 22 29 65 113 33 25 130 7 65 7108 115 190 33 55 16 7 24
internal_value=0.00100552 -0.0389604 0.0013214 0.0261202 0.00105732 -0.0592992 0.00117685 0.0272445 0.00127717 0.000946971 0.0164254 -0.00718941 -0.017572 -0.000900313 0.00133878 -0.0113887 -0.0215003 -0.0513575 0.00174455 -0.0284277 0.0136006 0.0384368 0.00186863 0.00898223 -0.0334874 -0.0246057 -0.00111924 0.0118922 -0.0714597 0.00116856
internal_weight=1408.15 11.0201 1397.13 14.6909 1382.44 8.43683 1379.36 2.58328 1376.66 1347.33 29.3253 10.761 27.8796 13.6367 1319.46 40.7199 31.9797 17.2858 1278.74 10.8793 14.6939 12.9879 1276.38 114.283 14.2428 12.102 10.6869 7.97999 7.28189 1162.1
internal_count=69480 2229 67251 422 66829 1881 66373 348 10808 9685 1123 932 1437 184 8248 448 383 276 7800 163 107 298 7775 643 1253 223 100 45 1813 7132
is_linear=0
shrinkage=0.05


Tree=166
num_leaves=31
num_cat=0
split_feature=7 30 6 7 1 6 2 7 28 6 6 18 6 3 30 7 5 29 30 4 7 7 30 29 4 7 16 13 29 29
split_gain=6.57554 5.51906 3.37196 6.27338 3.31932 2.96036 2.65974 2.51801 3.52238 3.86837 3.5212 2.51166 2.4975 7.11973 8.18141 6.9862 3.96589 2.43885 4.85269 6.02597 2.37602 2.31321 5.51819 3.00954 2.21652 1.9681 1.69215 1.6608 1.58014 1.47686
threshold=0.10263157894736843 1.0000000180025095e-35 13.500000000000002 0.35147058823529415 1.0000000180025095e-35 5.5000000000000009 1.0000000180025095e-35 0.58571428571428574 1.0000000180025095e-35 5.5000000000000009 3.5000000000000004 1.0000000180025095e-35 10.500000000000002 1.0000000180025095e-35 1.0000000180025095e-35 0.30217391304347835 1.0000000180025095e-35 1.0000000180025095e-35 1.0000000180025095e-35 1.0000000180025095e-35 0.46410256410256417 0.24126984126984127 1.0000000180025095e-35 1.0000000180025095e-35 1.0000000180025095e-35 0.26969696969696971 1.0000000180025095e-35 1.0000000180025095e-35 1.0000000180025095e-35 1.0000000180025095e-35
decision_type=2 2 2 2 2 2 2 2 2 2 2 2 2 2 2 2 2 2 2 2 2 2 2 2 2 2 2 2 2 2
left_child=1 5 4 -4 6 27 7 10 9 -9 17 -3 16 14 15 25 21 -2 -19 -20 24 22 23 -12 -5 -14 -23 28 -1 -17
right_child=2 11 3 20 -6 -7 -8 8 -10 -11 12 -13 13 -15 -16 29 -18 18 19 -21 -22 26 -24 -25 -26 -27 -28 -29 -30 -31
leaf_value=-0.083201065468353902 -0.024789439291211524 0.043169311881036176 -0.06632215542918056 -0.051560693475803145 -0.051983103498482286 0.016147302648427626 -0.049618044883529208 0.00043733543567773294 0.029204988199664824 -0.12959252008360178 0.010321239548143119 -0.12280668691447801 -0.032360607804712276 0.054156901091976684 0.024582114182726711 -0.047292437363915474 -0.064296548197128586 0.04196214220442987 -0.11516422097112783 0.050322541589365166 -0.043056649607193194 0.0009798437816409837 -0.018046053269137208 0.040702059433598226 0.04787352056428993 0.0162612301719543 0.029043771884812244 0.046770103684116826 -0.0043180771460480487 -0.12534800984877084
leaf_weight=6.0693466256807351 21.445451927695107 2.2750334946849757 1.6408512439738832 0.57684543689355905 2.9386732131906674 1.1489043818946809 2.5676233665512873 10.191803292014811 18.208621465790202 0.59553282242268402 88.023962748935446 0.24231586977839459 2.927061917260291 3.7790311574935904 8.6281247383158171 16.897797104800706 2.2647054386325172 4.2075628800084806 1.3558058773924133 0.90852016210556019 0.84685273883587875 1156.2027937333696 16.584177729673684 8.9929730650037509 11.331562034178205 7.1225973406108096 5.387840714538469 0.28111293539404858 0.72516496180469392 0.63183816848322649
leaf_count=1758 1320 346 124 140 456 68 55565 927 191 5 430 2 54 3 65 275 25 27 88 2 65 7108 115 98 93 45 24 5 50 6
internal_value=0.000957072 -0.0379931 0.00125779 0.0253241 0.00100616 -0.0578241 0.00111999 0.00121551 0.0157921 -0.00680825 0.000900857 0.0265722 0.00127363 -0.0110279 -0.0178583 -0.0311579 0.00165916 -0.0166668 0.0101681 -0.0486165 0.0371954 0.00177719 0.00858719 0.0131464 0.0429757 0.00203185 0.00111069 -0.0699116 -0.0748742 -0.0502042
internal_weight=1405 10.7419 1394.26 14.3961 1379.86 8.22453 1376.92 1374.36 28.996 10.7873 1345.36 2.51735 1317.44 39.9865 36.2074 27.5793 1277.46 27.9173 6.47189 2.26433 12.7553 1275.19 113.601 97.0169 11.9084 10.0497 1161.59 7.07562 6.79451 17.5296
internal_count=69480 2229 67251 422 66829 1881 66373 10808 1123 932 9685 348 8248 448 445 380 7800 1437 117 90 298 7775 643 528 233 99 7132 1813 1808 281
is_linear=0
shrinkage=0.05


Tree=167
num_leaves=31
num_cat=0
split_feature=1 7 33 27 6 7 6 3 5 7 3 6 28 7 4 27 29 13 4 13 7 7 29 7 28 6 6 13 0 14
split_gain=6.14776 3.98211 3.15753 3.45273 3.27403 5.79915 2.9352 7.26358 3.30564 3.11317 2.99957 2.95602 6.24959 12.95 11.5516 5.89338 5.46808 5.01615 4.96475 3.4526 3.14367 2.76881 2.76433 4.89821 6.68099 8.25561 5.78155 3.25948 2.68229 2.48951
threshold=1.0000000180025095e-35 0.10263157894736843 1.0000000180025095e-35 1.0000000180025095e-35 13.500000000000002 0.35147058823529415 10.500000000000002 1.0000000180025095e-35 1.0000000180025095e-35 0.44722222222222224 1.0000000180025095e-35 4.5000000000000009 1.0000000180025095e-35 0.31789473684210529 1.0000000180025095e-35 1.0000000180025095e-35 1.0000000180025095e-35 1.0000000180025095e-35 1.0000000180025095e-35 1.0000000180025095e-35 0.64583333333333337 0.26969696969696971 1.0000000180025095e-35 0.39444444444444454 1.0000000180025095e-35 7.5000000000000009 8.5000000000000018 1.0000000180025095e-35 1.0000000180025095e-35 1.0000000180025095e-35
decision_type=2 2 2 2 2 2 2 2 2 2 2 2 2 2 2 2 2 2 2 2 2 2 2 2 2 2 2 2 2 2
left_child=1 -1 4 29 6 -6 8 9 10 21 11 12 13 15 17 19 -17 -15 -18 -3 22 -8 -13 28 25 -25 -26 -27 -24 -4
right_child=-2 2 3 -5 5 -7 7 -9 -10 -11 -12 20 -14 14 -16 16 18 -19 -20 -21 -22 -23 23 24 26 27 -28 -29 -30 -31
leaf_value=-0.031268347077840333 -0.062111952771385148 -0.032239598149097388 -0.059104390447107261 0.015907688818001572 -0.065700169615407492 0.03626819428195107 -0.072828002745847123 0.053892178638411482 -0.063128466313389073 -0.069631218600575071 -0.067977527134688465 0.0010695618040612006 0.0018062150269095982 -0.059405699064861144 0.017995290012508918 0.019457552229516381 -0.23855024729911742 0.0054935762245953493 -0.016181841658682892 -0.16805158381762031 0.057585178241866812 -0.011820477620943282 -0.071059299239666349 0.009301469671584052 0.018762522663062688 -0.07290657805333059 0.061311031344301652 -0.33110997523816937 0.0020809946893732114 0.049429408759470855
leaf_weight=9.4349262264586269 3.8485818893050228 2.3853139372259338 2.5928567416558503 53.462948516433244 1.5578046777081898 12.448340839500814 1.9856781835351309 3.6114057729573679 1.9987021845845436 2.951856880739796 1.5612012407545979 939.1924897053359 131.62936203272466 25.161240205594371 7.4804507045482742 25.704577804945078 0.37608644276406156 3.3591482072538374 0.73770104348659515 0.57950354968573936 2.5442577509493267 28.408009951758686 1.2628698132521083 16.347870209063334 24.43700451002951 2.4875243807928196 11.898711681964413 0.12117303744889785 81.703399474499747 0.64980047196149815
leaf_count=2130 558 4526 567 395 115 293 196 5 128 863 16 22739 2360 22738 132 553 48 3250 5 71 33 1779 2512 1802 337 592 68 6 660 3
internal_value=0.000911308 0.0010856 0.00130601 0.0128607 0.000813607 0.0248525 0.00055757 -0.0133316 0.000958774 -0.020641 0.00105981 0.00114511 -0.00447968 -0.0170633 -0.0372392 0.00731213 0.0147285 -0.0517451 -0.0931673 -0.0594292 0.00217376 -0.0158453 0.00204192 0.00864298 0.0201702 -0.0038682 0.0327225 -0.0863096 0.000953235 -0.0371163
internal_weight=1401.92 1398.07 1388.64 56.7056 1331.93 14.0061 1317.93 36.957 1280.97 33.3455 1278.97 1277.41 197.413 65.784 36.0008 29.7832 26.8184 28.5204 1.11379 2.96482 1080 30.3937 1077.45 138.259 55.2923 18.9566 36.3357 2.6087 82.9663 3.24266
internal_count=69480 68922 66792 965 65827 408 65419 2843 62576 2838 62448 62432 33683 31323 26120 5203 606 25988 53 4597 28749 1975 28716 5977 2805 2400 405 598 3172 570
is_linear=0
shrinkage=0.05


Tree=168
num_leaves=31
num_cat=0
split_feature=7 30 33 30 19 14 16 7 17 7 28 13 7 27 4 7 18 7 31 0 30 29 28 7 4 0 31 5 4 7
split_gain=5.54836 5.15707 2.91506 14.5909 2.72444 2.61315 2.50454 5.81767 2.46325 2.50959 4.83074 2.71843 2.37637 3.14172 2.41243 2.4031 2.2514 2.05321 4.85417 3.68555 2.14567 2.68553 2.29736 2.40563 2.65592 1.99677 3.32039 3.13918 2.87236 14.8866
threshold=0.10263157894736843 1.0000000180025095e-35 1.0000000180025095e-35 1.0000000180025095e-35 1.0000000180025095e-35 1.0000000180025095e-35 1.0000000180025095e-35 0.29705882352941182 1.0000000180025095e-35 0.64583333333333337 1.0000000180025095e-35 1.0000000180025095e-35 0.64583333333333337 1.0000000180025095e-35 1.0000000180025095e-35 0.2834821428571429 1.0000000180025095e-35 0.22649572649572652 1.0000000180025095e-35 1.0000000180025095e-35 1.0000000180025095e-35 1.0000000180025095e-35 1.0000000180025095e-35 0.16954022988505749 1.0000000180025095e-35 1.0000000180025095e-35 1.0000000180025095e-35 1.0000000180025095e-35 1.0000000180025095e-35 0.31009615384615391
decision_type=2 2 2 2 2 2 2 2 2 2 2 2 2 2 2 2 2 2 2 2 2 2 2 2 2 2 2 2 2 2
left_child=1 5 4 12 6 -1 8 -8 9 17 11 -11 13 -4 15 -15 -3 18 19 -2 21 22 23 -21 -25 26 28 -27 29 -19
right_child=2 16 3 -5 -6 -7 7 -9 -10 10 -12 -13 -14 14 -16 -17 -18 25 -20 20 -22 -23 -24 24 -26 27 -28 -29 -30 -31
leaf_value=-0.062985365996227047 -0.060700559724367824 0.043013253760137517 -0.046778288755143359 -0.10166115650760339 -0.050994443323354448 0.048452316340765605 0.060986798929491687 -0.070082674091639527 -0.050004109001326548 -0.10684704090405689 0.042290930652349679 0.047826715372058043 -0.059642523011689721 0.038949957157268837 0.038639914585239812 0.0077038061877931678 -0.11234892006371584 0.02444280609857382 -0.12939641054612491 0.015625860491646482 -0.0079363579599733142 0.03997893396086933 0.017018006297200058 -0.03186881189412985 0.004886468458962831 -0.00038937396551436371 -0.16806231762690713 -0.059514636900672907 0.017199346617966831 -0.067276641551819227
leaf_weight=7.397809847249162 1.8982024942724809 2.2540109825677068 1.7165336167854537 2.6626375901723796 2.5364132108988988 0.5539722442626952 4.2619680934585622 1.0438056787670573 2.3870406622986584 0.93416208558573799 7.6776699536840169 0.39427880197763443 0.95413344353437324 7.9207745697349301 14.923347103875129 27.793625601218082 0.24894607532769431 13.326689069157512 0.63538970567242259 14.031524812453425 15.148355886805801 8.0323547776788455 45.027766836457886 8.8149183189962059 11.04487837664783 1145.161283472773 0.25397362514922761 2.2395247701206236 40.618969907340215 6.6083685100556968
leaf_count=1871 2440 346 499 81 136 10 13 117 27403 564 65 4 5 56 153 179 2 5002 27 64 100 82 143 94 40 7401 258 53 4064 18208
internal_value=0.000867792 -0.0354015 0.00114158 0.0123193 0.000671455 -0.055108 0.000770779 0.0350241 0.000632896 0.000725094 0.0270153 -0.0605522 0.0180398 0.0194762 0.0217408 0.0146566 0.0269763 0.000544158 0.00726301 0.00811512 0.00940523 0.0124327 0.00961805 -0.000200861 -0.0114103 -3.73503e-05 0.00879102 -0.00050573 0.00956865 -0.00595513
internal_weight=1398.5 10.4547 1388.05 55.9711 1332.08 7.95178 1329.54 5.30577 1324.24 1321.85 9.00611 1.32844 53.3084 52.3543 50.6377 35.7144 2.50296 1312.84 104.633 103.998 102.1 86.9514 78.9191 33.8913 19.8598 1208.21 60.808 1147.4 60.554 19.9351
internal_count=69480 2229 67251 973 66278 1881 66142 130 66012 38609 633 568 892 887 388 235 348 37976 2990 2963 523 423 341 198 134 34986 27532 7454 27274 23210
is_linear=0
shrinkage=0.05


Tree=169
num_leaves=31
num_cat=0
split_feature=1 6 28 30 7 4 33 29 30 7 12 13 27 7 6 7 6 3 30 7 28 7 3 7 5 28 7 28 29 30
split_gain=5.71076 3.39953 5.18559 10.6194 6.45142 7.88192 7.48464 4.76808 4.77481 8.35834 4.71373 4.61665 4.38069 3.09571 2.55045 5.50713 2.48476 5.8708 7.41191 6.26422 5.91886 3.94192 3.45587 3.41103 3.11993 3.04013 2.94995 2.29586 2.28598 5.24369
threshold=1.0000000180025095e-35 4.5000000000000009 1.0000000180025095e-35 1.0000000180025095e-35 0.31789473684210529 1.0000000180025095e-35 1.0000000180025095e-35 1.0000000180025095e-35 1.0000000180025095e-35 0.24126984126984127 1.0000000180025095e-35 1.0000000180025095e-35 1.0000000180025095e-35 0.64583333333333337 13.500000000000002 0.35147058823529415 10.500000000000002 1.0000000180025095e-35 1.0000000180025095e-35 0.30217391304347835 1.0000000180025095e-35 0.37797619047619052 1.0000000180025095e-35 0.24126984126984127 1.0000000180025095e-35 1.0000000180025095e-35 0.3585714285714286 1.0000000180025095e-35 1.0000000180025095e-35 1.0000000180025095e-35
decision_type=2 2 2 2 2 2 2 2 2 2 2 2 2 2 2 2 2 2 2 2 2 2 2 2 2 2 2 2 2 2
left_child=1 2 4 13 7 6 11 8 9 -1 -5 -6 -11 -4 16 -16 22 18 19 23 -21 -22 24 -18 28 -25 -20 -28 -3 -30
right_child=-2 14 3 10 5 -7 -8 -9 -10 12 -12 -13 -14 -15 15 -17 17 -19 26 20 21 -23 -24 25 -26 -27 27 -29 29 -31
leaf_value=-0.083216287485186419 -0.061448172032924388 0.0015825962107139033 0.0029120092176005488 -0.085431256661533908 -0.057126539065007247 0.017898798456059753 0.0093570672207644416 -0.071321912669967846 0.05220793374888303 -0.058719198042199272 0.0037877305192379135 0.0055538237637059685 0.012637428713441107 0.043430461280155264 -0.064433762750598547 0.034734322673885619 -0.1237095385219617 0.051637998537589436 -0.052902619180875687 -0.084390439962759758 -0.00055348271852479662 -0.063440117073957206 -0.063205397008457564 0.026563847553511946 -0.063429309165960651 -0.037572580747888502 0.043350001250605924 -0.059095279899457481 0.018773176632669784 -0.00053093427140508997
leaf_weight=2.8777452127843075 3.6614366668172798 981.4420145943659 121.49687631603319 4.9135961955098528 24.725029289123089 7.5516046407265085 6.6138581605628124 2.1679383648490775 4.6179486652133042 2.3477652238118507 2.1007516906365709 3.315406071431652 24.350817317710607 4.8974095698158626 1.5682916416335491 12.240177304176539 0.49829923646393837 3.4423680481850161 1.0751347947134471 6.677646094854027 6.6479719061262585 3.991862822756957 2.0044786380894939 6.8489178003183024 1.7900767783503386 2.5150658242746431 6.8697822833328246 0.58155397581322166 65.330246872941643 76.101422206409552
leaf_count=824 558 23451 2836 328 22746 137 21 1059 427 3523 22 3250 520 99 127 296 43 23 183 1487 165 261 113 208 105 104 411 59 1326 4768
internal_value=0.000826582 0.000991232 -0.00483767 0.00116045 -0.0150277 -0.0283243 -0.0384135 0.000395507 0.00497658 -0.00239622 -0.0586722 -0.0496983 0.00632426 0.00448925 0.00203913 0.0233967 0.00178554 -0.010594 -0.0166204 -0.0293858 -0.0474932 -0.0242317 0.00221623 0.00237478 0.00233383 0.00926244 0.0239999 0.035219 0.00243968 0.0083832
internal_weight=1395.26 1391.6 211.977 133.409 78.5681 42.2059 34.6543 36.3622 34.1943 29.5763 7.01435 28.0404 26.6986 126.394 1179.63 13.8085 1165.82 39.1486 35.7062 27.1798 17.3175 10.6398 1126.67 9.86228 1124.66 9.36398 8.52647 7.45134 1122.87 141.432
internal_count=69480 68922 35792 3285 32507 26154 26017 6353 5294 4867 350 25996 4043 2935 33130 423 32707 2944 2921 2268 1913 426 29763 355 29650 312 653 470 29545 6094
is_linear=0
shrinkage=0.05


Tree=170
num_leaves=31
num_cat=0
split_feature=7 28 7 6 8 7 29 28 7 4 30 27 7 7 7 32 27 8 6 4 16 6 4 7 6 7 14 12 32 6
split_gain=5.07288 13.4735 8.78561 6.29137 7.74275 5.86656 19.1923 6.04188 13.5422 18.2975 15.9738 12.3526 16.4388 13.2283 12.1873 10.5451 8.12096 6.11821 4.9098 4.82466 4.77136 4.73428 4.62289 8.07569 4.16113 4.09223 4.02733 3.9564 3.96507 3.64833
threshold=0.44722222222222224 1.0000000180025095e-35 0.45804195804195807 4.5000000000000009 1.0000000180025095e-35 0.37797619047619052 1.0000000180025095e-35 1.0000000180025095e-35 0.29705882352941182 1.0000000180025095e-35 1.0000000180025095e-35 1.0000000180025095e-35 0.2834821428571429 0.3585714285714286 0.2834821428571429 1.0000000180025095e-35 1.0000000180025095e-35 1.0000000180025095e-35 5.5000000000000009 1.0000000180025095e-35 1.0000000180025095e-35 8.5000000000000018 1.0000000180025095e-35 0.35504201680672276 12.500000000000002 0.21525096525096529 1.0000000180025095e-35 1.0000000180025095e-35 1.0000000180025095e-35 13.500000000000002
decision_type=2 2 2 2 2 2 2 2 2 2 2 2 2 2 2 2 2 2 2 2 2 2 2 2 2 2 2 2 2 2
left_child=5 3 19 -2 -5 7 27 11 9 15 29 12 -1 17 -11 25 -16 22 -12 -3 24 -4 -14 -24 -13 -9 -19 28 -7 -10
right_child=1 2 21 4 -6 6 -8 8 10 14 18 20 13 -15 16 -17 -18 26 -20 -21 -22 -23 23 -25 -26 -27 -28 -29 -30 -31
leaf_value=-0.051833484537028789 -0.028541745006076397 -0.052073165816979544 0.013388795208752033 -0.038867608622162708 0.013070980551749406 -0.014222256756331609 0.023910061510129491 0.0059260033738731746 0.0062353819492500569 -0.063598013659725991 0.01326702580455107 0.0081623292488768144 0.023109959919733358 -0.065936986300600867 0.038751727024956793 0.038289502210971271 -0.044845486462064488 -0.054158695691326281 -0.075023549042678384 0.093312881023482078 0.055784488517357858 -0.055771936729414266 -0.013883755347442251 0.060793620355440281 -0.079735007914776126 -0.017101959569675852 0.012837979987252427 0.010700983260940711 -0.047771004232900149 -0.10133251740888911
leaf_weight=19.951858936126428 30.912914555914313 0.63486660498892789 155.09755354064032 9.260611901390801 31.732058127483469 195.8267574359943 39.546805593968202 26.189342328326347 230.49498774789663 27.400168144586132 1.9322985470025731 360.75042050998491 34.504980595881989 7.1990771079490505 5.8832014132713066 12.166636496738645 5.7182481654745061 6.6006346964713867 8.2216776923924026 4.8838781110243872 5.2573549002408972 2.5022165626887718 26.302658284163048 4.187005744657653 1.3405821009146155 72.906350990560895 3.3741579279303551 15.169989272006204 9.2296823296928761 0.78048275986839044
leaf_count=8788 16500 68 2017 3685 358 7182 2026 745 2373 1244 120 4283 13699 2188 250 110 27 748 275 52 4 143 957 10 27 814 26 493 186 27
internal_value=-0.000165903 0.00651247 0.0144621 -0.0115138 0.00131878 -0.00156664 -0.0081525 0.00041951 -0.00416484 -0.0159493 0.00316802 0.00424545 -0.0111342 -0.00124059 -0.0454159 -0.00561252 -0.00241265 0.0049733 -0.0581762 0.0764336 0.00852245 0.0122841 0.0105757 -0.00359569 0.00783333 -0.011011 -0.0314556 -0.0139132 -0.015737 0.00586585
internal_weight=1355.96 235.024 163.119 71.9056 40.9927 1120.94 259.773 861.162 391.693 150.264 241.429 469.469 102.12 82.1685 39.0016 111.262 11.6014 74.9694 10.154 5.51874 367.348 157.6 64.9946 30.4897 362.091 99.0957 9.97479 220.226 205.056 231.275
internal_count=69425 22823 2280 20543 4043 46602 9887 36715 5985 3190 2795 30730 26416 17628 1521 1669 277 15440 395 120 4314 2160 14666 967 4310 1559 774 7861 7368 2400
is_linear=0
shrinkage=0.05


Tree=171
num_leaves=31
num_cat=0
split_feature=12 1 32 7 7 29 0 7 6 16 6 6 27 7 6 7 27 6 0 32 6 6 8 7 6 8 6 27 13 30
split_gain=4.69073 3.98474 3.87411 3.52647 7.04735 16.5897 7.81593 6.38527 5.86127 4.89541 4.74378 4.39562 4.35424 29.2345 6.23508 3.91481 10.2606 8.94424 15.3684 5.27634 5.01778 4.65501 4.6078 4.83991 4.11403 3.8168 3.7085 3.67142 3.29942 3.29143
threshold=1.0000000180025095e-35 1.0000000180025095e-35 1.0000000180025095e-35 0.44722222222222224 0.37797619047619052 1.0000000180025095e-35 1.0000000180025095e-35 0.45804195804195807 6.5000000000000009 1.0000000180025095e-35 14.500000000000002 8.5000000000000018 1.0000000180025095e-35 0.41421568627450983 6.5000000000000009 0.29705882352941182 1.0000000180025095e-35 7.5000000000000009 1.0000000180025095e-35 1.0000000180025095e-35 6.5000000000000009 12.500000000000002 1.0000000180025095e-35 0.2834821428571429 11.500000000000002 1.0000000180025095e-35 5.5000000000000009 1.0000000180025095e-35 1.0000000180025095e-35 1.0000000180025095e-35
decision_type=2 2 2 2 2 2 2 2 2 2 2 2 2 2 2 2 2 2 2 2 2 2 2 2 2 2 2 2 2 2
left_child=1 3 -2 4 9 6 -6 27 29 10 15 -9 13 -8 -14 16 17 19 -19 20 26 24 -22 -24 -17 -16 28 -5 -1 -7
right_child=2 -3 -4 7 5 8 12 11 -10 -11 -12 -13 14 -15 25 21 -18 18 -20 -21 22 -23 23 -25 -26 -27 -28 -29 -30 -31
leaf_value=-0.019775053459324343 0.0077486160385220092 -0.058329816944566237 0.044463818285940974 0.066177356873183199 0.021838722687808787 0.023684544389282719 -0.072499330220605063 0.0045850522464586244 0.034639511622378563 0.047745870241137266 -0.069177748090816726 -0.056551023201220824 -0.0043664788246723625 0.0038438420853885921 -0.0084249454574022858 0.0029351928864480925 0.0016838390194167834 0.021383780957901225 -0.07598183656795876 0.019659442523252375 0.0090513384955070077 0.040299481004413926 0.041298621816168883 -0.034740493992224855 -0.067746437321235031 -0.035564089804664356 -0.081805729092811197 -0.063016613381793499 -0.087814545903382335 -0.037702002847372955
leaf_weight=25.461888726079572 78.195713110843144 3.00622329780981 7.9128776853904119 5.8686926353511799 13.525840498703472 3.7109559084219637 22.524825767701259 192.23479681126537 25.721246407271792 5.382548328023403 2.4642924926774858 2.974814606111976 84.877304577501491 28.244675498543074 20.287386724725366 435.64444420563086 260.29897599560354 5.7274023301297357 13.762680818676017 12.868547359728835 26.340426995877351 8.3369043850725557 2.4186553806066522 14.953534356085584 2.057969824380506 36.144178384449333 3.1625966342526217 0.59484491359035008 1.9134393065027087 5.2585483846160059
leaf_count=7595 2366 536 343 426 6093 119 429 20101 973 7 134 942 291 243 59 19306 2896 1710 173 277 2230 193 4 123 345 219 438 48 48 758
internal_value=-0.000157877 -0.000926464 0.0111331 -0.000788949 -0.00194123 -0.00947209 -0.0148701 0.00527104 0.0225013 0.00026297 -5.04339e-05 0.00364798 -0.0174587 -0.030025 -0.0129385 0.000159345 -0.00366558 -0.0167304 -0.0473478 -0.0098704 -0.014997 0.00330683 -0.00411764 -0.0241075 0.00260018 -0.0258195 -0.0305471 0.0541313 -0.0245794 -0.0122508
internal_weight=1351.88 1265.77 86.1086 1262.76 1061.09 240.295 205.604 201.673 34.6908 820.794 815.412 195.21 192.078 50.7695 141.309 812.947 366.908 106.609 19.4901 87.1191 74.2505 446.039 43.7126 17.3722 437.702 56.4316 30.5379 6.46354 27.3753 8.9695
internal_count=69425 66716 2709 66180 44663 9184 7334 21517 1850 35479 35472 21043 1241 672 569 35338 15494 12598 1883 10715 10438 19844 2357 127 19651 278 8081 474 7643 877
is_linear=0
shrinkage=0.05


Tree=172
num_leaves=31
num_cat=0
split_feature=12 1 32 28 33 30 6 27 15 6 8 27 29 30 6 5 8 15 27 6 27 4 30 27 32 8 13 6 27 29
split_gain=4.28037 3.78252 3.72838 3.27556 3.003 10.6542 3.14312 3.53716 3.02457 2.35486 14.5797 3.43678 5.50577 3.18043 2.27155 2.42249 2.30318 2.20394 4.53201 2.19571 6.71545 3.93642 2.21312 2.1478 2.11705 6.18699 4.30148 2.66285 9.00579 9.61828
threshold=1.0000000180025095e-35 1.0000000180025095e-35 1.0000000180025095e-35 1.0000000180025095e-35 1.0000000180025095e-35 1.0000000180025095e-35 4.5000000000000009 1.0000000180025095e-35 1.0000000180025095e-35 3.5000000000000004 1.0000000180025095e-35 1.0000000180025095e-35 1.0000000180025095e-35 1.0000000180025095e-35 10.500000000000002 1.0000000180025095e-35 1.0000000180025095e-35 1.0000000180025095e-35 1.0000000180025095e-35 11.500000000000002 1.0000000180025095e-35 1.0000000180025095e-35 1.0000000180025095e-35 1.0000000180025095e-35 1.0000000180025095e-35 1.0000000180025095e-35 1.0000000180025095e-35 5.5000000000000009 1.0000000180025095e-35 1.0000000180025095e-35
decision_type=2 2 2 2 2 2 2 2 2 2 2 2 2 2 2 2 2 2 2 2 2 2 2 2 2 2 2 2 2 2
left_child=1 4 -2 -4 9 6 -6 -8 -9 10 13 12 -12 -1 15 17 19 24 -19 21 -21 -16 -22 -23 27 -26 -27 28 29 -11
right_child=2 -3 3 -5 5 -7 7 8 -10 14 11 -13 -14 -15 16 -17 -18 18 -20 20 22 23 -24 -25 25 26 -28 -29 -30 -31
leaf_value=-0.08046378513095373 0.0074156490221229431 -0.058128873349279235 -0.13999034019180465 0.050004369512255668 -0.0075283388080558053 -0.085275953077514247 -0.062500225120251954 0.028260224151271093 -0.012662056976542845 -0.041647979649367985 -0.065259791100482786 0.031276353020515874 0.044898398933427612 0.0020371557022626548 -0.056041327070575055 -0.059379940380428146 -0.045411717777863653 -0.077726309797912119 0.040775424102830492 0.011575019185329462 -0.070908484779953138 0.049885492931350091 0.042913342717454624 0.016462142996775515 -0.053630259607335945 0.0096485814544770027 -0.059352070441196815 -0.0014488279399683737 -0.0021807667633262371 -0.00036275395578180548
leaf_weight=4.5825997294705294 77.636482555192742 2.869280144500407 0.22333522140979667 7.3539553619921207 12.226684132932858 2.7737363220476245 1.2191019208821661 38.235020621214062 5.0959500744938842 34.209721887486921 2.5041967259712719 27.290913339063991 2.0530904728075257 1.5503135047058547 1.569807809405577 1.8385566648048541 1.9011715034866927 0.91422048280401114 6.2591767618141603 20.227101360665532 3.7149228867610864 6.5490827393914541 0.46997109912263102 18.38263599354832 4.2826413419097653 85.890007541529485 2.3080597817897788 757.33244002360425 192.63362183423487 24.045023749039501
leaf_count=18665 2366 536 1 342 107 85 456 334 13 10737 1107 290 98 4663 902 140 237 107 26 1550 139 283 19 45 256 509 11 19982 2497 2922
internal_value=-0.000151293 -0.000883519 0.0106938 0.0441614 -0.000752308 0.0102053 0.0148929 0.0210579 0.0234342 -0.00129635 0.0109517 0.0245597 -0.0155336 -0.059558 -0.00169703 -0.00217959 0.00843118 -0.00208367 0.0255161 0.0104601 -0.00033931 0.0204232 -0.0579351 0.0252783 -0.00226423 0.00497365 0.00783071 -0.00292867 -0.00739351 -0.0246188
internal_weight=1348.14 1262.93 85.2138 7.57729 1260.06 59.5505 56.7768 44.5501 43.331 1200.51 37.9811 31.8482 4.55729 6.13291 1162.53 1109.71 52.8147 1107.87 7.1734 50.9135 24.412 26.5015 4.18489 24.9317 1100.7 92.4807 88.1981 1008.22 250.888 58.2547
internal_count=69425 66716 2709 343 66180 995 910 803 347 65185 24823 1495 1205 23328 40362 37187 3175 37047 133 2938 1708 1230 158 328 36914 776 520 36138 16156 13659
is_linear=0
shrinkage=0.05


Tree=173
num_leaves=31
num_cat=0
split_feature=7 28 7 6 8 7 29 0 4 28 7 4 30 7 27 7 7 0 29 27 8 7 0 6 4 0 7 6 14 16
split_gain=3.95519 12.0315 6.40913 5.59386 6.88742 4.69556 15.8332 6.54988 7.40092 5.34327 11.2732 16.1947 14.6465 10.9202 10.5725 14.2089 12.3225 10.5829 7.55927 7.18691 5.40941 5.24238 6.72553 4.44596 4.22407 8.56563 23.639 3.98485 3.97262 3.9686
threshold=0.44722222222222224 1.0000000180025095e-35 0.45804195804195807 4.5000000000000009 1.0000000180025095e-35 0.37797619047619052 1.0000000180025095e-35 1.0000000180025095e-35 1.0000000180025095e-35 1.0000000180025095e-35 0.29705882352941182 1.0000000180025095e-35 1.0000000180025095e-35 0.2834821428571429 1.0000000180025095e-35 0.2834821428571429 0.3585714285714286 1.0000000180025095e-35 1.0000000180025095e-35 1.0000000180025095e-35 1.0000000180025095e-35 0.21525096525096529 1.0000000180025095e-35 5.5000000000000009 1.0000000180025095e-35 1.0000000180025095e-35 0.30217391304347835 8.5000000000000018 1.0000000180025095e-35 1.0000000180025095e-35
decision_type=2 2 2 2 2 2 2 2 2 2 2 2 2 2 2 2 2 2 2 2 2 2 2 2 2 2 2 2 2 2
left_child=5 3 -3 -2 -5 9 7 8 -7 14 11 21 -12 -13 15 -1 20 18 -16 -15 24 -11 -23 -14 -17 -26 -27 -4 -22 -19
right_child=1 2 27 4 -6 6 -8 -9 -10 10 12 13 23 19 17 16 -18 29 -20 -21 28 22 -24 -25 25 26 -28 -29 -30 -31
leaf_value=-0.049119590688544927 -0.027366522652319855 0.065294667348753485 0.01240167026102783 -0.036593219778808105 0.012129388180991227 -0.071011480334224927 0.022244134354441582 -0.014677377538996658 0.036181105481362476 0.012743486751039349 0.0053799693386752025 -0.060017119342608477 0.012410118749361715 0.036898005727809768 -0.10102022847253118 0.0220965245232752 -0.064653882377689417 0.0083367942202219429 0.047954024307570259 -0.04137505497411989 -0.054006365330535704 0.037892991662256473 -0.01587983420467793 -0.072517952568711117 0.028685408160993589 -0.15656902099133591 -0.00047519857024748202 -0.05259379350820037 0.013275613696847953 0.053239110939547543
leaf_weight=19.122270399384433 30.824882099880142 5.7146490803861516 153.93276238734143 9.4259080595747928 31.340919820970157 1.8576704797960673 38.584842869186105 206.53047417456401 11.597035281174612 30.327313799431067 229.55792782694607 27.003669316680316 1.8871006380486495 5.8604340024830872 3.6290829233594186 34.057741117137084 6.9812850446305665 354.22387470729882 1.0999257696657876 5.8487148445565253 6.1963734738383192 6.2967882319408082 73.961560882700724 8.1038144469021045 12.254495734992817 2.8780796006321916 15.183780902967555 2.3824518138881094 3.3723471910925582 4.9851422607898703
leaf_count=8788 16500 120 2017 3685 358 5085 2026 1757 1019 792 2400 1244 120 250 2455 13699 2188 1610 245 27 748 284 593 275 892 20 55 143 26 4
internal_value=-0.000144598 0.00576866 0.0133122 -0.0112967 0.00084551 -0.00138808 -0.00729033 -0.0124737 0.0213023 0.000400899 -0.00392158 -0.0147055 0.0027977 -0.0425351 0.00402449 -0.0103679 -0.00119984 0.0079825 -0.0662365 -0.00215863 0.00479233 -0.00495562 -0.0116506 -0.0564302 0.0100131 -0.0035478 -0.0254486 0.0114046 -0.0302526 0.00896281
internal_weight=1345.02 233.622 162.03 71.5917 40.7668 1111.4 258.57 219.985 13.4547 852.832 388.847 149.298 239.549 38.7128 463.984 100.046 80.9241 363.938 4.72901 11.7091 73.9428 110.586 80.2583 9.99092 64.3741 30.3164 18.0619 156.315 9.56872 359.209
internal_count=69425 22823 2280 20543 4043 46602 9887 7861 6104 36715 5985 3190 2795 1521 30730 26416 17628 4314 2700 277 15440 1669 877 395 14666 967 75 2160 774 1614
is_linear=0
shrinkage=0.05


Tree=174
num_leaves=31
num_cat=0
split_feature=12 32 33 27 6 7 6 7 29 4 0 7 4 7 7 31 6 6 6 7 4 29 6 27 7 7 7 31 6 27
split_gain=3.98631 3.58644 2.80982 3.59615 3.9457 5.53694 5.00951 2.93307 2.81665 2.36857 2.09554 4.1146 3.12842 15.4896 3.97734 3.78297 3.09415 4.52618 2.4578 4.65998 4.34575 8.35874 8.78314 7.57079 16.2225 12.6138 23.3118 6.19453 4.79182 9.93904
threshold=1.0000000180025095e-35 1.0000000180025095e-35 1.0000000180025095e-35 1.0000000180025095e-35 5.5000000000000009 0.42481203007518803 6.5000000000000009 0.64583333333333337 1.0000000180025095e-35 1.0000000180025095e-35 1.0000000180025095e-35 0.24126984126984127 1.0000000180025095e-35 0.31009615384615391 0.2834821428571429 1.0000000180025095e-35 12.500000000000002 17.500000000000004 10.500000000000002 0.44722222222222224 1.0000000180025095e-35 1.0000000180025095e-35 3.5000000000000004 1.0000000180025095e-35 0.2834821428571429 0.36939571150097467 0.42481203007518803 1.0000000180025095e-35 8.5000000000000018 1.0000000180025095e-35
decision_type=2 2 2 2 2 2 2 2 2 2 2 2 2 2 2 2 2 2 2 2 2 2 2 2 2 2 2 2 2 2
left_child=2 -2 7 -4 -5 -6 -7 10 -9 -8 11 -1 13 -13 -14 -16 18 -18 20 -20 -12 22 -22 24 -24 -26 -27 -25 29 -23
right_child=1 -3 3 4 5 6 9 8 -10 -11 16 12 14 -15 15 -17 17 -19 19 -21 21 28 23 27 25 26 -28 -29 -30 -31
leaf_value=-0.056943502435119177 0.0072093597548053175 0.044014259758410237 -0.057605574766690419 -0.0038021663390495129 0.032838931196869613 0.021454337266490778 -0.097007159874206314 0.03745041921584643 -0.084141333876219096 0.0042680984167381732 -0.00036748458484026037 0.022323369365595477 -0.071732252239777167 -0.070483156584372555 0.022225265443677002 -0.2008096375130366 -0.067338451531298388 0.031051607410583288 0.0023308876755416311 0.049530847967445113 -0.095677841414465295 -0.044884104082995049 -0.073816845335076237 -0.005375862763103343 0.0054074457565271745 -0.080302981989187283 0.0038235924022255127 0.044181665081807937 0.038904625649915002 0.023097481669079437
leaf_weight=2.3843464940165395 77.292365575304984 7.2389284810051313 1.8971937972664807 22.89604569671792 27.231611914816312 3.3869630657136431 2.0314677283167843 7.1866876541207594 0.49842790136335668 0.79088575392961491 795.15083310801765 14.977286972119488 1.1782215896673722 6.4114177850956358 37.763550514488088 0.18074328131842676 4.0297102496260768 1.6299375034868715 27.232926211028825 6.4702088505000566 2.9992965728160916 7.8694517354015288 12.706069756706709 157.98728168860544 42.092245855834335 15.574592772114555 17.436313817277551 6.5563057363033286 13.076312988996504 16.912674421211705
leaf_count=4430 2366 343 584 152 216 15 27 2855 681 7 5967 8125 709 37751 3243 34 155 11 174 102 146 31 115 513 217 160 35 6 53 202
internal_value=-0.000137113 0.0103719 -0.000844565 0.00987891 0.0121702 0.0231188 -0.0194136 -0.00136619 0.0294004 -0.0685362 -0.00156544 0.00731434 0.00986357 -0.00549262 0.018271 0.0210971 -0.00206119 -0.0389098 -0.00187454 0.011419 -0.00228676 -0.0074897 -0.0107415 -0.00972623 -0.0215816 -0.012729 -0.0358646 -0.00339562 0.014427 0.00148067
internal_weight=1341.07 84.5313 1256.54 58.2342 56.337 33.4409 6.20932 1198.3 7.68512 2.82235 1190.62 62.8956 60.5112 21.3887 39.1225 37.9443 1127.72 5.65965 1122.06 33.7031 1088.36 293.211 255.352 252.353 87.8092 75.1032 33.0109 164.544 37.8584 24.7821
internal_count=69425 2709 66716 1001 417 265 49 65715 3536 34 62179 54292 49862 45876 3986 3277 7887 166 7721 276 7445 1478 1192 1046 527 412 195 519 286 233
is_linear=0
shrinkage=0.05


Tree=175
num_leaves=31
num_cat=0
split_feature=6 7 30 33 13 7 6 4 8 0 30 7 7 31 0 6 7 1 32 4 33 31 7 6 7 14 30 8 33 6
split_gain=6.22685 9.35304 7.61204 7.9959 7.17149 6.08886 6.17539 12.6833 15.3298 15.7456 10.0773 9.70905 9.65372 8.46881 4.9864 4.73587 4.39413 6.30015 4.34531 3.87044 3.84935 3.55416 2.90482 2.58424 2.84242 2.83057 3.5864 2.4679 3.79979 2.58298
threshold=7.5000000000000009 0.26969696969696971 1.0000000180025095e-35 1.0000000180025095e-35 1.0000000180025095e-35 0.44722222222222224 9.5000000000000018 1.0000000180025095e-35 1.0000000180025095e-35 1.0000000180025095e-35 1.0000000180025095e-35 0.36939571150097467 0.44097222222222227 1.0000000180025095e-35 1.0000000180025095e-35 9.5000000000000018 0.12916666666666668 1.0000000180025095e-35 1.0000000180025095e-35 1.0000000180025095e-35 1.0000000180025095e-35 1.0000000180025095e-35 0.14835164835164838 2.5000000000000004 0.42481203007518803 1.0000000180025095e-35 1.0000000180025095e-35 1.0000000180025095e-35 1.0000000180025095e-35 5.5000000000000009
decision_type=2 2 2 2 2 2 2 2 2 2 2 2 2 2 2 2 2 2 2 2 2 2 2 2 2 2 2 2 2 2
left_child=16 2 3 14 5 6 7 8 9 -3 12 -10 13 -9 19 21 17 27 -13 -2 -14 -7 -16 -18 -25 -26 -27 29 -29 -1
right_child=1 4 -4 -5 -6 15 -8 10 11 -11 -12 18 20 -15 22 -17 23 -19 -20 -21 -22 -23 -24 24 25 26 -28 28 -30 -31
leaf_value=-0.052664871482965503 0.038161778675186178 -0.097312394628781676 0.025490978198339571 0.04547837395110263 0.050171299525436586 0.00034381793243947904 0.0099519971930696928 -0.018024137576047684 -0.030531113753780221 0.048713072325102767 -0.10100178287647306 0.0016173494134381411 -0.11065590413426496 0.064069575064876996 0.020491087078998313 -0.071678140704309085 -0.05164746415263019 0.076895991750864104 0.052111652878004455 -0.06764692274473387 0.047526180388425425 -0.07154563127257528 -0.033690369680422584 0.001890617678831066 0.0058736315251937919 0.025571688832981096 -0.024298820579624646 0.04347595933533914 -0.026553489984773533 0.04352885825470227
leaf_weight=2.4930311009112542 4.4900740617576949 1.9838140323081486 8.806408484324491 3.9441607876833578 7.0978212060581418 9.4011924328351615 116.75156171001981 46.052364638446306 26.849447118118405 24.699282740184572 3.9675683040622962 61.084320815163665 3.5292968700814522 3.3596239274047539 2.5593399768695226 4.8568653660931878 2.1038405618173774 4.8930608565715366 4.5725126839242867 1.0577346786067208 0.42118817557638966 2.0903455588049829 61.558449042757275 671.07965125877433 252.90111498905935 34.719985164389072 4.0044781729357046 6.7659107004874386 2.6952662020921707 0.95366319218737761
leaf_count=1868 753 3624 430 60 154 912 4047 753 263 45 170 420 133 6 12 1298 11715 93 32 560 48 23 354 30365 9820 1139 120 133 13 19
internal_value=0.00187641 -0.00338936 -0.0183928 -0.0236524 0.000513711 -0.000624625 0.00102966 -0.00486905 0.0044229 0.0378054 -0.0241932 -0.00520379 -0.0184551 -0.0124205 -0.0275794 -0.0303136 0.00401587 0.0286288 0.00514892 0.0178131 -0.0935874 -0.0127405 -0.031517 0.00356094 0.00368264 0.00780448 0.0203968 0.0102478 0.0234665 -0.0258555
internal_weight=1381.74 399.133 82.4162 73.6098 316.717 309.619 293.271 176.519 119.189 26.6831 57.33 92.5063 53.3625 49.412 69.6656 16.3484 982.61 17.8009 65.6568 5.54781 3.95049 11.4915 64.1178 964.809 962.705 291.626 38.7245 12.9079 9.46118 3.44669
internal_count=69382 14097 2169 1739 11928 11774 9541 5494 4384 3669 1110 715 940 759 1679 2233 55285 2126 452 1313 181 935 366 53159 41444 11079 1259 2033 146 1887
is_linear=0
shrinkage=0.05


Tree=176
num_leaves=31
num_cat=0
split_feature=6 14 6 4 27 31 27 31 29 29 33 6 1 6 28 17 3 12 19 6 27 13 32 28 6 27 29 28 8 6
split_gain=5.62355 8.60069 6.48365 10.9648 18.3259 7.35854 6.60108 5.70208 4.90754 4.90121 3.8051 3.40863 3.282 8.43563 2.73816 2.48084 2.43654 2.22204 3.13628 3.06327 7.17735 13.1905 2.20571 2.62006 1.96045 3.51239 4.40789 4.16989 2.79912 2.14391
threshold=7.5000000000000009 1.0000000180025095e-35 9.5000000000000018 1.0000000180025095e-35 1.0000000180025095e-35 1.0000000180025095e-35 1.0000000180025095e-35 1.0000000180025095e-35 1.0000000180025095e-35 1.0000000180025095e-35 1.0000000180025095e-35 8.5000000000000018 1.0000000180025095e-35 2.5000000000000004 1.0000000180025095e-35 1.0000000180025095e-35 1.0000000180025095e-35 1.0000000180025095e-35 1.0000000180025095e-35 2.5000000000000004 1.0000000180025095e-35 1.0000000180025095e-35 1.0000000180025095e-35 1.0000000180025095e-35 3.5000000000000004 1.0000000180025095e-35 1.0000000180025095e-35 1.0000000180025095e-35 1.0000000180025095e-35 6.5000000000000009
decision_type=2 2 2 2 2 2 2 2 2 2 2 2 2 2 2 2 2 2 2 2 2 2 2 2 2 2 2 2 2 2
left_child=12 2 3 6 9 8 -2 -3 10 -5 11 -6 15 -14 -8 16 17 18 19 20 21 -1 -19 -24 25 26 -21 -27 -28 -26
right_child=1 7 -4 4 5 -7 14 -9 -10 -11 -12 -13 13 -15 -16 -17 -18 22 -20 24 -22 -23 23 -25 29 27 28 -29 -30 -31
leaf_value=-0.038744351952791065 0.014882287665929448 0.042171643974413357 0.0044820017423791983 -0.0480277625425784 -0.010146969297996841 0.066382672895478209 -0.013420629690784065 -0.033601823329632068 0.028741293772465065 -0.11419574341286041 0.037223315816378423 -0.036897022167290176 0.072471575458724 -0.053523466249882204 0.002764242735474392 -0.049972115454773952 -0.064993004141174135 0.0097275953344821801 -0.060472711336065604 -0.071785167343551295 -0.035294315763031783 -1.1613489763465024 -0.10722182608468647 0.049883666220588957 0.0014334487050227231 0.0026441672755156808 -0.10961889744072953 0.038855098194432239 0.040948248541904819 0.007143197773209764
leaf_weight=0.075956311797993892 44.710880547963825 15.535679654014531 124.88057149302404 27.230599622154845 33.099061445856933 3.1658014296335741 74.686996376922252 2.9394837766885749 6.6844994971470433 3.1332318705863136 3.0848942652373799 18.669481765529781 4.9278541727171605 1.8046264284403148 40.119702636509828 2.1464460037814197 1.2783504630961022 64.094104164879354 1.9235039353779928 2.4632993306895505 1.5547734587762534 0.031344005397841102 0.26791779324412246 5.4225461864843965 638.60517280472288 15.860836736490455 0.34512035627631155 15.997912953716877 2.3081632535904646 221.55700309186977
leaf_count=409 5078 428 5660 1460 126 2 753 11 100 183 20 79 86 347 197 28163 636 1647 105 1223 273 33 2 306 15874 168 457 82 11 5463
internal_value=0.00178895 -0.00322341 -0.00484679 -0.00942476 -0.0228655 -0.00781511 -0.00141044 0.030077 -0.0116505 -0.0549074 -0.0165861 -0.0198089 0.00382342 0.0385954 -0.00776065 0.00358215 0.00370146 0.00379313 0.00312637 0.00326371 -0.0643349 -0.441986 0.0123903 0.042224 0.00339022 0.0146654 -0.0237096 0.0208497 0.0208377 0.00290479
internal_weight=1378.61 397.941 379.466 254.585 95.0676 64.7037 159.518 18.4752 61.5379 30.3638 54.8534 51.7685 980.665 6.73248 114.807 973.932 971.786 970.508 900.723 898.8 1.66207 0.1073 69.7846 5.69046 897.138 36.9753 5.11658 31.8587 2.65328 860.162
internal_count=69382 14097 13658 7998 1970 327 6028 439 325 1643 225 205 55285 433 950 54852 26689 26053 24098 23993 715 442 1955 308 23278 1941 1691 250 468 21337
is_linear=0
shrinkage=0.05


Tree=177
num_leaves=31
num_cat=0
split_feature=6 7 28 27 13 7 28 7 7 29 31 7 12 6 7 6 30 33 12 7 1 7 4 33 6 31 28 7 6 12
split_gain=5.0848 7.97767 9.21022 13.3556 6.52018 5.544 5.23099 9.56229 9.44364 7.49284 6.0896 9.19964 5.86981 5.86308 5.4066 4.62517 4.49699 4.21468 4.08524 3.85007 5.33969 3.74017 2.8372 3.2765 4.75413 2.77677 3.15178 2.6813 3.09625 2.58625
threshold=7.5000000000000009 0.26969696969696971 1.0000000180025095e-35 1.0000000180025095e-35 1.0000000180025095e-35 0.44722222222222224 1.0000000180025095e-35 0.4188596491228071 0.3585714285714286 1.0000000180025095e-35 1.0000000180025095e-35 0.31009615384615391 1.0000000180025095e-35 9.5000000000000018 0.44097222222222227 9.5000000000000018 1.0000000180025095e-35 1.0000000180025095e-35 1.0000000180025095e-35 0.162280701754386 1.0000000180025095e-35 0.22649572649572652 1.0000000180025095e-35 1.0000000180025095e-35 4.5000000000000009 1.0000000180025095e-35 1.0000000180025095e-35 0.41421568627450983 14.500000000000002 1.0000000180025095e-35
decision_type=2 2 2 2 2 2 2 2 2 2 2 2 2 2 2 2 2 2 2 2 2 2 2 2 2 2 2 2 2 2
left_child=19 2 3 -2 5 6 7 13 10 -10 11 -8 -9 -3 18 25 17 21 -11 20 22 -5 23 -1 -25 26 29 28 -15 -7
right_child=1 4 -4 16 -6 15 8 12 9 14 -12 -13 -14 27 -16 -17 -18 -19 -20 -21 -22 -23 -24 24 -26 -27 -28 -29 -30 -31
leaf_value=0.035409821349750285 -0.070652686371091039 -0.012126765743170476 -0.041258800507122766 0.024842215224645119 0.050130429178259051 -0.075777670241880229 0.010393554604285912 -0.10173554380297854 0.020715302332007014 -0.088034803735153391 0.050559944735605093 -0.040824425437073986 0.049961647196276909 0.0066057497822371129 0.017882171240681075 -0.070659378075896104 0.039142358888244438 0.048825856618581701 0.048552484057214768 0.0031102638564985911 0.069292315334654797 -0.015199723970361977 -0.013445183550199136 -0.082002511589879437 0.048922022189199922 -0.061591794011365379 0.017449540836623461 0.043899370546683872 -0.066033168556444519 0.048257813242976878
leaf_weight=12.249351349768181 6.8784302839922011 81.387026613932903 26.388696094112674 7.1683316198577804 6.4876429985160931 1.9041057512040445 15.459340789997439 3.8002470099781922 89.155216206771001 3.672430337748664 3.4812951467902158 20.195542820953051 0.75473657250404347 64.253442739130605 3.1912516364882322 4.7011790402257239 7.5547524772500756 3.6054990939883274 0.63142121955752362 950.43970641119427 4.9161724204386692 30.95352939980512 7.4384386146430179 1.5676122628101432 1.2236581958713939 2.2463843946043189 6.9071796206244471 4.7309115976731837 1.4903644844416692 0.52582792937755574
leaf_count=1588 1297 3525 576 46 154 816 344 993 989 69 11 442 5 2726 41 1298 43 43 23 53016 97 164 546 19 19 23 83 262 111 13
internal_value=0.00170502 -0.0030624 -0.0168975 -0.0054364 0.00056236 -0.000480049 0.0011011 -0.00512991 0.00828233 0.0166748 -0.0124298 -0.0186065 -0.0764362 -0.00298295 -0.0312846 -0.0288653 0.00366835 -0.00275009 -0.067814 0.00364366 0.022123 -0.00765269 0.0117586 0.0242572 -0.0244586 -0.0118137 0.00016187 0.00756983 0.00494168 -0.0486442
internal_weight=1375.36 397.525 82.5492 56.1605 314.976 308.488 292.203 156.417 135.786 96.6503 39.1362 35.6549 4.55498 151.862 7.4951 16.2847 49.2821 41.7274 4.30385 977.835 27.3952 38.1219 22.4791 15.0406 2.79127 11.5835 9.33711 70.4747 65.7438 2.42993
internal_count=69382 14097 2169 1593 11928 11774 9541 7622 1919 1122 797 786 998 6624 133 2233 296 253 92 55285 2269 210 2172 1626 38 935 912 3099 2837 829
is_linear=0
shrinkage=0.05


Tree=178
num_leaves=31
num_cat=0
split_feature=7 7 27 32 14 7 29 7 1 8 4 6 14 6 33 30 6 30 6 12 15 7 6 13 26 29 7 8 27 3
split_gain=4.67511 7.17376 10.7663 15.2546 5.47892 4.93313 4.89282 4.87977 4.67987 4.71939 3.94526 5.87926 4.15227 3.81474 3.58726 3.30836 3.75131 2.66172 5.23518 2.47377 3.57277 4.19204 3.56356 2.60804 16.4281 2.93179 2.49129 6.16391 6.06609 3.34056
threshold=0.14835164835164838 0.26969696969696971 1.0000000180025095e-35 1.0000000180025095e-35 1.0000000180025095e-35 0.22649572649572652 1.0000000180025095e-35 0.16954022988505749 1.0000000180025095e-35 1.0000000180025095e-35 1.0000000180025095e-35 7.5000000000000009 1.0000000180025095e-35 9.5000000000000018 1.0000000180025095e-35 1.0000000180025095e-35 7.5000000000000009 1.0000000180025095e-35 7.5000000000000009 1.0000000180025095e-35 1.0000000180025095e-35 0.29705882352941182 2.5000000000000004 1.0000000180025095e-35 1.0000000180025095e-35 1.0000000180025095e-35 0.31009615384615391 1.0000000180025095e-35 1.0000000180025095e-35 1.0000000180025095e-35
decision_type=2 2 2 2 2 2 2 2 2 2 2 2 2 2 2 2 2 2 2 2 2 2 2 2 2 2 2 2 2 2
left_child=8 2 3 6 5 13 7 -2 9 -1 11 12 -9 -4 -11 16 -8 -7 -19 22 23 -22 -3 -21 25 -25 27 -24 -29 -28
right_child=1 19 4 -5 -6 17 15 10 -10 14 -12 -13 -14 -15 -16 -17 -18 18 -20 20 21 -23 26 24 -26 -27 29 28 -30 -31
leaf_value=-0.015232875609972361 -0.12806362229478538 -0.076215096810224911 0.010459196032953623 0.023942489829333325 0.038409300250326697 -0.012450766291253327 0.028081242207904956 -0.079322181173802853 0.06563283721003739 0.040077415894386161 -0.067950529430138781 0.0060812554243564734 -0.020282171483860831 -0.08179473140282624 -0.023462303282074978 -0.033652831352499628 -0.10473061417955054 -0.08242797428813381 0.034294958709499716 0.019965924316563535 -0.090208952155097596 0.009909368509630782 0.017097964326029353 -0.0088743765864772398 -0.45771746469533747 0.049541225780838541 0.0013119719717830719 -0.02713449427798691 0.0050422744258975909 -0.084458609699535336
leaf_weight=9.5909455846456275 1.8534657959599758 1.4367392163949251 58.185675156183606 12.414990315737667 8.6202799631864746 83.718869468140838 5.2691214867681966 6.3638317011045746 4.9264460718804903 13.017196660861371 11.240542409308548 6.9492954234310664 5.65930285763298 1.1315911382880575 2.6605059653520593 8.9182131116558594 0.58034412873166719 1.1065989093767701 6.812823739106534 51.760697937030272 1.7993845492601384 2.4543986395001411 88.103207260368436 11.34629252230979 0.18693026062101203 2.637981301998253 871.80715229470115 18.35338403575588 72.342163819819689 1.126544747596198
leaf_count=2085 337 11395 609 151 256 827 140 4703 100 165 1181 793 150 11 15 1324 40 81 30 1591 11 17 3792 589 9 133 38471 165 195 16
internal_value=0.00162437 0.00118617 -0.00709522 -0.0252945 -0.00033369 -0.00255181 -0.0383595 -0.0493313 0.0210787 0.01235 -0.044444 -0.0304624 -0.0516135 0.00867736 0.0292548 -0.0144842 0.014663 -0.00982603 0.0178386 0.00279985 0.0118898 -0.0324365 0.00219349 0.0147617 -0.00421221 0.00213689 0.0023018 0.00767913 -0.00146586 0.00119974
internal_weight=1372.37 1342.18 218.825 59.2491 159.576 150.956 46.8341 32.0664 30.1951 25.2686 30.213 18.9724 12.0231 59.3173 15.6777 14.7677 5.84947 91.6383 7.91942 1123.35 70.1857 4.25378 1053.17 65.9319 14.1712 13.9843 1051.73 178.799 90.6955 872.934
internal_count=69382 67017 10633 8819 1814 1558 8668 7164 2365 2265 6827 5646 4853 620 180 1504 180 938 111 56384 2350 28 54034 2322 731 722 42639 4152 360 38487
is_linear=0
shrinkage=0.05


Tree=179
num_leaves=31
num_cat=0
split_feature=6 13 6 4 30 33 29 28 30 29 12 17 6 4 12 1 12 3 32 15 33 19 6 6 12 12 28 29 30 33
split_gain=4.50524 7.53045 4.74509 10.0998 4.29725 5.06642 3.7955 3.48683 5.61737 2.81711 2.63264 2.31582 3.02526 4.45017 3.55056 2.27425 2.25697 2.11672 1.94022 1.9155 3.48212 1.73926 1.6649 3.47004 1.5525 1.50768 1.39267 1.36817 2.05857 1.73382
threshold=7.5000000000000009 1.0000000180025095e-35 9.5000000000000018 1.0000000180025095e-35 1.0000000180025095e-35 1.0000000180025095e-35 1.0000000180025095e-35 1.0000000180025095e-35 1.0000000180025095e-35 1.0000000180025095e-35 1.0000000180025095e-35 1.0000000180025095e-35 2.5000000000000004 1.0000000180025095e-35 1.0000000180025095e-35 1.0000000180025095e-35 1.0000000180025095e-35 1.0000000180025095e-35 1.0000000180025095e-35 1.0000000180025095e-35 1.0000000180025095e-35 1.0000000180025095e-35 23.500000000000004 14.500000000000002 1.0000000180025095e-35 1.0000000180025095e-35 1.0000000180025095e-35 1.0000000180025095e-35 1.0000000180025095e-35 1.0000000180025095e-35
decision_type=2 2 2 2 2 2 2 2 2 2 2 2 2 2 2 2 2 2 2 2 2 2 2 2 2 2 2 2 2 2
left_child=11 2 3 7 5 -5 -6 8 16 18 -11 12 13 14 -1 17 19 21 24 20 -2 -14 23 27 -9 -23 -15 28 29 -4
right_child=1 -3 22 4 6 -7 -8 9 -10 10 -12 -13 15 26 -16 -17 -18 -19 -20 -21 -22 25 -24 -25 -26 -27 -28 -29 -30 -31
leaf_value=-0.059268480761339642 -0.014845189665734971 0.046838454621704578 0.0024802601683111369 -0.020431805299542222 -0.11923323144765119 0.038600525409046321 -0.034972927197545217 0.010800332055674546 0.02516146501930305 -0.028110792063400787 0.049304134766378446 -0.049923287980514826 0.0035278113894669431 -0.053280961076384963 0.049956805892081096 -0.053386971472966928 0.049953011519735746 -0.063956099869853303 0.041600533354769098 -0.075908777547658957 0.030829522564381741 -0.058863452481485758 0.042592122164193093 -0.061126616768672704 -0.017993669654889563 0.047678746457461584 0.069958535562279392 -0.010706394373642285 0.027006891616777069 0.035590650312372768
leaf_weight=1.75283037053316 70.767422306043954 7.4401821405663204 92.042115803214983 84.483642772784151 1.9122074593269633 3.7834143666550508 4.5255549554385652 59.444593506264937 11.690441202721557 8.3991769557524059 1.2499048039317138 2.0224019890005129 957.86897763811476 0.22947464507342363 1.2745297577130259 1.7590369562240074 1.43051510863006 1.1562905288092213 4.7656132522970429 1.1905427756137203 4.4184929430484763 1.8778196879256932 2.740920064130477 2.0477328234010193 5.060302678262814 0.38980658166110504 4.6293369733175496 13.385546079000049 10.727339669844694 4.1253028239152618
leaf_count=879 3936 191 3905 1457 149 180 184 451 1571 46 52 28201 25202 63 22 329 25 317 44 12 11 105 17 197 106 9 158 920 488 155
internal_value=0.0015484 -0.00294965 -0.00390637 -0.00771818 -0.0207807 -0.0178917 -0.0602244 -0.000369035 -0.00712734 0.0072887 -0.0179903 0.00337795 0.00349 0.0343195 -0.0131065 0.00323668 -0.0119877 0.00334136 0.0108193 -0.0131608 -0.0121506 0.0034236 0.00410893 0.00323917 0.0085313 -0.0402003 0.0639379 0.00434412 0.00623427 0.00390935
internal_weight=1368.59 395.631 388.191 263.122 94.7048 88.2671 6.43776 168.417 89.4974 78.9196 9.64908 972.961 970.938 7.88617 3.02736 963.052 77.807 961.293 69.2705 76.3765 75.1859 960.137 125.069 122.328 64.5049 2.26763 4.85881 120.28 106.895 96.1674
internal_count=69382 14097 13906 8224 1970 1637 333 6254 5555 699 98 55285 27084 1122 901 25962 3984 25633 601 3959 3947 25316 5682 5665 557 114 221 5468 4548 4060
is_linear=0
shrinkage=0.05


Tree=180
num_leaves=31
num_cat=0
split_feature=7 6 28 6 32 7 6 8 33 32 6 32 28 6 6 13 7 7 12 7 8 7 4 13 6 0 4 15 4 6
split_gain=5.95055 7.8927 6.65684 8.93918 7.19685 5.83659 6.93204 18.675 7.92248 5.16105 4.82787 4.68289 8.75562 16.4124 6.3968 5.2194 10.9148 4.34316 4.27941 4.27266 4.12531 4.12251 5.52021 5.95081 4.01321 3.86233 6.54022 3.7861 3.77873 4.50204
threshold=0.31009615384615391 5.5000000000000009 1.0000000180025095e-35 2.5000000000000004 1.0000000180025095e-35 0.39444444444444454 8.5000000000000018 1.0000000180025095e-35 1.0000000180025095e-35 1.0000000180025095e-35 8.5000000000000018 1.0000000180025095e-35 1.0000000180025095e-35 4.5000000000000009 4.5000000000000009 1.0000000180025095e-35 0.46862745098039221 0.45804195804195807 1.0000000180025095e-35 0.46862745098039221 1.0000000180025095e-35 0.46862745098039221 1.0000000180025095e-35 1.0000000180025095e-35 14.500000000000002 1.0000000180025095e-35 1.0000000180025095e-35 1.0000000180025095e-35 1.0000000180025095e-35 10.500000000000002
decision_type=2 2 2 2 2 2 2 2 2 2 2 2 2 2 2 2 2 2 2 2 2 2 2 2 2 2 2 2 2 2
left_child=2 11 9 -4 25 6 -3 24 -9 -1 27 12 14 15 21 -14 -17 -12 19 -13 -6 -2 23 -23 28 26 -5 -7 29 -8
right_child=1 5 3 4 20 10 7 8 -10 -11 17 18 13 -15 -16 16 -18 -19 -20 -21 -22 22 -24 -25 -26 -27 -28 -29 -30 -31
leaf_value=0.012190338406699119 -0.010375308830116992 0.0022301660740417575 0.064700388236913028 0.037910884511060269 -0.049903610301409593 0.0046176426567288752 0.035945880565487337 -0.062943748578627709 0.051841617508110019 -0.061227124409737183 0.02050177646011786 -0.065851034146894624 0.026905471291537676 -0.013525222947404589 -0.0047013278088768231 -0.26608098472851688 0.0075414863926538877 -0.047751977234767699 0.049600397243587946 -0.018806722698843124 0.042493327522304822 -0.061035522400140145 0.018346856063579265 0.016600970988332932 -0.073663561310611844 -0.0078581471617162873 -0.088938111184333868 -0.053031839732186371 -0.0045455729383280727 -0.057386258245685454
leaf_weight=263.78372130011644 16.390396645434066 315.14511041506739 5.023351785363956 9.1408836631999257 1.3347372233401955 157.30226835932808 11.664114660043195 19.79444345046068 1.6145082712173451 2.4037477736710562 79.510960497853375 5.4000337185134404 55.449615423862269 59.141351548973034 61.345184863073882 0.45866274826585085 1.6225122246357839 2.3876769306898487 2.0535189518705002 45.898351434625511 11.628368817269802 19.666849255082077 3.2391493694994997 2.8068202480583286 1.806025949985268 149.17355522300204 1.1316564274166019 2.8894468105791011 49.849032926604195 1.4401099065462393
leaf_count=13650 9560 6115 637 478 218 5136 1176 280 4 109 3173 295 1507 816 4315 13 204 1020 119 196 89 13387 46 2988 80 961 1147 53 820 748
internal_value=0.00176871 -0.000530916 0.00652262 -0.000976764 -0.00289689 0.00249293 -0.00120475 -0.0137719 -0.054244 0.0115232 0.00862442 -0.00764683 -0.00442229 0.00496427 -0.015013 0.0239791 -0.0535061 0.0185002 -0.020938 -0.0237806 0.0329101 -0.0300208 -0.0425153 -0.0513139 -0.000378155 -0.00581304 0.0238153 0.00357143 0.00172771 0.0256149
internal_weight=1360.5 916.876 443.62 177.433 172.409 643.404 401.313 86.1682 21.409 266.187 242.09 273.472 220.121 116.672 103.448 57.5308 2.08117 81.8986 53.3519 51.2984 12.9631 42.1032 25.7128 22.4737 64.7593 159.446 10.2725 160.192 62.9533 13.1042
internal_count=69340 52051 17289 3530 2893 18605 9223 3108 284 13759 9382 33446 32836 2540 30296 1724 217 4193 610 491 307 25981 16421 16375 2824 2586 1625 5189 2744 1924
is_linear=0
shrinkage=0.05


Tree=181
num_leaves=31
num_cat=0
split_feature=7 6 31 7 6 8 33 28 6 32 32 6 32 28 6 6 13 7 8 31 28 27 27 4 12 7 7 7 4 13
split_gain=5.40492 7.14583 6.87125 5.28182 6.32258 17.4866 7.36396 5.03059 7.89421 7.33551 4.82974 4.37136 4.3198 7.92424 14.9109 5.86668 4.62663 7.51257 4.17157 4.01756 6.73725 8.77454 7.50403 5.27134 3.97475 4.26425 3.94241 3.84118 5.05771 5.45564
threshold=0.31009615384615391 5.5000000000000009 1.0000000180025095e-35 0.39444444444444454 8.5000000000000018 1.0000000180025095e-35 1.0000000180025095e-35 1.0000000180025095e-35 2.5000000000000004 1.0000000180025095e-35 1.0000000180025095e-35 8.5000000000000018 1.0000000180025095e-35 1.0000000180025095e-35 4.5000000000000009 4.5000000000000009 1.0000000180025095e-35 0.46862745098039221 1.0000000180025095e-35 1.0000000180025095e-35 1.0000000180025095e-35 1.0000000180025095e-35 1.0000000180025095e-35 1.0000000180025095e-35 1.0000000180025095e-35 0.46862745098039221 0.45804195804195807 0.46862745098039221 1.0000000180025095e-35 1.0000000180025095e-35
decision_type=2 2 2 2 2 2 2 2 2 2 2 2 2 2 2 2 2 2 2 2 2 2 2 2 2 2 2 2 2 2
left_child=2 12 7 4 -3 19 -7 10 -9 -10 -1 -5 13 15 16 27 -15 -18 -11 20 22 -22 -6 -23 25 -14 -13 -2 29 -29
right_child=1 3 -4 11 5 6 -8 8 9 18 -12 26 24 14 -16 -17 17 -19 -20 -21 21 23 -24 -25 -26 -27 -28 28 -30 -31
leaf_value=0.011686474383727904 -0.0098435529578326433 0.0021210996663528904 -0.077197435836123915 0.0034002309889455749 0.027299975836553456 -0.06150924184647473 0.051687668886235882 0.062173218380690426 -0.0045958317574104962 -0.049832379690193523 -0.060953601921659939 0.019527770792668847 -0.06614452402672874 0.025851680089862262 -0.01278622960800057 -0.0044538393456411115 -0.20174570868229755 0.0072088928872476692 0.045755917327183732 0.053207377547429782 -0.073871154579314161 0.05283995993037064 -0.017161003550164547 -0.019617447535295776 0.049571846988529983 -0.017977373310927414 -0.045763696070642235 -0.058804727292428742 0.017632050124438567 0.015957660493201072
leaf_weight=261.90995415634154 16.412000081648557 314.79211148407921 2.4433797482921582 159.87430544235849 23.215472566596873 19.257288109452933 1.5402557998895634 4.9681904066555935 157.52726040257494 1.262031227364784 2.296563289477489 79.308778339671335 5.1144004927773485 54.8406781815047 59.42459535379021 61.512414404349329 0.57418906197881314 1.6132060638863093 10.868789883330464 3.3089948003416785 6.5519336638535615 3.1427598715217746 16.025376963964845 12.283640373512753 1.9544703057035793 45.622646120398713 2.3678041729435781 19.399734496425488 3.2032813558253102 2.7752032397745543
leaf_count=13521 9560 6115 174 5189 2138 280 4 634 2550 216 109 3173 295 1507 816 4315 13 204 85 23 402 21 200 40 119 196 1020 13387 46 2988
internal_value=0.00168692 -0.000506331 0.00623135 0.00237367 -0.00114991 -0.0132223 -0.0530811 0.00669876 0.000110951 -0.00170706 0.0110509 0.0082122 -0.00729101 -0.00420477 0.00473441 -0.0142862 0.0229991 -0.0480824 0.0357373 -0.000361787 -0.00327367 -0.0254369 0.00913029 -0.00479893 -0.0201498 -0.0228547 0.0176235 -0.0287423 -0.0409356 -0.0494227
internal_weight=1355.39 914.116 441.276 641.669 400.118 85.3257 20.7975 438.833 174.626 169.658 264.207 241.551 272.447 219.755 116.453 103.303 57.0281 2.1874 12.1308 64.5282 61.2192 21.9783 39.2408 15.4264 52.6915 50.737 81.6766 41.7902 25.3782 22.1749
internal_count=69340 52051 17289 18605 9223 3108 284 17115 3485 2851 13630 9382 33446 32836 2540 30296 1724 217 301 2824 2801 463 2338 61 610 491 4193 25981 16421 16375
is_linear=0
shrinkage=0.05


Tree=182
num_leaves=31
num_cat=0
split_feature=7 6 28 6 32 7 6 8 33 32 32 28 6 6 13 6 6 6 12 7 8 8 30 7 27 7 27 30 6 30
split_gain=4.90607 6.46931 5.51964 7.45036 6.20955 4.77825 5.76604 16.3651 6.84406 4.51486 3.98213 7.16771 13.5435 5.36922 4.12528 5.86759 3.95741 3.70572 3.69338 4.2457 3.63239 3.60849 4.49038 3.5924 19.943 6.33433 11.0922 12.9645 5.64122 4.54081
threshold=0.31009615384615391 5.5000000000000009 1.0000000180025095e-35 2.5000000000000004 1.0000000180025095e-35 0.39444444444444454 8.5000000000000018 1.0000000180025095e-35 1.0000000180025095e-35 1.0000000180025095e-35 1.0000000180025095e-35 1.0000000180025095e-35 4.5000000000000009 4.5000000000000009 1.0000000180025095e-35 3.5000000000000004 8.5000000000000018 14.500000000000002 1.0000000180025095e-35 0.46862745098039221 1.0000000180025095e-35 1.0000000180025095e-35 1.0000000180025095e-35 0.29705882352941182 1.0000000180025095e-35 0.25657894736842107 1.0000000180025095e-35 1.0000000180025095e-35 8.5000000000000018 1.0000000180025095e-35
decision_type=2 2 2 2 2 2 2 2 2 2 2 2 2 2 2 2 2 2 2 2 2 2 2 2 2 2 2 2 2 2
left_child=2 10 9 -4 23 6 -3 17 -9 -1 11 13 14 -2 -13 -16 21 -8 19 -12 -6 22 -7 25 -25 28 27 -27 29 -5
right_child=1 5 3 4 20 16 7 8 -10 -11 18 12 -14 -15 15 -17 -18 -19 -20 -21 -22 -23 -24 24 -26 26 -28 -29 -30 -31
leaf_value=0.011152885091893869 -0.027488914761320007 0.0020172542406528128 0.059776372726707785 0.0050103631841164308 -0.049766715971921845 -0.0051911281069030642 0.0016662699609057395 -0.060089047485217199 0.051538855815000145 -0.060676841726962354 -0.066448277879276194 0.024829448217292539 -0.012091058011573785 -0.0042200058766785438 -0.11222308973049396 0.049064135273658931 0.016785395365038328 -0.071776731020452622 0.049542282265451668 -0.017182356721904737 0.04107919007476496 0.0077824768430514073 -0.07506550793699665 0.060551915232012088 -0.061159085065402422 -0.088354951250338695 -0.0056673376278166838 0.014548061551746518 -0.067810457360791596 -0.031181077607584481
leaf_weight=260.30985064083893 41.521667990021797 314.4566884263495 4.9106999864206946 87.62379201181102 1.2107484613370587 40.258886073810572 62.509976053387618 18.740312243520751 1.4692888110876072 2.1943181425158391 4.8432367945497381 54.259116082101173 59.692629011080498 61.671193274220059 1.3132740694279612 0.96976819820702065 81.468970507638915 1.7560118901365047 1.8602373721078027 45.354360478901071 10.879421968013048 116.88711812661495 2.4307996823690692 9.6630508542948501 5.149246845925517 10.561439964636518 29.733938130731985 4.2936753950780249 3.023598128824232 9.6067441868854058
leaf_count=13650 25981 6115 637 1246 218 2833 2744 280 4 109 295 1507 816 4315 181 36 4193 80 119 196 89 1068 1288 173 70 289 246 71 218 273
internal_value=0.00160841 -0.000482854 0.00594981 -0.000880679 -0.00262133 0.00226016 -0.00109708 -0.0126948 -0.0519272 0.0105483 -0.00695069 -0.00399786 0.00451353 -0.0135893 0.0220512 -0.0435798 0.00781829 -0.000343572 -0.0193843 -0.0219579 0.0319067 0.00323641 -0.00919821 -0.00524098 0.0181947 -0.00764216 -0.0233188 -0.0585888 -0.000663178 0.00142653
internal_weight=1350.62 911.464 439.161 176.656 171.746 639.978 398.932 84.4756 20.2096 262.504 271.485 219.428 116.235 103.193 56.5422 2.28304 241.046 64.266 52.0578 50.1976 12.0902 159.577 42.6897 159.655 14.8123 144.843 44.5891 14.8551 100.254 97.2305
internal_count=69340 52051 17289 3530 2893 18605 9223 3108 284 13759 33446 32836 2540 30296 1724 217 9382 2824 610 491 307 5189 4121 2586 243 2343 606 360 1737 1519
is_linear=0
shrinkage=0.05


Tree=183
num_leaves=31
num_cat=0
split_feature=7 31 6 16 7 6 8 33 15 31 28 7 14 32 28 6 6 13 6 7 4 14 28 6 32 32 8 6 13 14
split_gain=4.45639 6.24151 5.84964 4.34898 4.32259 5.24947 15.3139 6.35964 3.90842 3.71138 6.15689 4.52136 3.70384 3.6721 6.46037 12.3051 4.84022 3.71015 4.95787 3.57645 4.65963 6.20448 3.5053 6.59041 6.38857 4.13392 3.68436 3.46429 3.44703 3.44078
threshold=0.31009615384615391 1.0000000180025095e-35 5.5000000000000009 1.0000000180025095e-35 0.39444444444444454 8.5000000000000018 1.0000000180025095e-35 1.0000000180025095e-35 1.0000000180025095e-35 1.0000000180025095e-35 1.0000000180025095e-35 0.3585714285714286 1.0000000180025095e-35 1.0000000180025095e-35 1.0000000180025095e-35 4.5000000000000009 4.5000000000000009 1.0000000180025095e-35 3.5000000000000004 0.46862745098039221 1.0000000180025095e-35 1.0000000180025095e-35 1.0000000180025095e-35 2.5000000000000004 1.0000000180025095e-35 1.0000000180025095e-35 1.0000000180025095e-35 14.500000000000002 1.0000000180025095e-35 1.0000000180025095e-35
decision_type=2 2 2 2 2 2 2 2 2 2 2 2 2 2 2 2 2 2 2 2 2 2 2 2 2 2 2 2 2 2
left_child=1 3 13 22 5 -4 9 12 -6 10 11 27 -8 14 16 17 19 -16 -19 -2 21 -21 25 -24 -25 -1 -26 -7 -10 -18
right_child=2 -3 4 -5 8 6 7 -9 28 -11 -12 -13 -14 -15 15 -17 29 18 -20 20 -22 -23 23 24 26 -27 -28 -29 -30 -31
leaf_value=0.0099033743802380714 -0.0079359608391407696 -0.074476361665948593 0.0019183898202983899 0.054074790636484876 0.0081570880752653979 0.018874289061728354 -0.065418086711168402 0.051394721268769518 -0.078697810468414398 0.051841347527090013 -0.02442408469304987 -0.032389706382687788 0.016297145023469305 -0.018641180681431467 0.023838377465643826 -0.011436722866975224 -0.010100379539534333 -0.09918814424856548 0.049009434278192161 -0.068083863788172827 0.018016939960146444 -0.013697359036101085 0.057515792803470613 -0.0041488688343729405 -0.04969412152628358 -0.060396903004810057 0.044438968356551513 -0.067096555352178608 0.048684151209424958 0.018808606409815135
leaf_weight=254.06410807325381 16.489965972918071 2.4039642088192741 314.13798469127323 4.6717080934904507 237.63139033586958 32.27508498692896 16.746827529743321 1.401478987187146 2.2943940067525541 3.2261224169214975 21.771097897229993 5.6947502001630701 1.4975068236235518 51.450423644921102 53.7040524207614 59.946327398192807 48.795838918304071 1.4101977930667993 0.92348694708198298 13.070533800108482 3.2225239760082323 8.806971848522835 4.8506844296198315 157.23739048762127 1.1450533870374755 2.0967778868507585 10.128636787645519 1.2039943480376667 0.67755038011819113 13.026111810326254
leaf_count=13517 9560 174 6115 10 9324 1689 240 4 40 23 463 612 40 610 1507 816 4098 181 36 13299 46 3076 634 2546 216 109 83 37 18 217
internal_value=0.00153286 0.00568506 -0.000460073 0.00613174 0.002151 -0.00104663 -0.0121641 -0.0507783 0.00744175 -0.000328608 -0.00310648 0.00873136 -0.0586782 -0.00661775 -0.00379514 0.00430311 -0.0128823 0.0211487 -0.0403711 -0.0260708 -0.037957 -0.0462292 0.00560788 0.000114312 -0.00153837 0.00932365 0.0347981 0.0157485 -0.0494234 -0.00399901
internal_weight=1346 436.598 909.405 434.194 638.558 397.955 83.8169 19.6458 240.603 64.171 60.9449 39.1738 18.2443 270.846 219.396 115.984 103.412 56.0377 2.33368 41.59 25.1 21.8775 429.523 173.362 168.511 256.161 11.2737 33.4791 2.97194 61.822
internal_count=69340 17289 52051 17115 18605 9223 3108 284 9382 2824 2801 2338 280 33446 32836 2540 30296 1724 217 25981 16421 16375 17105 3479 2845 13626 299 1726 58 4315
is_linear=0
shrinkage=0.05


Tree=184
num_leaves=31
num_cat=0
split_feature=7 31 6 16 7 6 8 33 6 7 13 31 28 27 27 4 32 28 6 6 12 7 7 4 13 13 6 8 30 15
split_gain=4.04376 5.7027 5.2997 4.0789 3.91584 4.79974 14.4868 5.96881 3.5428 3.57486 3.43764 3.43118 5.54995 8.42525 6.77566 4.79437 3.34334 5.86572 11.1772 4.4734 3.41823 4.3107 3.38327 4.32079 5.00921 3.33806 4.22299 3.30534 4.00185 3.56837
threshold=0.31009615384615391 1.0000000180025095e-35 5.5000000000000009 1.0000000180025095e-35 0.39444444444444454 8.5000000000000018 1.0000000180025095e-35 1.0000000180025095e-35 8.5000000000000018 0.45804195804195807 1.0000000180025095e-35 1.0000000180025095e-35 1.0000000180025095e-35 1.0000000180025095e-35 1.0000000180025095e-35 1.0000000180025095e-35 1.0000000180025095e-35 1.0000000180025095e-35 4.5000000000000009 4.5000000000000009 1.0000000180025095e-35 0.46862745098039221 0.46862745098039221 1.0000000180025095e-35 1.0000000180025095e-35 1.0000000180025095e-35 3.5000000000000004 1.0000000180025095e-35 1.0000000180025095e-35 1.0000000180025095e-35
decision_type=2 2 2 2 2 2 2 2 2 2 2 2 2 2 2 2 2 2 2 2 2 2 2 2 2 2 2 2 2 2
left_child=1 3 16 -1 5 -4 11 10 27 -10 -8 12 14 -14 -7 -15 17 19 25 22 21 -18 -2 24 -24 -19 -27 28 -6 -29
right_child=2 -3 4 -5 8 6 7 -9 9 -11 -12 -13 13 15 -16 -17 20 18 -20 -21 -22 -23 23 -25 -26 26 -28 29 -30 -31
leaf_value=0.005350764312926113 -0.007531613308140301 -0.071674468560836632 0.0018242785481263118 0.052998474381903686 -0.0053502066810825234 0.025813107419177073 -0.062429567925698717 0.05125485984709971 0.017405087442266175 -0.044880098165657863 0.048748610832119149 0.05047930352230371 -0.07196470540268371 0.052180829460711044 -0.016597619795360365 -0.017225637131781584 -0.066846443861363528 0.022878074318031461 -0.010820492402609266 -0.0037940317927006844 0.049523299717903972 -0.015590601386372067 -0.054364029832100605 0.017311884348670026 0.016931553960749048 -0.088122341292496395 0.048952502860655285 0.0085498089345982537 -0.071017163534987438 -0.046668032333878416
leaf_weight=427.76600371953396 16.50659272800408 2.3742155376849032 313.83515802110924 4.5320215937681487 40.175913345083245 22.881690072480524 16.878465834888637 1.3367009311914433 78.87749697343861 2.3594163668485626 0.71299085952341457 3.1497417432437933 6.2804056165005031 3.0972537920533787 15.977656405297237 12.460211546542268 4.5166026442166176 53.174589981376812 60.186504488339779 61.853129326349517 1.8038024371489871 44.806540608704381 18.582012024980493 3.1874001085197952 2.8235475530450449 1.5065107733680627 0.87945556268095959 113.00888761747046 2.4548676210724798 2.9913129037595345
leaf_count=17105 9560 174 6115 10 2833 2138 263 4 3173 1020 17 23 402 21 200 40 295 1507 816 4315 119 196 13387 46 2988 181 36 1034 1288 34
internal_value=0.0014617 0.0054264 -0.000439297 0.00585265 0.0020496 -0.000999279 -0.0117095 -0.0501142 0.00709268 0.0155846 -0.0578699 -0.000310151 -0.00296187 -0.0231306 0.0083626 -0.00335111 -0.00631191 -0.00361761 0.00410176 -0.0123007 -0.0178243 -0.0203069 -0.0250867 -0.0368414 -0.0449328 0.0202745 -0.0373951 0.00273998 -0.00915909 0.00711769
internal_weight=1340.98 434.672 906.305 432.298 636.478 396.61 82.7751 18.9282 239.868 81.2369 17.5915 63.847 60.6972 21.8379 38.8593 15.5575 269.827 218.7 115.747 102.953 51.1269 49.3231 41.0996 24.593 21.4056 55.5606 2.38597 158.631 42.6308 116
internal_count=69340 17289 52051 17115 18605 9223 3108 284 9382 4193 280 2824 2801 463 2338 61 33446 32836 2540 30296 610 491 25981 16421 16375 1724 217 5189 4121 1068
is_linear=0
shrinkage=0.05


Tree=185
num_leaves=31
num_cat=0
split_feature=27 32 8 6 7 28 29 7 28 4 0 4 7 7 7 6 13 7 12 7 7 4 6 4 6 6 6 13 7 6
split_gain=5.33887 11.1754 24.6799 18.2703 17.5507 10.7442 8.9117 7.92089 7.62165 7.44067 7.06488 14.3864 7.82749 6.53547 5.72322 5.84661 10.0779 6.69327 5.28087 5.02497 4.95148 4.63646 5.1231 4.61725 9.28115 8.25406 6.66715 4.34756 4.36649 5.69816
threshold=1.0000000180025095e-35 1.0000000180025095e-35 1.0000000180025095e-35 9.5000000000000018 0.21525096525096529 1.0000000180025095e-35 1.0000000180025095e-35 0.2834821428571429 1.0000000180025095e-35 1.0000000180025095e-35 1.0000000180025095e-35 1.0000000180025095e-35 0.36939571150097467 0.44097222222222227 0.162280701754386 6.5000000000000009 1.0000000180025095e-35 0.18465909090909094 1.0000000180025095e-35 0.39444444444444454 0.30217391304347835 1.0000000180025095e-35 6.5000000000000009 1.0000000180025095e-35 7.5000000000000009 8.5000000000000018 8.5000000000000018 1.0000000180025095e-35 0.53589743589743599 3.5000000000000004
decision_type=2 2 2 2 2 2 2 2 2 2 2 2 2 2 2 2 2 2 2 2 2 2 2 2 2 2 2 2 2 2
left_child=1 2 3 4 -1 -3 14 8 -6 -5 11 -9 -13 -14 -4 16 17 -16 -17 20 -8 22 -7 26 -25 -26 -12 28 -2 -30
right_child=27 5 6 9 7 21 19 10 -10 -11 23 12 13 -15 15 18 -18 -19 -20 -21 -22 -23 -24 24 25 -27 -28 -29 29 -31
leaf_value=-0.076759325360091321 0.0038056849030972568 -0.056074516395722362 0.038350951839562171 0.014099433219171863 0.0076568051339869232 0.012570077306956411 -0.0030596625409291065 -0.08466069310518827 0.062994865252519655 -0.03462168472827918 0.017004656923247752 -0.0560683400085688 0.051801272234686883 -0.14254999692899115 -0.1534491266407052 -0.059841323781713453 -0.083985442234880442 -0.01568009635243452 -0.013939465967369608 0.012091158781528935 -0.045217089957756827 -0.050649092819855961 0.043679857267878569 0.019901075933824515 -0.068443625755852319 -0.00018264952836120099 0.067227140562156201 0.019787444792117651 0.01550353562487132 -0.059340294384737639
leaf_weight=5.2517829485278176 822.3161444834559 5.4464502119881208 3.0633999005003707 10.177697115730551 10.297067122556598 79.012554661669128 19.632391545601426 5.5957236669169115 15.811227242085806 33.802761609866138 23.229287128869146 2.8725901664311095 7.3270926903169311 0.4489351024312781 0.88434170745313068 24.855426415801048 6.210518824576865 67.740060229763003 8.4275765998754633 25.283467802451923 10.810600406315642 2.527450375200714 15.916877476032822 56.954234689183068 5.921232808846983 17.538760599680245 9.2558027521008608 42.527772056835147 4.2922531046974637 6.1876947501541508
leaf_count=3249 9014 435 57 3172 5423 595 166 35931 608 1454 764 1210 714 432 11 727 122 1895 99 337 156 278 159 123 35 49 13 1469 429 189
internal_value=0.00187836 -0.00239311 -0.00643394 0.00520891 0.0130344 0.0121852 -0.0207004 0.0160799 0.0412001 -0.0233349 0.0109948 -0.0198136 0.0142633 0.0403479 -0.0288802 -0.0307931 -0.0230209 -0.0174849 -0.0482412 -0.00436963 -0.0180565 0.0160104 0.0177956 0.0154334 0.00899591 -0.0174546 0.031346 0.00419343 0.00339628 -0.0286534
internal_weight=1349.62 474.295 371.392 204.484 160.504 102.903 166.908 155.252 26.1083 43.9805 129.144 16.2443 10.6486 7.77603 111.181 108.118 74.8349 68.6244 33.283 55.7265 30.443 97.4569 94.9294 112.899 80.4142 23.46 32.4851 875.324 832.796 10.4799
internal_count=69315 58214 56747 53177 48551 1467 3570 45302 6031 4626 39271 38287 2356 1146 2911 2854 2028 1906 826 659 322 1032 754 984 207 84 777 11101 9632 618
is_linear=0
shrinkage=0.05


Tree=186
num_leaves=31
num_cat=0
split_feature=27 32 8 28 29 4 13 12 28 30 1 13 30 33 30 28 4 30 29 28 28 8 12 15 16 12 29 30 28 28
split_gain=4.83649 10.1597 22.3347 10.0123 8.14306 4.31128 4.30255 5.16687 8.96693 4.74042 4.21616 4.04753 4.0208 3.99077 3.45159 9.21917 3.32297 4.07521 17.7385 12.1525 5.17063 15.0107 7.32147 5.30815 4.17464 3.57142 3.32226 7.64553 7.63551 6.70626
threshold=1.0000000180025095e-35 1.0000000180025095e-35 1.0000000180025095e-35 1.0000000180025095e-35 1.0000000180025095e-35 1.0000000180025095e-35 1.0000000180025095e-35 1.0000000180025095e-35 1.0000000180025095e-35 1.0000000180025095e-35 1.0000000180025095e-35 1.0000000180025095e-35 1.0000000180025095e-35 1.0000000180025095e-35 1.0000000180025095e-35 1.0000000180025095e-35 1.0000000180025095e-35 1.0000000180025095e-35 1.0000000180025095e-35 1.0000000180025095e-35 1.0000000180025095e-35 1.0000000180025095e-35 1.0000000180025095e-35 1.0000000180025095e-35 1.0000000180025095e-35 1.0000000180025095e-35 1.0000000180025095e-35 1.0000000180025095e-35 1.0000000180025095e-35 1.0000000180025095e-35
decision_type=2 2 2 2 2 2 2 2 2 2 2 2 2 2 2 2 2 2 2 2 2 2 2 2 2 2 2 2 2 2
left_child=1 2 26 -3 6 -5 12 8 9 -8 11 13 -4 16 15 -9 17 20 19 -19 21 -2 23 24 -23 -22 -1 29 -29 -28
right_child=10 3 4 5 -6 -7 7 14 -10 -11 -12 -13 -14 -15 -16 -17 -18 18 -20 -21 25 22 -24 -25 -26 -27 27 28 -30 -31
leaf_value=0.0073003486216570287 -0.10389235170418119 -0.055776919624300259 -0.022642972884337254 0.017001536695338246 -0.0041402666436723854 -0.050579020176326067 -0.36095565917282224 -0.16684638916872738 -0.069277450202568189 -0.06291077898689644 -0.061935246744653387 0.019402409316598476 -0.070988672823810037 0.016886562053992252 0.050580631339134763 0.0050698395938640114 0.0072246145271917033 0.034772844147698753 -0.042347632535482356 -0.062345124883766603 0.0028818769673003876 -0.0051053226471840397 -0.065851330757184509 0.04797903114892782 0.048605497069680391 0.028879316642551878 -0.1622135594651001 0.0089596120286924482 -0.082644128593801935 -0.0021152012355289359
leaf_weight=179.45401576645338 3.8416996099222152 5.2078269370249464 97.946470174651949 94.431771530078549 55.800843263379647 2.4074458786635651 0.45699495341977892 1.1477110685664231 2.9318171255290508 0.19972330267773941 2.4072230909241616 41.579467178903997 4.5026362347198292 51.553638398436306 1.0777993584051726 2.3712110356427729 253.14319027605779 41.294295157851593 11.515240074812935 3.4810946306115502 189.96729183426942 246.69134884525556 4.7567637856118372 4.937128782272338 3.6600888669490805 14.196197057375683 1.4924038676094851 18.225695977683703 2.5886989163103626 1.1702756688237059
leaf_count=42796 3843 435 2558 754 659 278 39 27 18 4 333 1460 214 313 3 48 1235 411 560 52 1266 887 59 6 4 672 1061 8739 415 166
internal_value=0.00179124 -0.00228915 -0.00614823 0.0116734 -0.0197246 0.0153113 -0.0275793 -0.0624905 -0.107421 -0.273366 0.00399513 0.00417871 -0.0247794 0.00341436 -0.0271486 -0.0511736 0.00252019 0.000247925 0.0129581 0.0271989 -0.00127985 -0.00590308 -0.0044496 -0.00330102 -0.00431617 0.00469334 0.0049845 -0.0126916 -0.00244341 -0.0923069
internal_weight=1344.44 471.413 369.366 102.047 166.435 96.8392 110.634 8.18526 3.58854 0.656718 873.025 870.617 102.449 829.038 4.59672 3.51892 777.484 524.341 56.2906 44.7754 468.051 263.887 260.045 255.289 250.351 204.163 202.931 23.4771 20.8144 2.66268
internal_count=69315 58214 56747 1467 3570 1032 2911 139 61 43 11101 10768 2772 9308 78 75 8995 7760 1023 463 6737 4799 956 897 891 1938 53177 10381 9154 1227
is_linear=0
shrinkage=0.05


Tree=187
num_leaves=31
num_cat=0
split_feature=1 8 32 27 29 0 6 27 4 6 6 13 30 30 6 12 30 29 6 33 15 12 15 12 15 29 30 29 6 6
split_gain=4.49385 4.6627 7.26291 23.7433 7.34655 4.61288 5.88636 12.3703 6.42569 4.61278 4.02173 7.78842 5.06724 4.63951 7.05422 21.0042 3.92268 10.8184 4.27899 3.95576 3.91884 3.87728 3.535 3.20495 3.14523 3.03744 7.83084 2.72475 2.95501 3.94357
threshold=1.0000000180025095e-35 1.0000000180025095e-35 1.0000000180025095e-35 1.0000000180025095e-35 1.0000000180025095e-35 1.0000000180025095e-35 9.5000000000000018 1.0000000180025095e-35 1.0000000180025095e-35 4.5000000000000009 6.5000000000000009 1.0000000180025095e-35 1.0000000180025095e-35 1.0000000180025095e-35 4.5000000000000009 1.0000000180025095e-35 1.0000000180025095e-35 1.0000000180025095e-35 6.5000000000000009 1.0000000180025095e-35 1.0000000180025095e-35 1.0000000180025095e-35 1.0000000180025095e-35 1.0000000180025095e-35 1.0000000180025095e-35 1.0000000180025095e-35 1.0000000180025095e-35 1.0000000180025095e-35 7.5000000000000009 9.5000000000000018
decision_type=2 2 2 2 2 2 2 2 2 2 2 2 2 2 2 2 2 2 2 2 2 2 2 2 2 2 2 2 2 2
left_child=1 5 3 4 10 -1 -7 8 -8 -5 11 13 -13 -3 -15 -16 19 -18 -19 20 27 -12 -23 -6 -21 26 -10 -11 -29 -30
right_child=-2 2 -4 9 23 6 7 -9 25 16 21 12 -14 14 15 -17 17 18 -20 24 -22 22 -24 -25 -26 -27 -28 28 29 -31
leaf_value=-0.0085922976089724736 -0.05923390024179024 -0.011881184171978604 0.012538947668320803 0.011337577140986932 -0.010689463266285559 0.0099481382156380999 0.017765262773180832 0.011858097313087478 -0.047481939508097953 -0.0041581284532599882 -0.050009787464930899 -0.09834182477923914 -0.00050791684520866322 0.0159520589231049 -0.051344700791942081 -0.46537330076373867 0.025383782970326552 -0.07947435437898738 -0.0099822430861206349 0.024327077893393338 0.03480905428503317 0.0067277949723577079 -0.06702821386995135 0.017251629616896899 -0.018156425456589315 -0.093957238452227462 0.030701902047589654 0.029463211481167123 -0.11270102005738858 0.0069832303396946006
leaf_weight=50.554013476316186 3.0076174573200651 66.211772123776427 95.971038608200615 122.04278924710525 42.408064654176997 367.63553882536507 5.8727389799896654 43.413833778584376 19.361821819562472 357.83479037790676 25.921216035385442 4.8098145090043536 1.8388952185050582 1.3139209914952508 1.5581286233500575 0.37349531427025806 39.849904877250083 3.2585600689053518 6.9492856711149216 23.783509210450578 6.8714937418699256 6.5827650185674411 2.1424994617700577 13.520276833151 5.3116943184286347 2.38230151310563 3.8217463120818129 11.847105133347211 0.88868348440155331 2.9083922058343887
leaf_count=57773 557 1831 1094 919 297 2406 45 131 148 1939 732 110 12 57 66 4 123 17 25 187 37 90 9 362 18 13 20 244 41 8
internal_value=0.00170893 0.00184681 -0.00040898 -0.00207055 -0.0187073 0.00571018 0.00734552 -0.00543011 -0.0293156 0.00269719 -0.026167 -0.019721 -0.0713995 -0.0147574 -0.0730644 -0.133643 0.000401038 0.0136127 -0.0322706 -0.00121326 -0.00257382 -0.0403024 -0.0113818 -0.00392409 0.0165504 -0.0401528 -0.0345643 -0.00326387 0.0171485 -0.0211193
internal_weight=1340.25 1337.24 844.198 748.227 166.681 493.042 442.488 74.8524 31.4386 581.546 110.753 76.106 6.64871 69.4573 3.24554 1.93162 459.503 50.0578 10.2078 409.446 380.35 34.6465 8.72526 55.9283 29.0952 25.5659 23.1836 373.479 15.6442 3.79708
internal_count=69315 68758 8222 7128 3570 60536 2763 357 226 3558 2911 2080 122 1958 127 70 2639 165 42 2474 2269 831 99 659 205 181 168 2232 293 49
is_linear=0
shrinkage=0.05


Tree=188
num_leaves=31
num_cat=0
split_feature=1 8 7 32 27 28 29 7 6 13 7 14 13 7 6 7 6 27 7 28 0 0 28 6 4 6 30 7 6 7
split_gain=4.25295 4.22459 7.10775 6.55672 21.4393 7.85975 6.63744 5.29389 6.04155 6.29482 5.81918 4.60323 4.51423 4.49119 4.35113 4.32528 4.31281 10.2552 8.31778 11.1259 6.35903 6.27399 11.282 12.3398 6.04649 5.75074 5.67852 5.5207 5.38638 5.03568
threshold=1.0000000180025095e-35 1.0000000180025095e-35 0.5634920634920636 1.0000000180025095e-35 1.0000000180025095e-35 1.0000000180025095e-35 1.0000000180025095e-35 0.162280701754386 6.5000000000000009 1.0000000180025095e-35 0.18465909090909094 1.0000000180025095e-35 1.0000000180025095e-35 0.39444444444444454 6.5000000000000009 0.30217391304347835 9.5000000000000018 1.0000000180025095e-35 0.35147058823529415 1.0000000180025095e-35 1.0000000180025095e-35 1.0000000180025095e-35 1.0000000180025095e-35 5.5000000000000009 1.0000000180025095e-35 8.5000000000000018 1.0000000180025095e-35 0.41421568627450983 6.5000000000000009 0.31009615384615391
decision_type=2 2 2 2 2 2 2 2 2 2 2 2 2 2 2 2 2 2 2 2 2 2 2 2 2 2 2 2 2 2
left_child=1 2 16 4 6 -5 7 -3 9 10 -9 -10 -6 15 -7 -8 21 24 19 20 -19 22 23 -1 26 28 29 -20 -24 -18
right_child=-2 3 -4 5 12 14 13 8 11 -11 -12 -13 -14 -15 -16 -17 17 18 27 -21 -22 -23 25 -25 -26 -27 -28 -29 -30 -31
leaf_value=0.028147161016612517 -0.059076006738851432 0.039214590999287778 -0.11564560895393233 -0.054268242824414697 0.0013606481677138761 0.010627171508901669 -0.0024702470079821341 -0.13923896301397262 -0.057834974749824991 -0.064249632703488865 -0.012809777177661456 -0.016140352092024891 0.018655881566453581 0.011932122734271758 0.042136499516444159 -0.041573050568508907 0.041752639875345866 -0.096772352005268208 0.032175238301666347 -0.067275364382989866 0.026708515506665465 0.0098820167686465028 -0.027626064659983525 -0.077213061561431179 -0.031808909829472057 -0.091632490116062462 -0.097831091481019816 -0.068623683804861738 0.036449226402787485 -0.054914545946908123
leaf_weight=3.8568083612881301 2.8684162797389936 3.1160473998970692 1.1984219249707155 4.2723596487558089 539.57779683604895 78.9076161597186 19.698090656864228 0.91352647356688876 21.888608697336167 7.0073601484182282 68.130273448779008 9.5555536667816359 40.565158564713784 25.144561077016988 12.736068509868344 11.050504824925154 7.5891680732511269 1.1477253420234781 29.474147153450762 6.5299249828385646 10.397103849798441 364.83898570504971 4.4001235157668424 9.8407268222072144 33.540028813524259 1.2270386716181736 1.0443448744144923 1.4118306651471346 12.728511796793098 1.6246009866422353
leaf_count=31835 557 57 4377 392 2402 556 166 11 722 122 1895 104 1156 337 146 156 518 90 143 91 29 1575 2881 13559 1476 390 925 100 834 1713
internal_value=0.00163044 0.00176185 0.00544916 -0.000385696 -0.0019672 0.0119191 -0.0177821 -0.0248788 -0.0267448 -0.0191072 -0.0145097 -0.0451895 0.00257114 -0.00372708 0.0150157 -0.0165483 0.00574891 -0.0039537 0.0117628 -0.0151538 0.0143163 0.00801785 -0.0131816 -0.0475115 -0.0215329 0.0124211 0.0120153 0.0275307 0.0199534 0.0246127
internal_weight=1336.28 1333.41 490.849 842.564 746.647 95.916 166.505 110.611 107.495 76.0512 69.0438 31.4442 580.143 55.8932 91.6437 30.7486 489.651 92.7589 48.9607 18.0748 11.5448 396.892 32.0532 13.6975 43.7981 18.3557 10.2581 30.886 17.1286 9.21377
internal_count=69315 68758 60536 8222 7128 1094 3570 2911 2854 2028 1906 826 3558 659 702 322 56159 5085 453 210 119 51074 49499 45394 4632 4105 3156 243 3715 2231
is_linear=0
shrinkage=0.05


Tree=189
num_leaves=31
num_cat=0
split_feature=1 8 7 6 27 28 28 27 7 7 6 27 7 28 0 0 28 6 4 6 6 7 27 27 28 7 6 7 28 6
split_gain=4.02509 3.84435 6.52763 6.18238 6.30649 11.3743 5.65262 8.29413 5.38321 3.89573 3.88837 9.38254 7.71522 10.4788 5.91328 5.69546 10.2284 11.1947 5.43677 5.28119 4.97955 4.9697 4.92326 4.49745 4.44951 5.86677 5.24433 3.97492 3.74748 6.02034
threshold=1.0000000180025095e-35 1.0000000180025095e-35 0.54195804195804198 4.5000000000000009 1.0000000180025095e-35 1.0000000180025095e-35 1.0000000180025095e-35 1.0000000180025095e-35 0.58571428571428574 0.162280701754386 9.5000000000000018 1.0000000180025095e-35 0.35147058823529415 1.0000000180025095e-35 1.0000000180025095e-35 1.0000000180025095e-35 1.0000000180025095e-35 5.5000000000000009 1.0000000180025095e-35 8.5000000000000018 6.5000000000000009 0.41421568627450983 1.0000000180025095e-35 1.0000000180025095e-35 1.0000000180025095e-35 0.41421568627450983 10.500000000000002 0.31009615384615391 1.0000000180025095e-35 10.500000000000002
decision_type=2 2 2 2 2 2 2 2 2 2 2 2 2 2 2 2 2 2 2 2 2 2 2 2 2 2 2 2 2 2
left_child=1 2 10 6 5 -5 -3 -8 9 -7 15 18 13 14 -13 16 17 -1 27 20 22 28 -18 -19 25 26 -20 -12 29 -14
right_child=-2 3 -4 4 -6 8 7 -9 -10 -11 11 12 21 -15 -16 -17 19 23 24 -21 -22 -23 -24 -25 -26 -27 -28 -29 -30 -31
leaf_value=0.02684184470342979 -0.058913355707544905 -0.0049713009557931292 -0.10882307632559503 -0.043848534344527131 0.00025826829149232911 0.044246700317988504 0.0021927204584208599 0.026606309859375066 0.030501462862735973 -0.0096903117898996111 0.026372054770893175 -0.094971881589613769 0.033954956862397766 -0.066633263140192092 0.025909808610867131 0.0094345094329364512 -0.099188141795549148 -0.051276265742781213 -0.012126568299182731 -0.08841795736956852 0.035577946408027999 -0.0680798262781908 0.011790386707254814 -0.1255367746028187 -0.052748671639681888 0.033417284032331469 -0.076952638040497234 -0.055494184707564558 0.042433134069863924 -0.055620144303639742
leaf_weight=3.8429984008504361 2.7358943111998988 65.988597365164424 1.2412656141727882 22.779654437785211 457.76483421699959 3.4175044803414485 80.632811283285264 61.249082202441059 9.4749695435166341 139.16845192688925 8.2482974338909099 1.1121047489159543 5.3349075810401754 6.2698823468253968 10.18745613284409 363.08366229179956 1.5080697256181625 6.8562967536408888 11.208096929189198 1.2085282635316605 12.396975860650853 1.30789109905072 2.9012093836697659 2.9371387645724099 13.273829331234081 4.6982106803334309 4.3297259972232487 1.7949011758773838 20.749107619823917 2.8793531144810913
leaf_count=31835 557 2072 4577 1073 2639 8 560 353 78 1439 759 90 62 91 29 1575 2062 11979 257 381 834 99 819 1421 737 151 328 2369 36 45
internal_value=0.00155546 0.00168087 0.00521387 -0.000367263 -0.00282602 -0.0109037 0.00711277 0.0127365 -0.00596249 -0.00839103 0.00550831 -0.00378107 0.0114968 -0.0148357 0.0138949 0.0076604 -0.0126718 -0.0453328 -0.0205732 0.0120348 0.0193363 0.0267965 -0.0261921 -0.073704 -0.0302465 -0.0154428 -0.0302609 0.0116507 0.0311201 0.00246586
internal_weight=1330.58 1327.85 487.37 840.476 632.605 174.841 207.87 141.882 152.061 142.586 486.129 91.3938 47.8407 17.5694 11.2996 394.735 31.6512 13.6364 43.5531 18.0148 16.8063 30.2713 4.40928 9.79344 33.5099 20.236 15.5378 10.0432 28.9634 8.21426
internal_count=69315 68758 60536 8222 5237 2598 2985 913 1525 1447 55959 5053 452 210 119 50906 49331 45235 4601 4096 3715 242 2881 13400 1473 736 585 3128 143 107
is_linear=0
shrinkage=0.05


Tree=190
num_leaves=31
num_cat=0
split_feature=12 18 32 7 31 2 7 1 28 1 28 33 30 15 27 13 27 29 15 7 8 28 7 27 7 4 4 30 29 16
split_gain=4.57839 2.42296 2.06196 2.06065 2.97172 1.92111 1.90843 3.47291 3.13382 1.71493 1.68948 1.56303 13.2138 5.25162 2.28584 1.36089 1.77931 1.70857 6.5029 1.25754 5.81313 9.09167 2.66303 2.60676 1.59666 13.8619 4.34616 3.97767 6.93495 4.35646
threshold=1.0000000180025095e-35 1.0000000180025095e-35 1.0000000180025095e-35 0.46862745098039221 1.0000000180025095e-35 1.0000000180025095e-35 0.12916666666666668 1.0000000180025095e-35 1.0000000180025095e-35 1.0000000180025095e-35 1.0000000180025095e-35 1.0000000180025095e-35 1.0000000180025095e-35 1.0000000180025095e-35 1.0000000180025095e-35 1.0000000180025095e-35 1.0000000180025095e-35 1.0000000180025095e-35 1.0000000180025095e-35 0.18465909090909094 1.0000000180025095e-35 1.0000000180025095e-35 0.162280701754386 1.0000000180025095e-35 0.31009615384615391 1.0000000180025095e-35 1.0000000180025095e-35 1.0000000180025095e-35 1.0000000180025095e-35 1.0000000180025095e-35
decision_type=2 2 2 2 2 2 2 2 2 2 2 2 2 2 2 2 2 2 2 2 2 2 2 2 2 2 2 2 2 2
left_child=1 5 3 15 -5 6 7 8 -1 11 -4 19 13 14 -13 16 17 18 -2 20 21 23 -22 -8 25 27 -26 29 -29 -21
right_child=2 -3 10 4 -6 -7 9 -9 -10 -11 -12 12 -14 -15 -16 -17 -18 -19 -20 24 22 -23 -24 -25 26 -27 -28 28 -30 -31
leaf_value=0.015109100178644953 0.013077315180695576 -0.064949357556926463 -0.069896711418171997 0.0064517663576691871 -0.04689743086384885 -0.049461428575773819 -0.062294041760534102 0.053252190314325168 -0.050979835136052525 -0.050724716918164284 0.049919631849409091 -0.034037096498366823 -0.11058494035204332 -0.028597673491670181 0.025021835179906488 0.005783807873129653 0.040250326144676746 0.031258888361696734 -0.12960905123378438 -0.0072055779035649706 0.031037815916296209 -0.10769923357869465 -0.010994224304062045 0.021352548122294996 0.0024610773803891723 0.017062086713013999 -0.0058031904300153972 0.032467779319183786 -0.014393067678873692 0.050693228316435204
leaf_weight=10.887118546927015 10.703000959452764 1.3578264851207666 0.29966994374990363 24.127295546925328 2.9165317297590709 1.8268281906925938 1.2487117422278968 4.996985266559931 2.1358363113322403 1.5616075315201658 5.2664076620712876 1.6960287801921357 2.145176551945041 5.7336345101357429 38.345168050378561 15.478517761903502 10.95373756967456 9.2764287047120888 0.85269001126289445 186.22913334752957 6.8496017269790164 3.3340928805992007 8.3319070334546268 3.5713026942685246 569.3138770818332 131.45069107814925 220.76708112307824 18.768206593056675 13.597769767045973 3.2947732955217353
leaf_count=582 224 233 2 941 17 55919 17 93 790 457 351 14 39 22 311 436 463 213 4 1157 30 19 39 35 5434 613 744 88 111 2
internal_value=0.00230136 0.00155195 0.0139036 0.011692 0.000664652 0.00162593 0.00170235 0.0178528 0.00420099 0.00146251 0.0432654 0.00153043 0.010381 0.0160838 0.0224999 0.0179896 0.0239139 0.0152848 0.00240235 0.00116641 -0.010319 -0.0443523 0.00794485 -0.000298199 0.00140133 0.00419524 0.000151171 -0.00342543 0.0127665 -0.00619378
internal_weight=1317.32 1237.44 79.8743 74.3082 27.0438 1236.09 1234.26 18.0199 13.023 1216.24 5.56608 1214.68 47.92 45.7748 40.0412 47.2644 31.7859 20.8321 11.5557 1166.76 23.3356 8.15411 15.1815 4.82001 1143.42 353.341 790.081 221.89 32.366 189.524
internal_count=69400 66749 2651 2298 958 66516 10597 1465 1372 9132 353 8675 386 347 325 1340 904 441 228 8289 140 71 69 52 8149 1971 6178 1358 199 1159
is_linear=0
shrinkage=0.05


Tree=191
num_leaves=31
num_cat=0
split_feature=14 18 2 7 27 29 30 7 7 7 33 33 30 27 28 8 7 7 28 0 30 7 30 8 7 7 8 0 7 7
split_gain=4.72833 2.25282 1.75255 1.70679 2.13262 1.60807 2.58502 2.98886 1.82782 9.83848 1.40449 1.37877 12.3647 2.12848 13.6979 12.8723 6.65467 12.2993 5.06356 11.5575 10.1526 6.88177 6.63417 4.95369 7.28432 5.47038 4.34352 6.10359 6.10342 14.2551
threshold=1.0000000180025095e-35 1.0000000180025095e-35 1.0000000180025095e-35 0.12916666666666668 1.0000000180025095e-35 1.0000000180025095e-35 1.0000000180025095e-35 0.58571428571428574 0.44097222222222227 0.46862745098039221 1.0000000180025095e-35 1.0000000180025095e-35 1.0000000180025095e-35 1.0000000180025095e-35 1.0000000180025095e-35 1.0000000180025095e-35 0.45804195804195807 0.44097222222222227 1.0000000180025095e-35 1.0000000180025095e-35 1.0000000180025095e-35 0.36939571150097467 1.0000000180025095e-35 1.0000000180025095e-35 0.18465909090909094 0.21525096525096529 1.0000000180025095e-35 1.0000000180025095e-35 0.41421568627450983 0.46862745098039221
decision_type=2 2 2 2 2 2 2 2 2 2 2 2 2 2 2 2 2 2 2 2 2 2 2 2 2 2 2 2 2 2
left_child=1 2 3 4 -1 6 -2 -8 -7 -10 -6 13 -13 14 15 -5 17 -16 19 22 21 23 -15 24 -20 -25 27 -23 -29 -30
right_child=5 -3 -4 11 10 8 7 -9 9 -11 -12 12 -14 18 16 -17 -18 -19 20 -21 -22 26 -24 25 -26 -27 -28 28 29 -31
leaf_value=-0.055389175527105851 0.011108518434880048 -0.0646118028017829 -0.049417579286850088 -0.0040995577602568759 0.027585452382306138 0.032859946730587307 -0.010372784072620394 -0.13262871508413551 -0.27513434079807986 0.01525409872795035 -0.010706779436897544 0.015915574615566041 -0.10905768854930945 -0.12123509160858999 0.010975091620864311 -0.052513339302553974 -0.0028281342213498694 0.059249120407136882 -0.084021153498967799 0.0037504120755289063 -0.06450348089062162 0.042532831653431365 0.001508566908244237 0.02086598086345515 0.0012377353724093211 -0.02271345991543058 0.01137836056460333 -0.0029961441222630669 -0.11389193639284499 0.0025074883717181688
leaf_weight=0.95441051722446246 95.107780562962375 1.2877301947305557 1.6906777044678154 112.27187837388828 13.837741499115511 15.634789698113311 7.1299039291908448 0.52931620786603151 0.29750480764778231 5.6573832968736042 2.8687777885061214 41.150154341827147 2.0685375786270006 2.9227488521137266 199.27124154207559 15.638398997667535 78.71157087985921 14.128035581146831 2.583004977030213 395.46019806818185 7.1638718583089931 5.4636549651622763 1.7492214851081369 7.8656828403472892 73.813893785234541 82.963737643091008 81.410821314027999 34.126614568667719 4.5068456163280626 6.277158251767105
leaf_count=852 5423 232 52821 1165 569 518 265 12 19 494 41 240 39 22 1176 2366 336 102 17 1627 64 9 6 21 239 302 195 75 25 128
internal_value=0.00219268 0.00122285 0.00129512 0.00136818 0.0167934 0.0114698 0.00885439 -0.0190488 0.0238861 0.000225602 0.0209777 0.00113468 0.00989868 0.000797863 0.00361665 -0.0100262 0.00959247 0.014176 -0.000877709 0.00282469 -0.00571784 -0.00430564 -0.0752671 -0.0110399 -0.00164897 -0.0189322 0.00423612 -0.00729663 -0.0133779 -0.0461522
internal_weight=1314.54 1190.19 1188.9 1187.21 17.6609 124.357 102.767 7.65922 21.5897 5.95489 16.7065 1169.55 43.2187 1126.33 420.021 127.91 292.111 213.399 706.307 400.132 306.175 299.011 4.67197 167.226 76.3969 90.8294 131.785 50.3743 44.9106 10.784
internal_count=69400 62669 62437 9616 1462 6731 5700 277 1031 513 610 8154 279 7875 5145 3531 1614 1278 2730 1655 1075 1011 28 579 256 323 432 237 228 153
is_linear=0
shrinkage=0.05


Tree=192
num_leaves=31
num_cat=0
split_feature=14 6 27 15 31 6 8 6 15 16 28 27 6 6 7 7 7 6 7 7 27 31 7 6 7 8 7 7 8 7
split_gain=4.33276 2.70076 4.53984 2.40997 3.06751 2.23428 2.92853 2.23374 7.68992 3.49769 3.82993 14.3612 9.28724 8.86185 8.62721 8.39538 7.28687 6.89355 5.72968 6.90096 5.44345 5.21249 4.75185 7.74892 4.62276 10.5191 3.94926 3.73 4.06724 3.53189
threshold=1.0000000180025095e-35 6.5000000000000009 1.0000000180025095e-35 1.0000000180025095e-35 1.0000000180025095e-35 2.5000000000000004 1.0000000180025095e-35 6.5000000000000009 1.0000000180025095e-35 1.0000000180025095e-35 1.0000000180025095e-35 1.0000000180025095e-35 9.5000000000000018 16.500000000000004 0.43303571428571436 0.39444444444444454 0.55050505050505061 17.500000000000004 0.25657894736842107 0.44097222222222227 1.0000000180025095e-35 1.0000000180025095e-35 0.34057971014492755 11.500000000000002 0.24126984126984127 1.0000000180025095e-35 0.36939571150097467 0.44722222222222224 1.0000000180025095e-35 0.45804195804195807
decision_type=2 2 2 2 2 2 2 2 2 2 2 2 2 2 2 2 2 2 2 2 2 2 2 2 2 2 2 2 2 2
left_child=5 -2 3 4 -3 6 -1 -7 9 10 14 16 21 15 22 -14 18 20 -12 -20 -16 24 23 -9 25 -13 -24 28 -22 -21
right_child=1 2 -4 -5 -6 7 -8 8 -10 -11 11 12 13 -15 17 -17 -18 -19 19 29 27 -23 26 -25 -26 -27 -28 -29 -30 -31
leaf_value=0.045589191594068719 0.0065266840435368109 0.024428242411900614 0.043423653145474889 -0.046642167663608458 -0.027830483772447664 -0.0011211083372502733 -0.055450443802854466 0.0074266716208402405 -0.081687763952253564 0.049906655021295029 0.046710738002454545 -0.11893710476963533 -0.088779225480111718 0.048454975001112351 -0.10837323288675434 -0.013161913326954135 -0.17567836724564401 0.054578917058530664 0.010421680555317279 0.056073048870471355 0.052916835702546787 0.04490601885044513 -0.055117223028190436 -0.050443943406816974 0.0010985182078369607 0.047456761225856188 -0.0054176957222410831 -0.069840032657807166 -0.095278845257980638 0.0012810517778135044
leaf_weight=5.1681362609992894 90.085479559366149 12.357683710954005 15.119661805452777 1.9143251776695258 3.6161910668015489 602.87972788366687 0.81957735911419138 193.43794742225691 2.6435586103762025 4.0439262604340902 18.623497388603937 2.4142864912755604 7.6383531258070452 2.5410903715510349 3.701934021367375 7.0995889740906932 0.46131941707790147 1.4603795078619448 82.977960725624143 14.157619224705742 1.8417236453497028 6.5804044282631358 4.1514386024018668 5.9510860289001348 107.64224100469801 1.5492620989680292 103.32985928258313 2.6153418540025086 0.60626185219734896 3.7359528280494478
leaf_count=9800 5761 345 605 9 11 33359 591 6052 50 4 463 27 142 15 2734 101 23 3 1694 271 143 17 516 625 445 6 5253 209 8 118
internal_value=0.00208925 0.0110189 0.0232581 0.00617087 0.0125565 0.00116357 0.0316065 0.00100868 0.00322636 0.00361798 0.00328928 0.00784581 -0.0033077 -0.037537 -0.000379567 -0.0524202 0.0204447 -0.0455375 0.0212207 0.0165054 -0.0623181 0.0016952 0.00112501 0.00569448 -0.00085187 -0.0538159 -0.00734693 -0.0284002 0.0157733 0.0446682
internal_weight=1311.17 123.093 33.0079 17.8882 15.9739 1188.07 5.98771 1182.08 579.205 576.561 572.518 255.422 135.465 17.279 317.096 14.7379 119.956 10.2256 119.495 100.872 8.76526 118.186 306.87 199.389 111.606 3.96355 107.481 5.06333 2.44799 17.8936
internal_count=69400 6731 970 365 356 62669 10391 52278 18919 18869 18865 3322 753 258 15543 243 2569 3097 2546 2083 3094 495 12446 6677 478 33 5769 360 151 389
is_linear=0
shrinkage=0.05


Tree=193
num_leaves=31
num_cat=0
split_feature=14 6 27 29 15 31 6 1 6 15 0 27 16 28 27 6 6 7 7 7 6 0 7 7 27 7 6 7 7 7
split_gain=3.97242 2.55396 4.40514 2.35996 3.12784 2.706 2.03397 4.09082 2.02005 7.12209 4.83496 4.3317 3.27391 3.46228 12.9418 8.5647 8.16539 8.11424 8.0528 6.70283 6.43936 5.52463 5.13799 6.17717 4.88163 4.29365 7.07765 4.21204 3.5637 3.49477
threshold=1.0000000180025095e-35 6.5000000000000009 1.0000000180025095e-35 1.0000000180025095e-35 1.0000000180025095e-35 1.0000000180025095e-35 2.5000000000000004 1.0000000180025095e-35 6.5000000000000009 1.0000000180025095e-35 1.0000000180025095e-35 1.0000000180025095e-35 1.0000000180025095e-35 1.0000000180025095e-35 1.0000000180025095e-35 9.5000000000000018 16.500000000000004 0.39444444444444454 0.43303571428571436 0.5634920634920636 17.500000000000004 1.0000000180025095e-35 0.25657894736842107 0.44097222222222227 1.0000000180025095e-35 0.34057971014492755 11.500000000000002 0.24126984126984127 0.36939571150097467 0.44722222222222224
decision_type=2 2 2 2 2 2 2 2 2 2 2 2 2 2 2 2 2 2 2 2 2 2 2 2 2 2 2 2 2 2
left_child=6 -2 3 4 5 -3 7 -1 10 12 11 -8 13 18 19 21 17 -17 25 22 24 -16 -15 -24 -20 26 -10 -23 -27 -26
right_child=1 2 -4 -5 -6 -7 8 -9 9 -11 -12 -13 -14 14 15 16 -18 -19 20 -21 -22 27 23 -25 29 28 -28 -29 -30 -31
leaf_value=-0.053627050562201531 0.0062371391121261366 0.019016380471925876 0.043124552035584046 0.038332390777012705 -0.072280004388847741 -0.033843716678545688 -0.082415551478163221 0.050729863478876619 0.0070806554988963842 -0.079723785735176314 -0.00058483886260252387 -0.0025751029949999654 0.048918794522814446 0.044216907770126143 0.043841952565662444 -0.087474828225737877 0.047266396316934904 -0.012499373876210597 -0.10493689407210958 -0.17562062612054369 0.054266018239005065 -0.052567653758291248 0.0098976609975775908 0.042278930051146288 0.015662735678565791 -0.052333337008347997 -0.048590014707546599 0.00069218619829015753 -0.0051375272055149178 -0.068893281474031703
leaf_weight=1.1550885563262898 89.568130231754594 8.6362466235477751 14.47959915443789 4.2591214468702665 1.4942946732044227 3.3499394208192834 3.4312021516680025 4.7802437867326262 192.76448112673188 2.5752311255928353 596.32068080881072 3.3828994550831339 3.9226095308549693 18.688999413776401 7.2590035770426757 7.3715874392582936 2.4766489651228758 7.102566231592391 3.6340678975552656 0.42852391202995832 1.3970196207592387 3.8354471619240931 83.002460602661813 17.920034820112505 2.3420019210097962 4.1541302691689443 5.871693981779571 106.7988432800048 103.51230894205764 2.5212435783523688
leaf_count=10304 5761 214 605 134 7 10 26112 87 6052 50 3906 3341 4 463 162 142 15 101 2734 16 3 19 1694 396 151 516 625 314 5253 209
internal_value=0.00198908 0.0105888 0.0226652 0.00592254 -0.00430103 0.00418529 0.00110597 0.0302806 0.000958632 0.00307222 -0.00106459 -0.0429134 0.00344529 0.00313121 0.00746738 -0.0031597 -0.0363822 -0.0507524 -0.000362687 0.0194085 -0.0447371 0.0016155 0.020126 0.0156559 -0.0611173 0.0010705 0.00543015 -0.00115428 -0.00696783 -0.0281223
internal_weight=1308.44 121.787 32.2192 17.7396 13.4805 11.9862 1186.65 5.93533 1180.71 577.579 603.135 6.8141 575.004 571.081 254.884 134.844 16.9508 14.4742 316.197 120.04 9.89433 117.893 119.611 100.922 8.49731 306.303 198.636 110.634 107.666 4.86325
internal_count=69400 6731 970 365 231 224 62669 10391 52278 18919 33359 29453 18869 18865 3322 753 258 243 15543 2569 3097 495 2553 2090 3094 12446 6677 333 5769 360
is_linear=0
shrinkage=0.05


Tree=194
num_leaves=31
num_cat=0
split_feature=14 6 27 18 13 7 32 12 28 7 6 1 6 15 16 28 27 6 6 7 7 6 7 6 27 7 6 7 6 7
split_gain=3.64215 2.41841 4.26187 2.11462 1.92843 5.47548 4.44645 7.45362 2.70297 2.11075 1.85726 3.76357 1.76225 6.60957 3.05977 3.10307 11.6372 7.88562 7.51832 7.84734 7.47122 5.96413 5.90076 4.73954 4.47166 4.29439 6.09947 7.18354 6.2546 4.19287
threshold=1.0000000180025095e-35 6.5000000000000009 1.0000000180025095e-35 1.0000000180025095e-35 1.0000000180025095e-35 0.46862745098039221 1.0000000180025095e-35 1.0000000180025095e-35 1.0000000180025095e-35 0.46862745098039221 2.5000000000000004 1.0000000180025095e-35 6.5000000000000009 1.0000000180025095e-35 1.0000000180025095e-35 1.0000000180025095e-35 1.0000000180025095e-35 9.5000000000000018 16.500000000000004 0.39444444444444454 0.43303571428571436 17.500000000000004 0.55050505050505061 13.500000000000002 1.0000000180025095e-35 0.26969696969696971 9.5000000000000018 0.36939571150097467 8.5000000000000018 0.24126984126984127
decision_type=2 2 2 2 2 2 2 2 2 2 2 2 2 2 2 2 2 2 2 2 2 2 2 2 2 2 2 2 2 2
left_child=3 4 -3 10 9 6 -6 -8 -7 -2 11 -1 -12 14 15 20 22 29 19 -19 -14 24 23 25 -22 -17 27 28 -27 -18
right_child=1 2 -4 -5 5 8 7 -9 -10 -11 12 -13 13 -15 -16 16 17 18 -20 -21 21 -23 -24 -25 -26 26 -28 -29 -30 -31
leaf_value=-0.053411967396579677 0.025704450020848021 0.005700933782396128 0.042814754679795675 -0.064099007651507514 -0.0060214291561705548 0.0023081759890049161 -0.15764328574575687 0.04859545269280776 0.05169887317091755 0.0028981831271207674 -0.00091029686121277785 0.048630933843913024 0.0010666592786467497 -0.07790296172352755 0.047953256038031175 0.042231225735408585 -0.049279484145086788 -0.086174696984336455 0.046081476796729567 -0.011745340434255706 -0.10168117134592994 0.053967907205207014 -0.15659836573469493 -0.072207798972404452 -0.027372020907937181 -0.0014966992255804931 0.036001096122567536 0.019068833256029247 -0.066508888509289391 0.0033165081026664354
leaf_weight=1.1029051858711216 19.749377382393448 17.561343154586211 13.870666634058582 1.2339259928614854 35.210046308663834 5.0191505269240206 1.2223560363054264 0.668992101214826 6.235549061089614 20.971174568690913 602.2468828826095 4.7388479797600667 305.48636702176145 2.5056531630034433 3.8047242285683742 18.677161248015182 3.9091550329030715 7.1153445920899703 2.4151558073081096 7.0831304347020705 3.5649333576079663 1.3360950576861803 0.469116531513463 1.3916350259478338 4.7501652172427384 17.859061308485256 27.727072102600687 49.309712235301049 4.6619757729104085 113.74690263234879
leaf_count=10302 620 365 605 232 1212 3022 7 40 283 577 33255 85 12358 50 4 446 35 142 15 100 2721 3 23 83 353 324 811 654 216 457
internal_value=0.00189375 0.0101754 0.0221032 0.00105114 0.00595887 -0.000782691 -0.0100603 -0.0845593 0.0297386 0.013975 0.00112001 0.0292217 0.000979987 0.0029579 0.00331353 0.00301358 0.00712163 -0.00298957 -0.0352258 -0.049114 -0.000300787 -0.0435922 0.0184296 0.0191332 -0.0593745 0.0202186 0.0160801 0.0083796 -0.0150003 0.0015607
internal_weight=1305.64 120.509 31.432 1185.14 89.0766 48.3561 37.1014 1.89135 11.2547 40.7206 1183.9 5.84175 1178.06 575.813 573.308 569.503 254.365 134.27 16.6136 14.1985 315.138 9.65119 120.096 119.627 8.3151 118.235 99.5578 71.8307 22.521 117.656
internal_count=69400 6731 970 62669 5761 4564 1259 47 3305 1197 62437 10387 52050 18795 18745 18741 3306 749 257 242 15435 3077 2557 2534 3074 2451 2005 1194 540 492
is_linear=0
shrinkage=0.05


Tree=195
num_leaves=31
num_cat=0
split_feature=4 0 7 6 30 28 7 7 7 0 6 30 7 16 6 33 28 7 14 6 3 6 7 30 6 7 7 6 6 0
split_gain=6.96575 8.63359 6.55058 9.26079 8.18457 5.77612 7.36307 8.32072 8.26049 6.14949 6.12481 8.81966 9.06651 5.50458 5.32087 4.78286 4.2685 8.85803 4.0372 3.85705 3.62663 3.73188 4.84546 4.54997 5.61743 3.57647 3.20672 3.11618 6.53067 3.09478
threshold=1.0000000180025095e-35 1.0000000180025095e-35 0.29705882352941182 7.5000000000000009 1.0000000180025095e-35 1.0000000180025095e-35 0.44722222222222224 0.45804195804195807 0.41042780748663105 1.0000000180025095e-35 7.5000000000000009 1.0000000180025095e-35 0.30217391304347835 1.0000000180025095e-35 10.500000000000002 1.0000000180025095e-35 1.0000000180025095e-35 0.31789473684210529 1.0000000180025095e-35 8.5000000000000018 1.0000000180025095e-35 9.5000000000000018 0.29705882352941182 1.0000000180025095e-35 5.5000000000000009 0.14835164835164838 0.2834821428571429 2.5000000000000004 4.5000000000000009 1.0000000180025095e-35
decision_type=2 2 2 2 2 2 2 2 2 2 2 2 2 2 2 2 2 2 2 2 2 2 2 2 2 2 2 2 2 2
left_child=1 16 3 26 15 10 8 -8 20 -10 -2 12 -12 -4 29 18 -1 -18 25 -9 21 23 -23 27 -25 -5 -3 -7 -29 -14
right_child=5 2 13 4 -6 6 7 19 9 -11 11 -13 14 -15 -16 -17 17 -19 -20 -21 -22 22 -24 24 -26 -27 -28 28 -30 -31
leaf_value=-0.071198861501654429 0.0089961221934165576 0.0019867052637840268 0.0024374277062414289 0.016502023512147072 0.024509175769381011 0.051260438526542045 0.10079570691215788 0.030300719288682651 0.034819117037560063 -0.046625332683626008 0.0014848942744210294 0.022927342402807381 -0.093913354040653985 -0.10229548310878676 -0.080528222056153356 0.050771034592667179 0.029218855639710148 -0.082478908694511327 0.034744508866667509 -0.065070350699400634 -0.076380118530994273 -0.056499827221427802 0.030172197418490632 0.0079675391446336879 -0.11916501122417521 -0.059786977431481439 -0.010876474425522975 -0.067735281354383434 0.010529572907287982 -0.022975757539298741
leaf_weight=6.163210899388103 92.694075884682206 111.21661066295565 655.68684514382858 1.6395906235557181 5.1244991006024057 4.4989882048157588 4.4334384536487077 17.102230316017089 2.9631714797542346 10.439824281260371 30.790074333302073 16.377463236345648 1.6294779487943767 1.246782667492879 5.5999410620879635 1.2381788250058878 4.4894586171076298 2.9185560971900486 1.3318839417770494 1.1178483265794046 1.1409594257129345 1.6730464947067947 37.074276470691984 1.9891133713936135 1.5220511610368701 21.484801678299846 85.770638653542846 2.7073299077437687 135.92060651541215 26.607417666818947
leaf_count=49955 2017 1291 7651 6 36 45 51 217 233 50 605 301 509 20 352 7 910 1397 46 53 164 110 539 125 228 163 489 319 1488 107
internal_value=0.00153103 -0.000904485 -0.0002966 -0.00760292 -0.0330874 0.00705311 0.0123856 0.0394027 0.00932 -0.0285696 0.000216744 -0.00982328 -0.0181328 0.00223634 -0.035994 -0.044599 -0.0404677 -0.0147715 -0.0494666 0.0243895 0.0120466 0.0125977 0.0264033 0.00894472 -0.0471829 -0.0543514 -0.00361181 0.0103283 0.00899272 -0.0271189
internal_weight=1294.59 898.311 884.74 227.806 30.819 396.281 222.583 22.6535 199.929 13.403 173.698 81.0044 64.6269 656.934 33.8368 25.6945 13.5712 7.40801 24.4563 18.2201 186.526 185.385 38.7473 146.638 3.51116 23.1244 196.987 143.127 138.628 28.2369
internal_count=69484 61971 9709 2038 258 7513 3622 321 3301 283 3891 1874 1573 7671 968 222 52262 2307 215 270 3018 2854 649 2205 353 169 1780 1852 1807 616
is_linear=0
shrinkage=0.05


Tree=196
num_leaves=31
num_cat=0
split_feature=4 0 7 6 28 27 7 0 29 29 0 6 6 29 7 7 7 0 6 27 7 6 6 33 16 7 28 7 33 6
split_gain=6.31439 8.05332 5.90009 8.35445 5.2404 11.2688 16.8466 11.7768 10.1075 8.19116 7.86181 6.82419 11.2003 10.4032 6.76896 7.45341 7.24676 6.41856 8.18479 6.20279 5.53749 9.20979 6.00294 7.08039 5.13059 4.72475 4.08156 8.23419 3.92017 5.41323
threshold=1.0000000180025095e-35 1.0000000180025095e-35 0.29705882352941182 7.5000000000000009 1.0000000180025095e-35 1.0000000180025095e-35 0.39444444444444454 1.0000000180025095e-35 1.0000000180025095e-35 1.0000000180025095e-35 1.0000000180025095e-35 6.5000000000000009 11.500000000000002 1.0000000180025095e-35 0.44722222222222224 0.41042780748663105 0.45804195804195807 1.0000000180025095e-35 7.5000000000000009 1.0000000180025095e-35 0.31789473684210529 10.500000000000002 5.5000000000000009 1.0000000180025095e-35 1.0000000180025095e-35 0.30217391304347835 1.0000000180025095e-35 0.31789473684210529 1.0000000180025095e-35 6.5000000000000009
decision_type=2 2 2 2 2 2 2 2 2 2 2 2 2 2 2 2 2 2 2 2 2 2 2 2 2 2 2 2 2 2
left_child=1 26 3 -3 5 6 8 9 10 -7 25 13 17 -8 15 -6 -16 -13 -19 -17 22 28 23 -9 -4 -2 -1 -28 29 -22
right_child=4 2 24 -5 14 7 11 20 -10 -11 -12 12 -14 -15 16 19 -18 18 -20 -21 21 -23 -24 -25 -26 -27 27 -29 -30 -31
leaf_value=-0.070415522655006557 0.0066677943888301637 -0.0034230702716097185 0.0023175291021923896 -0.031415612466509341 0.011492053591668419 -0.10450515584233395 0.036755431813569182 0.013519102384509905 0.0058280008326237996 0.0434241094236332 -0.075670701020162823 0.049674934580238438 0.04783997806063895 -0.13222706137685789 0.0947310522021131 -0.00068466546609413995 0.023593478077134175 0.0013365516275557305 -0.10415367005556829 -0.070868247034836754 -0.020190560508528847 -0.097390050867175726 0.034911833333180139 -0.080941573313106432 -0.10038012373145691 -0.09160141118776978 0.028255258128375118 -0.080769022518881295 0.043305080052453961 0.016522701282902414
leaf_weight=5.9263111561938313 5.8193696414828109 197.40637158997561 655.14359754667112 30.818454419655609 185.71344250882703 3.5729250258664242 18.405000609425773 10.447712814435361 8.503433572276661 1.2547176754887912 17.353885752789211 1.3970916445487072 4.416124798848613 0.94740338932388013 4.4806914365035508 8.4118184089784318 17.897566209940123 2.8645718544721603 5.0773503789678216 5.0352538129664017 17.422934998292476 2.219752997159957 39.437993468716741 2.4374858271330586 1.2082103075917974 1.5359842407633548 4.4127683447031814 2.8336974016690419 6.292641930282115 23.663180389907211
leaf_count=49955 1094 1780 7651 258 3018 247 243 45 225 16 177 366 136 40 51 253 270 6 25 30 93 10 297 24 20 699 910 1397 62 86
internal_value=0.0014568 -0.000859847 -0.000281161 -0.00720646 0.00672841 0.000206357 -0.015976 0.0102652 -0.0411335 -0.0659443 -0.0573109 0.00925115 -0.0176447 0.028393 0.011821 0.008887 0.0378953 -0.0486818 -0.0660877 -0.0270352 0.013886 0.0019038 0.0252321 -0.00436011 0.0021262 -0.0138819 -0.0396521 -0.0143618 0.00658596 0.000940823
internal_weight=1292.36 897.749 884.577 228.225 394.608 173.07 66.3202 106.749 33.2127 4.82764 24.7092 33.1075 13.7551 19.3524 221.539 199.161 22.3783 9.33901 7.94192 13.4471 101.922 49.5985 52.3232 12.8852 656.352 7.35535 13.1728 7.24647 47.3788 41.0861
internal_count=69484 61971 9709 2038 7513 3891 3011 880 2195 263 1970 816 533 283 3622 3301 321 397 31 283 617 251 366 69 7671 1793 52262 2307 241 179
is_linear=0
shrinkage=0.05


Tree=197
num_leaves=31
num_cat=0
split_feature=4 0 28 27 6 30 0 0 30 29 6 6 30 6 6 27 6 6 28 6 6 6 6 6 27 6 6 31 6 8
split_gain=5.75596 7.5107 4.69987 10.3358 14.71 19.7024 10.8335 10.4274 7.63013 7.50168 4.50819 4.34203 7.93674 6.7316 4.79875 5.27595 5.01115 4.66267 3.90298 3.71416 3.66182 3.33753 2.72968 2.65447 2.58795 2.55346 2.6829 2.56009 2.33696 5.70709
threshold=1.0000000180025095e-35 1.0000000180025095e-35 1.0000000180025095e-35 1.0000000180025095e-35 6.5000000000000009 1.0000000180025095e-35 1.0000000180025095e-35 1.0000000180025095e-35 1.0000000180025095e-35 1.0000000180025095e-35 6.5000000000000009 9.5000000000000018 1.0000000180025095e-35 5.5000000000000009 11.500000000000002 1.0000000180025095e-35 16.500000000000004 10.500000000000002 1.0000000180025095e-35 8.5000000000000018 7.5000000000000009 7.5000000000000009 10.500000000000002 4.5000000000000009 1.0000000180025095e-35 2.5000000000000004 3.5000000000000004 1.0000000180025095e-35 8.5000000000000018 1.0000000180025095e-35
decision_type=2 2 2 2 2 2 2 2 2 2 2 2 2 2 2 2 2 2 2 2 2 2 2 2 2 2 2 2 2 2
left_child=1 18 3 4 8 7 9 22 23 -5 -8 12 25 -14 15 -13 -16 -17 -1 -7 -9 -12 -6 -2 -15 -4 -27 -28 -3 -30
right_child=2 28 11 6 5 19 10 20 -10 -11 21 14 13 24 16 17 -18 -19 -20 -21 -22 -23 -24 -25 -26 26 27 -29 29 -31
leaf_value=-0.069645423865472539 -0.056596767247354886 -0.0010881465917632665 0.046267860016114909 -0.10086127879640586 0.0076211140608621296 -0.067678632697727448 -9.6327776223900004e-05 -0.032265534520892689 -0.1042334657316214 0.042557579859982042 0.039676794724670283 0.047916035450840264 0.0067575266416905937 -0.066292194359332007 -0.062350818167694999 -0.01374401028516585 0.033686500434250609 0.035156871119950341 -0.013961382382613872 0.027522581572832008 -0.088977431843768509 0.014218378892617983 -0.074554245702347269 0.021692372259373545 -0.17569724967501199 -0.071813170379888436 0.0072933182079373132 0.034449919309093628 0.029272364674984699 -0.00032118253619325694
leaf_weight=5.6981517898718703 1.1187966317083979 802.79839330437244 4.5488030304040867 3.5186390827802816 5.6800374186350409 1.1223496494894778 38.170705225784332 3.5300413891673115 1.3239322496137891 1.217413259182649 18.287523914128542 21.373256409187888 1.9868870128284459 1.1658490017543954 3.0041766883541632 9.2667183917947114 2.4569739647722599 10.243032115773531 7.0899617801180739 10.568505997819555 15.728562243399208 43.887429537717253 1.2174073063897592 25.122367153127925 1.0676355608411541 1.0271060207633116 155.6758934151585 9.1954198494076973 22.416319479256344 59.435373847125447
leaf_count=49955 300 8603 151 247 1077 127 241 10 208 16 165 461 148 282 281 51 18 26 2307 188 115 211 375 611 11 201 1962 30 146 960
internal_value=0.00138867 -0.000817726 0.0064475 0.000207127 -0.015392 -0.0356271 0.00992269 -0.0597432 0.0123754 -0.0638778 0.0134169 0.011259 0.00764407 -0.0599931 0.024868 0.0307526 -0.0190696 0.0119092 -0.0388473 0.0182903 -0.0786304 0.0217197 -0.00689749 0.0183152 -0.119362 0.00932516 0.00830648 0.00881296 -0.000266989 0.00777993
internal_weight=1288.94 897.438 391.505 170.494 65.412 37.8469 105.082 26.156 27.5651 4.73605 100.346 221.012 174.668 4.22037 46.3442 40.883 5.46115 19.5098 12.7881 11.6909 19.2586 62.175 6.89744 26.2412 2.23348 170.447 165.898 164.871 884.65 81.8517
internal_count=69484 61971 7513 3891 3011 1892 880 1577 1119 263 617 3622 2785 441 837 538 299 77 52262 315 125 376 1452 911 293 2344 2193 1992 9709 1106
is_linear=0
shrinkage=0.05


Tree=198
num_leaves=31
num_cat=0
split_feature=4 7 6 30 8 7 28 27 7 29 7 7 7 7 6 30 29 6 27 33 6 33 7 29 6 33 6 6 7 3
split_gain=5.23397 4.95114 6.32023 6.31435 4.44016 5.66182 4.23141 9.46303 14.9226 8.79359 6.27978 6.1569 6.43847 5.96176 5.73261 11.8318 8.74535 6.69947 5.37479 4.96727 4.83519 6.10773 4.01522 3.84382 5.9974 3.64142 3.62858 3.55882 3.39376 3.26107
threshold=1.0000000180025095e-35 0.29705882352941182 7.5000000000000009 1.0000000180025095e-35 1.0000000180025095e-35 0.2834821428571429 1.0000000180025095e-35 1.0000000180025095e-35 0.39444444444444454 1.0000000180025095e-35 0.31789473684210529 0.44722222222222224 0.41042780748663105 0.45804195804195807 6.5000000000000009 1.0000000180025095e-35 1.0000000180025095e-35 7.5000000000000009 1.0000000180025095e-35 1.0000000180025095e-35 5.5000000000000009 1.0000000180025095e-35 0.2834821428571429 1.0000000180025095e-35 10.500000000000002 1.0000000180025095e-35 9.5000000000000018 8.5000000000000018 0.18465909090909094 1.0000000180025095e-35
decision_type=2 2 2 2 2 2 2 2 2 2 2 2 2 2 2 2 2 2 2 2 2 2 2 2 2 2 2 2 2 2
left_child=1 2 4 25 5 -1 7 8 9 -2 20 12 29 -13 16 17 -10 -16 -14 23 21 28 -6 24 -12 -4 -11 -15 -9 -8
right_child=6 -3 3 -5 22 -7 11 10 14 26 19 13 18 27 15 -17 -18 -19 -20 -21 -22 -23 -24 -25 -26 -27 -28 -29 -30 -31
leaf_value=-0.085528446268667263 -0.05439168361789927 0.0014334481225831469 -0.040208225160416999 0.023253382137950196 0.0046734328807837219 -0.01279872377593448 0.010889837427089776 -0.074595078577252075 0.034839241489046428 0.015868248560276087 -0.0096902653433735692 0.087021424149869381 -0.00052536466359841738 0.028351688108352133 0.0028702771768094079 0.038385517293830523 -0.11766849445475831 -0.092985362243568515 -0.065567748449724045 0.039374814874477686 0.030912178174921357 -0.0737910099053945 -0.010215406759690345 0.023283245269906116 -0.091316831647680424 0.045596203428770188 -0.095502460720679805 -0.064454733716725318 0.021900796617172952 -0.074442050827007597
leaf_weight=3.4913189220740124 23.840974224360252 662.5350824383811 27.228568758544501 5.2524394890442627 108.42235476151109 11.473952235200159 183.59949964846328 0.9972867328178826 17.963774106545319 7.5811736031791934 35.904431965311232 4.5099796366121181 8.3264536813330761 16.520841104465948 2.9356429579420347 5.7441585450033017 0.98094682855662441 4.7537017982995167 5.1408767743851049 6.2006547307537394 38.348262762319791 2.5389379624975836 77.721859305165708 7.9798368003539499 2.3936260413320261 1.2818443971882505 0.79886310355050216 1.0895195950724872 9.4119039364995825 1.1152138871293562
leaf_count=8137 1970 48905 1046 292 1154 1966 2854 67 243 178 202 51 253 217 80 101 40 352 30 65 345 25 459 90 31 12 47 53 55 164
internal_value=0.0013215 -0.000777198 -0.00701498 -0.0270318 -0.00365083 -0.0298454 0.00616833 0.000197761 -0.0148217 -0.0389092 0.00955262 0.0107291 0.00793222 0.0357493 0.00913808 -0.0158161 0.0268582 -0.0563684 -0.0254213 -0.00259941 0.0219925 -0.00438953 -0.00154072 -0.00824152 -0.0148275 -0.0363182 0.00509059 0.0225482 0.012545 0.0103679
internal_weight=1286.08 897.407 234.872 33.7629 201.109 14.9653 388.677 168.374 64.5992 32.221 103.775 220.302 198.182 22.1203 32.3782 13.4335 18.9447 7.68934 13.4673 52.4785 51.2964 12.9481 186.144 46.2779 38.2981 28.5104 8.38004 17.6104 10.4092 184.715
internal_count=69484 61971 13066 1350 11716 10103 7513 3891 3011 2195 880 3622 3301 321 816 533 283 432 283 388 492 147 1613 323 233 1058 225 270 122 3018
is_linear=0
shrinkage=0.05


Tree=199
num_leaves=31
num_cat=0
split_feature=4 0 7 6 8 6 28 7 28 27 7 0 29 0 29 7 7 0 27 7 6 6 29 0 6 7 6 6 7 32
split_gain=4.76353 6.67543 4.78719 6.80109 4.53879 8.22903 3.91638 7.86263 3.80651 8.64369 13.5339 9.95695 7.97074 7.39862 6.76423 5.68106 5.78464 5.43743 8.8008 5.30512 5.24822 9.09099 7.88258 5.0025 6.81377 4.82728 7.76684 5.2744 4.35607 3.70648
threshold=1.0000000180025095e-35 1.0000000180025095e-35 0.29705882352941182 7.5000000000000009 1.0000000180025095e-35 5.5000000000000009 1.0000000180025095e-35 0.31789473684210529 1.0000000180025095e-35 1.0000000180025095e-35 0.39444444444444454 1.0000000180025095e-35 1.0000000180025095e-35 1.0000000180025095e-35 1.0000000180025095e-35 0.44722222222222224 0.41042780748663105 1.0000000180025095e-35 1.0000000180025095e-35 0.45804195804195807 6.5000000000000009 11.500000000000002 1.0000000180025095e-35 1.0000000180025095e-35 7.5000000000000009 0.31789473684210529 10.500000000000002 5.5000000000000009 0.30217391304347835 1.0000000180025095e-35
decision_type=2 2 2 2 2 2 2 2 2 2 2 2 2 2 2 2 2 2 2 2 2 2 2 2 2 2 2 2 2 2
left_child=1 6 3 -3 5 -4 -1 -8 9 10 12 14 13 28 -11 16 29 -18 -19 -17 22 23 -12 -22 -25 27 -27 -13 -2 -10
right_child=8 2 4 -5 -6 -7 7 -9 15 11 20 25 -14 -15 -16 19 17 18 -20 -21 21 -23 -24 24 -26 26 -28 -29 -30 -31
leaf_value=-0.068837718192704608 0.0087847117578075725 -0.0030229454794170538 -0.069708239738283301 -0.028150724709492037 0.0009531951794665253 0.025804840366944651 0.028796847125998032 -0.078905072650015395 0.010710207548630356 -0.097521133800678325 0.03360415732490768 -0.0039318867757035343 0.0048583251913602993 -0.070683045262888489 0.041394076245902203 0.082748897012425243 0.035257356892992822 -0.0058281354991515941 -0.10028859623615008 0.021795552006562517 0.048639377582040219 0.047199906422138962 -0.11033101288132774 0.0026886582855128473 -0.093216008807062808 0.0057558367820370803 -0.09078079932428941 0.033359405253248625 -0.087452204638724523 -0.050601948345847192
leaf_weight=5.4385838418597796 5.913970739756226 198.03416169946649 2.4074787572362757 31.170612472145876 619.91740462871348 33.185723662281816 4.4087401406809477 2.7362200102984389 181.71247031848634 3.4551804462298596 17.700006556264277 12.791976269334553 8.3267409133832171 16.351791860652156 1.1607607826117599 4.5062411906837978 3.0098644947574913 6.6968169654719532 3.9055871996097267 17.311104843920475 1.2746722073552499 4.0286499198518859 0.9941609284869618 2.9309193603694439 4.9727215068414807 46.571810325141996 2.1709230989217749 36.360205536708236 1.4554927483932258 2.4864111412316552
leaf_count=49955 1094 1780 1006 258 6481 184 910 1397 2736 247 243 69 225 177 16 51 233 29 21 270 366 136 40 6 25 241 10 297 699 282
internal_value=0.00125942 -0.000738255 -0.000223154 -0.00644345 0.00195113 0.0193126 -0.036885 -0.0124312 0.00590337 0.000197551 -0.0142236 0.00919928 -0.0371707 -0.0519408 -0.0624664 0.0102254 0.00755055 -0.0238803 -0.0407332 0.0344401 0.00881783 -0.0152798 0.025868 -0.0427801 -0.0576299 0.0125896 0.00142826 0.0236453 -0.0102474 0.00987717
internal_weight=1283.39 897.299 884.715 229.205 655.511 35.5932 12.5835 7.14496 386.088 166.46 63.9491 102.511 32.048 23.7213 4.61594 219.628 197.811 13.6123 10.6024 21.8173 31.9011 13.207 18.6942 9.17831 7.90364 97.8949 48.7427 49.1522 7.36946 184.199
internal_count=69484 61971 9709 2038 7671 1190 52262 2307 7513 3891 3011 880 2195 1970 263 3622 3301 283 50 321 816 533 283 397 31 617 251 366 1793 3018
is_linear=0
shrinkage=0.05


end of trees

feature_importances:
vowel_ratio=1163
char_length=1092
next_is_capitalized=367
has_location_context=334
prev_is_capitalized=328
word_shape_Xxxxx=302
has_person_context=282
has_punctuation=272
position_end=198
is_capitalized=193
position_start=183
is_any_name=155
is_stop_word=133
has_org_context=121
is_all_lower=120
is_all_caps=116
is_first_name=94
is_last_name=87
is_city=83
is_company_suffix=72
has_digits=67
is_known_company=54
has_hyphen=53
prev_is_title=48
is_country=37
word_shape_xxxxx=28
word_shape_XXXXX=16
looks_like_currency=2

parameters:
[boosting: gbdt]
[objective: binary]
[metric: binary_logloss]
[tree_learner: serial]
[device_type: cpu]
[data_sample_strategy: bagging]
[data: ]
[valid: ]
[num_iterations: 200]
[learning_rate: 0.05]
[num_leaves: 31]
[num_threads: 4]
[seed: 0]
[deterministic: 0]
[force_col_wise: 0]
[force_row_wise: 0]
[histogram_pool_size: -1]
[max_depth: -1]
[min_data_in_leaf: 10]
[min_sum_hessian_in_leaf: 0.001]
[bagging_fraction: 0.8]
[pos_bagging_fraction: 1]
[neg_bagging_fraction: 1]
[bagging_freq: 5]
[bagging_seed: 3]
[bagging_by_query: 0]
[feature_fraction: 0.8]
[feature_fraction_bynode: 1]
[feature_fraction_seed: 2]
[extra_trees: 0]
[extra_seed: 6]
[early_stopping_round: 0]
[early_stopping_min_delta: 0]
[first_metric_only: 0]
[max_delta_step: 0]
[lambda_l1: 0.01]
[lambda_l2: 0.01]
[linear_lambda: 0]
[min_gain_to_split: 0]
[drop_rate: 0.1]
[max_drop: 50]
[skip_drop: 0.5]
[xgboost_dart_mode: 0]
[uniform_drop: 0]
[drop_seed: 4]
[top_rate: 0.2]
[other_rate: 0.1]
[min_data_per_group: 100]
[max_cat_threshold: 32]
[cat_l2: 10]
[cat_smooth: 10]
[max_cat_to_onehot: 4]
[top_k: 20]
[monotone_constraints: ]
[monotone_constraints_method: basic]
[monotone_penalty: 0]
[feature_contri: ]
[forcedsplits_filename: ]
[refit_decay_rate: 0.9]
[cegb_tradeoff: 1]
[cegb_penalty_split: 0]
[cegb_penalty_feature_lazy: ]
[cegb_penalty_feature_coupled: ]
[path_smooth: 0]
[interaction_constraints: ]
[verbosity: -1]
[saved_feature_importance_type: 0]
[use_quantized_grad: 0]
[num_grad_quant_bins: 4]
[quant_train_renew_leaf: 0]
[stochastic_rounding: 1]
[linear_tree: 0]
[max_bin: 255]
[max_bin_by_feature: ]
[min_data_in_bin: 3]
[bin_construct_sample_cnt: 200000]
[data_random_seed: 1]
[is_enable_sparse: 1]
[enable_bundle: 1]
[use_missing: 1]
[zero_as_missing: 0]
[feature_pre_filter: 1]
[pre_partition: 0]
[two_round: 0]
[header: 0]
[label_column: ]
[weight_column: ]
[group_column: ]
[ignore_column: ]
[categorical_feature: ]
[forcedbins_filename: ]
[precise_float_parser: 0]
[parser_config_file: ]
[objective_seed: 5]
[num_class: 1]
[is_unbalance: 0]
[scale_pos_weight: 16.8405]
[sigmoid: 1]
[boost_from_average: 1]
[reg_sqrt: 0]
[alpha: 0.9]
[fair_c: 1]
[poisson_max_delta_step: 0.7]
[tweedie_variance_power: 1.5]
[lambdarank_truncation_level: 30]
[lambdarank_norm: 1]
[label_gain: ]
[lambdarank_position_bias_regularization: 0]
[eval_at: ]
[multi_error_top_k: 1]
[auc_mu_weights: ]
[num_machines: 1]
[local_listen_port: 12400]
[time_out: 120]
[machine_list_filename: ]
[machines: ]
[gpu_platform_id: -1]
[gpu_device_id: -1]
[gpu_use_dp: 0]
[num_gpu: 1]

end of parameters

pandas_categorical:null
